id;term;type;vocab;ref_id;source;created_at;updated_at
019adaf1-de95-73a1-bc99-e97e6052a091;Arquitetura;otherTopic;VCAA;1;NULL;"2025-12-01 14:24:35";"2025-12-01 14:24:35"
019adaf1-df27-7099-a388-23fa812b6648;"Planejamento territorial urbano";otherTopic;VCAA;2504;NULL;"2025-12-01 14:24:35";"2025-12-01 14:24:35"
019adaf1-e0c5-7324-9872-c6d4fa8fc489;"arte (disciplina)";otherTopic;VCAA;3033;NULL;"2025-12-01 14:24:36";"2025-12-01 14:24:36"
019adaf1-e13c-7348-a118-57653cf48e42;"arte educação";otherTopic;VCAA;2907;NULL;"2025-12-01 14:24:36";"2025-12-01 14:24:36"
019adaf1-e1a8-729a-9247-035607601281;arte-terapia;otherTopic;VCAA;3101;NULL;"2025-12-01 14:24:36";"2025-12-01 14:24:36"
019adaf1-e215-707d-bf68-ee419a0606f2;"artes (gênero)";otherTopic;VCAA;3128;NULL;"2025-12-01 14:24:36";"2025-12-01 14:24:36"
019adaf1-e281-729a-acb9-0f0d97194e37;artistas;otherTopic;VCAA;1698;NULL;"2025-12-01 14:24:36";"2025-12-01 14:24:36"
019adaf1-e2ee-7200-92b6-52275fb2cf9a;epigrafia;otherTopic;VCAA;3554;NULL;"2025-12-01 14:24:36";"2025-12-01 14:24:36"
019adaf1-e35b-70a1-a41b-c411a4b19598;"estilos (arte)";otherTopic;VCAA;2488;NULL;"2025-12-01 14:24:36";"2025-12-01 14:24:36"
019adaf1-e3c8-7037-b217-be35c35cdc58;"história da arte";otherTopic;VCAA;2727;NULL;"2025-12-01 14:24:36";"2025-12-01 14:24:36"
019adaf1-e435-71b9-afcb-1808e4675725;iconografia;otherTopic;VCAA;4252;NULL;"2025-12-01 14:24:37";"2025-12-01 14:24:37"
019adaf1-e4a3-7311-8624-e6a904014492;iconologia;otherTopic;VCAA;4238;NULL;"2025-12-01 14:24:37";"2025-12-01 14:24:37"
019adaf1-e50e-7229-a5ce-9b73dac5a687;"meios de expressão";otherTopic;VCAA;1697;NULL;"2025-12-01 14:24:37";"2025-12-01 14:24:37"
019adaf1-e57c-7047-8b27-6845ebd66cc2;"mercado de arte";otherTopic;VCAA;4562;NULL;"2025-12-01 14:24:37";"2025-12-01 14:24:37"
019adaf1-e5e9-737d-8f1b-743130cb42f8;"movimentos (arte)";otherTopic;VCAA;2731;NULL;"2025-12-01 14:24:37";"2025-12-01 14:24:37"
019adaf1-e656-70c3-990c-641041e5af38;numismática;otherTopic;VCAA;4522;NULL;"2025-12-01 14:24:37";"2025-12-01 14:24:37"
019adaf1-e6c4-7335-84d0-005f82b36164;"Obras (criações)";otherTopic;VCAA;6175;NULL;"2025-12-01 14:24:37";"2025-12-01 14:24:37"
019adaf1-e731-72f7-89c8-b26982a0968e;"processos e técnicas";otherTopic;VCAA;7244;NULL;"2025-12-01 14:24:37";"2025-12-01 14:24:37"
019adaf1-e79d-73a1-80dd-67e0d87bcc7f;"teoria da arte";otherTopic;VCAA;2729;NULL;"2025-12-01 14:24:37";"2025-12-01 14:24:37"
019adaf1-e94c-70c8-ae25-af92197d2c95;conservação;otherTopic;VCAA;32;NULL;"2025-12-01 14:24:38";"2025-12-01 14:24:38"
019adaf1-e9c0-7078-9901-cb54e5f6f315;restauro;otherTopic;VCAA;36;NULL;"2025-12-01 14:24:38";"2025-12-01 14:24:38"
019adaf1-ea2e-7325-a6b7-48072fef0a6d;ruínas;otherTopic;VCAA;1051;NULL;"2025-12-01 14:24:38";"2025-12-01 14:24:38"
019adaf1-ebdb-7077-aa7f-209b48d04187;"materiais artísticos";otherTopic;VCAA;4550;NULL;"2025-12-01 14:24:39";"2025-12-01 14:24:39"
019adaf1-ec4d-70db-acf0-d13c9144690b;"materiais de construção";otherTopic;VCAA;2385;NULL;"2025-12-01 14:24:39";"2025-12-01 14:24:39"
019adaf1-ecbb-7269-b26f-c9702c053338;"materiais e ligas metálicas";otherTopic;VCAA;1248;NULL;"2025-12-01 14:24:39";"2025-12-01 14:24:39"
019adaf1-ed28-7342-b65d-20b7bd5428aa;"materiais minerais e rochosos";otherTopic;VCAA;1691;NULL;"2025-12-01 14:24:39";"2025-12-01 14:24:39"
019adaf1-ed97-7194-9bc3-271a26b65f8a;"materiais não metálicos";otherTopic;VCAA;2455;NULL;"2025-12-01 14:24:39";"2025-12-01 14:24:39"
019adaf1-ee04-70f5-b395-ecc94ad5090d;"materiais orgânicos";otherTopic;VCAA;3566;NULL;"2025-12-01 14:24:39";"2025-12-01 14:24:39"
019adaf1-ee71-7207-b7be-ddf37346b55f;"materiais recicláveis";otherTopic;VCAA;2456;NULL;"2025-12-01 14:24:39";"2025-12-01 14:24:39"
019adaf1-f030-7189-ba56-f79faef15903;"cristo redentor";otherTopic;VCAA;7622;NULL;"2025-12-01 14:24:40";"2025-12-01 14:24:40"
019adaf1-f1df-72f8-8359-7b2cf80fda3a;antropologia;otherTopic;VCAA;2663;NULL;"2025-12-01 14:24:40";"2025-12-01 14:24:40"
019adaf1-f256-71a0-a12b-5c75bf3bd3a9;arqueologia;otherTopic;VCAA;2715;NULL;"2025-12-01 14:24:40";"2025-12-01 14:24:40"
019adaf1-f2c4-7187-bed7-67cedf5fe11a;"automatismo (psicologia)";otherTopic;VCAA;6346;NULL;"2025-12-01 14:24:40";"2025-12-01 14:24:40"
019adaf1-f331-7153-82ab-cf9121293c72;barreiras;otherTopic;VCAA;3190;NULL;"2025-12-01 14:24:40";"2025-12-01 14:24:40"
019adaf1-f39d-736a-813b-31d549363f80;"ciência da informação";otherTopic;VCAA;3743;NULL;"2025-12-01 14:24:40";"2025-12-01 14:24:40"
019adaf1-f409-71ca-a01f-580bb6e87ea0;ciências;otherTopic;VCAA;3311;NULL;"2025-12-01 14:24:41";"2025-12-01 14:24:41"
019adaf1-f476-7124-ad5c-2c2019ff11c8;"ciências da computação";otherTopic;VCAA;7594;NULL;"2025-12-01 14:24:41";"2025-12-01 14:24:41"
019adaf1-f4e3-72ef-ac96-b76000d49432;"ciências sociais";otherTopic;VCAA;5159;NULL;"2025-12-01 14:24:41";"2025-12-01 14:24:41"
019adaf1-f550-72f4-9375-146b69fa7e9d;comunicação;otherTopic;VCAA;7583;NULL;"2025-12-01 14:24:41";"2025-12-01 14:24:41"
019adaf1-f5bf-7083-8c28-cb480e386d10;cultura;otherTopic;VCAA;3433;NULL;"2025-12-01 14:24:41";"2025-12-01 14:24:41"
019adaf1-f62c-72c1-beca-dfe7e46c6882;diplomática;otherTopic;VCAA;3953;NULL;"2025-12-01 14:24:41";"2025-12-01 14:24:41"
019adaf1-f69c-723f-bf43-3585fa630db4;direito;otherTopic;VCAA;7581;NULL;"2025-12-01 14:24:41";"2025-12-01 14:24:41"
019adaf1-f708-724a-90b2-565ade7a9593;ecologia;otherTopic;VCAA;7582;NULL;"2025-12-01 14:24:41";"2025-12-01 14:24:41"
019adaf1-f775-715a-b544-b8e889ae9c3e;economia;otherTopic;VCAA;3497;NULL;"2025-12-01 14:24:41";"2025-12-01 14:24:41"
019adaf1-f7e4-7151-b89c-0b31daf6108c;educação;otherTopic;VCAA;3500;NULL;"2025-12-01 14:24:42";"2025-12-01 14:24:42"
019adaf1-f852-735b-8917-88997a31e7a4;estatística;otherTopic;VCAA;3677;NULL;"2025-12-01 14:24:42";"2025-12-01 14:24:42"
019adaf1-f8bf-70ca-9967-6cf20f913811;filosofia;otherTopic;VCAA;3899;NULL;"2025-12-01 14:24:42";"2025-12-01 14:24:42"
019adaf1-f92c-729b-99e2-3c3ebdc057b4;folclore;otherTopic;VCAA;3907;NULL;"2025-12-01 14:24:42";"2025-12-01 14:24:42"
019adaf1-f998-70ff-b631-0827cfc7f47a;futebol;otherTopic;VCAA;3948;NULL;"2025-12-01 14:24:42";"2025-12-01 14:24:42"
019adaf1-fa06-72bb-8020-eccbb73997b2;geografia;otherTopic;VCAA;4164;NULL;"2025-12-01 14:24:42";"2025-12-01 14:24:42"
019adaf1-fa74-702f-be02-ffe676f7501f;"história (disciplina)";otherTopic;VCAA;2490;NULL;"2025-12-01 14:24:42";"2025-12-01 14:24:42"
019adaf1-fae3-71e6-9247-a73922f7d544;linguística;otherTopic;VCAA;4362;NULL;"2025-12-01 14:24:42";"2025-12-01 14:24:42"
019adaf1-fb51-7273-80b6-2343c2108b80;museologia;otherTopic;VCAA;4476;NULL;"2025-12-01 14:24:42";"2025-12-01 14:24:42"
019adaf1-fbbf-7296-8e18-1b9a44ded9ab;"prevenção de incêndios";otherTopic;VCAA;5091;NULL;"2025-12-01 14:24:43";"2025-12-01 14:24:43"
019adaf1-fc2e-71c5-a9e2-dcdcef004297;psicologia;otherTopic;VCAA;7574;NULL;"2025-12-01 14:24:43";"2025-12-01 14:24:43"
019adaf1-fc9c-72df-bfd8-941a353f4306;religião;otherTopic;VCAA;5121;NULL;"2025-12-01 14:24:43";"2025-12-01 14:24:43"
019adaf1-fd0a-73c6-ab22-fd5e45823bec;sombras;otherTopic;VCAA;4905;NULL;"2025-12-01 14:24:43";"2025-12-01 14:24:43"
019adaf1-fd78-7253-a286-e8ae8d27f98e;"tecnologia da informação";otherTopic;VCAA;5260;NULL;"2025-12-01 14:24:43";"2025-12-01 14:24:43"
019adaf1-fde6-728b-834e-a545b69e8076;toque;otherTopic;VCAA;5198;NULL;"2025-12-01 14:24:43";"2025-12-01 14:24:43"
019adaf1-fe54-71b3-9ede-5e85d0654c45;turismo;otherTopic;VCAA;7593;NULL;"2025-12-01 14:24:43";"2025-12-01 14:24:43"
019adaf1-fec2-73ed-bd25-cb917b400767;velhice;otherTopic;VCAA;5226;NULL;"2025-12-01 14:24:43";"2025-12-01 14:24:43"
019adaf2-006a-7372-a584-e37140dd2d39;acrobatas;otherTopic;VCAA;7497;NULL;"2025-12-01 14:24:44";"2025-12-01 14:24:44"
019adaf2-00d8-71f7-bd6b-d8415bc8e6e5;alcoólatras;otherTopic;VCAA;2666;NULL;"2025-12-01 14:24:44";"2025-12-01 14:24:44"
019adaf2-0145-72d4-929a-921b717d7bf1;arquitetos;otherTopic;VCAA;7634;NULL;"2025-12-01 14:24:44";"2025-12-01 14:24:44"
019adaf2-01b1-73df-aee8-254ed08f6510;carpinteiros;otherTopic;VCAA;7636;NULL;"2025-12-01 14:24:44";"2025-12-01 14:24:44"
019adaf2-021e-7098-9385-41e92b38aa4d;colecionadores;otherTopic;VCAA;3770;NULL;"2025-12-01 14:24:44";"2025-12-01 14:24:44"
019adaf2-028a-719d-abdd-5b3eee0affa6;crianças;otherTopic;VCAA;3372;NULL;"2025-12-01 14:24:44";"2025-12-01 14:24:44"
019adaf2-02f7-732f-9299-7ef9c1bd2cb9;"críticos de arte";otherTopic;VCAA;5889;NULL;"2025-12-01 14:24:44";"2025-12-01 14:24:44"
019adaf2-0365-702b-bfae-39662ab3dcc9;desenhistas;otherTopic;VCAA;3458;NULL;"2025-12-01 14:24:45";"2025-12-01 14:24:45"
019adaf2-03d3-730c-8ecd-1cb63957ad16;educadores;otherTopic;VCAA;3975;NULL;"2025-12-01 14:24:45";"2025-12-01 14:24:45"
019adaf2-0440-7071-8236-ae20599a953e;empresários;otherTopic;VCAA;3511;NULL;"2025-12-01 14:24:45";"2025-12-01 14:24:45"
019adaf2-04ab-7392-ac6b-b5101c7efc52;escultores;otherTopic;VCAA;4004;NULL;"2025-12-01 14:24:45";"2025-12-01 14:24:45"
019adaf2-051b-720c-8831-3a0e13694fb9;fotógrafos;otherTopic;VCAA;3933;NULL;"2025-12-01 14:24:45";"2025-12-01 14:24:45"
019adaf2-0589-71c1-8316-1a97f6738b3a;gravadores;otherTopic;VCAA;4172;NULL;"2025-12-01 14:24:45";"2025-12-01 14:24:45"
019adaf2-05f5-73d2-a649-139885d371bd;idosos;otherTopic;VCAA;4257;NULL;"2025-12-01 14:24:45";"2025-12-01 14:24:45"
019adaf2-0662-728c-a2ec-d04286272a61;ilustradores;otherTopic;VCAA;4266;NULL;"2025-12-01 14:24:45";"2025-12-01 14:24:45"
019adaf2-06cf-71fd-8324-0b23c3e19682;imigrantes;otherTopic;VCAA;4313;NULL;"2025-12-01 14:24:45";"2025-12-01 14:24:45"
019adaf2-073d-7262-8ed0-ac1724340d6e;intelectuais;otherTopic;VCAA;4333;NULL;"2025-12-01 14:24:46";"2025-12-01 14:24:46"
019adaf2-07ab-72ca-820a-c2c2a67aca63;jesuítas;otherTopic;VCAA;4301;NULL;"2025-12-01 14:24:46";"2025-12-01 14:24:46"
019adaf2-0817-7179-b1ab-9b800d6acb8c;miseráveis;otherTopic;VCAA;4445;NULL;"2025-12-01 14:24:46";"2025-12-01 14:24:46"
019adaf2-0884-70aa-9674-1a20b50a95e2;mulheres;otherTopic;VCAA;4585;NULL;"2025-12-01 14:24:46";"2025-12-01 14:24:46"
019adaf2-08f2-7155-b20d-c824747f59b8;museólogos;otherTopic;VCAA;4591;NULL;"2025-12-01 14:24:46";"2025-12-01 14:24:46"
019adaf2-0961-7083-b976-c9c247e7230f;náufragos;otherTopic;VCAA;4622;NULL;"2025-12-01 14:24:46";"2025-12-01 14:24:46"
019adaf2-09d0-706e-abe1-7d95f6992fe3;"nomes pessoais";otherTopic;VCAA;4708;NULL;"2025-12-01 14:24:46";"2025-12-01 14:24:46"
019adaf2-0a3d-71f2-bbd2-4dbbcb74267e;oleiros;otherTopic;VCAA;4723;NULL;"2025-12-01 14:24:46";"2025-12-01 14:24:46"
019adaf2-0aaa-7179-9faa-c2a03a4ad0c2;ouríves;otherTopic;VCAA;6183;NULL;"2025-12-01 14:24:46";"2025-12-01 14:24:46"
019adaf2-0b17-71d6-88d2-a3bc143181e8;pedreiros;otherTopic;VCAA;7635;NULL;"2025-12-01 14:24:46";"2025-12-01 14:24:46"
019adaf2-0b85-71d0-872a-8630237756d7;"pessoas escravizadas";otherTopic;VCAA;4002;NULL;"2025-12-01 14:24:47";"2025-12-01 14:24:47"
019adaf2-0bf3-731a-87de-e9739e8cc48b;"povos originários";otherTopic;VCAA;4277;NULL;"2025-12-01 14:24:47";"2025-12-01 14:24:47"
019adaf2-0c60-7008-ab16-02ef303c9a50;prostitutas;otherTopic;VCAA;4832;NULL;"2025-12-01 14:24:47";"2025-12-01 14:24:47"
019adaf2-0ccd-73e3-9b1f-50d0b9ebbeee;restauradores;otherTopic;VCAA;4863;NULL;"2025-12-01 14:24:47";"2025-12-01 14:24:47"
019adaf2-0d3a-72dd-b307-66cda1f39219;serralheiros;otherTopic;VCAA;7637;NULL;"2025-12-01 14:24:47";"2025-12-01 14:24:47"
019adaf2-0da9-70c6-bc9e-090c9f81e8ca;sertanejos;otherTopic;VCAA;5148;NULL;"2025-12-01 14:24:47";"2025-12-01 14:24:47"
019adaf2-0e16-725f-8bc0-0d6900e63a5e;sobrinhos;otherTopic;VCAA;4897;NULL;"2025-12-01 14:24:47";"2025-12-01 14:24:47"
019adaf2-0e84-73f0-8139-99eaef8de79e;suiços;otherTopic;VCAA;4910;NULL;"2025-12-01 14:24:47";"2025-12-01 14:24:47"
019adaf2-0ef1-70de-81d1-242ee4ac8382;viajantes;otherTopic;VCAA;5002;NULL;"2025-12-01 14:24:47";"2025-12-01 14:24:47"
019adaf2-0f60-726d-8322-15a6dea47966;viúvos;otherTopic;VCAA;5011;NULL;"2025-12-01 14:24:48";"2025-12-01 14:24:48"
019adaf2-1140-7278-b9eb-96f971c917fb;"equipamentos, instrumentos e ferramentas";otherTopic;VCAA;3305;NULL;"2025-12-01 14:24:48";"2025-12-01 14:24:48"
019adaf2-11b4-70b8-a49e-472f9cda5811;"estilos (arquitetura)";otherTopic;VCAA;1870;NULL;"2025-12-01 14:24:48";"2025-12-01 14:24:48"
019adaf2-1221-71ff-ba93-8c52162159e1;forma;otherTopic;VCAA;2;NULL;"2025-12-01 14:24:48";"2025-12-01 14:24:48"
019adaf2-128d-72de-91bd-a1a7b63250af;função;otherTopic;VCAA;3;NULL;"2025-12-01 14:24:48";"2025-12-01 14:24:48"
019adaf2-12fb-729c-8b9a-0fef64e12b09;"história da arquitetura";otherTopic;VCAA;2483;NULL;"2025-12-01 14:24:49";"2025-12-01 14:24:49"
019adaf2-1368-704e-8fc0-5bdc6679dfa8;técnicas;otherTopic;VCAA;4;NULL;"2025-12-01 14:24:49";"2025-12-01 14:24:49"
019adaf2-13d5-7083-9458-cc7a1a4a4cdd;teoria;otherTopic;VCAA;6822;NULL;"2025-12-01 14:24:49";"2025-12-01 14:24:49"
019adaf2-1570-7192-85a3-b47473e76723;"aglomerações urbanas";otherTopic;VCAA;5024;NULL;"2025-12-01 14:24:49";"2025-12-01 14:24:49"
019adaf2-15e2-71ef-b865-9a9753d291af;"ambientes urbanos";otherTopic;VCAA;3641;NULL;"2025-12-01 14:24:49";"2025-12-01 14:24:49"
019adaf2-1650-704e-bfea-05f3692ee266;"assentamento urbano";otherTopic;VCAA;5025;NULL;"2025-12-01 14:24:49";"2025-12-01 14:24:49"
019adaf2-16be-7323-8ae5-5387779b444f;cidades;otherTopic;VCAA;4701;NULL;"2025-12-01 14:24:49";"2025-12-01 14:24:49"
019adaf2-172b-72dc-bdc6-3981c50b26a3;"circulação urbana";otherTopic;VCAA;2512;NULL;"2025-12-01 14:24:50";"2025-12-01 14:24:50"
019adaf2-1799-7150-8f5b-cc5ca1d567c8;"desenho urbano";otherTopic;VCAA;3636;NULL;"2025-12-01 14:24:50";"2025-12-01 14:24:50"
019adaf2-1807-73c6-99e7-44f65d4f0b6b;desfavelamento;otherTopic;VCAA;3637;NULL;"2025-12-01 14:24:50";"2025-12-01 14:24:50"
019adaf2-1873-7354-b88d-0eca39940cc5;"equipamento urbano";otherTopic;VCAA;5020;NULL;"2025-12-01 14:24:50";"2025-12-01 14:24:50"
019adaf2-18e1-73a8-885f-b0fd87ee1657;"espaço privado";otherTopic;VCAA;3644;NULL;"2025-12-01 14:24:50";"2025-12-01 14:24:50"
019adaf2-194d-73b6-a9f8-c92aa165b99d;"espaços livres";otherTopic;VCAA;3645;NULL;"2025-12-01 14:24:50";"2025-12-01 14:24:50"
019adaf2-19bc-7292-a5ba-08af40db1ba7;"espaços públicos";otherTopic;VCAA;1814;NULL;"2025-12-01 14:24:50";"2025-12-01 14:24:50"
019adaf2-1a28-71e5-80b3-26f178fcce3b;"espaços urbanos";otherTopic;VCAA;2511;NULL;"2025-12-01 14:24:50";"2025-12-01 14:24:50"
019adaf2-1a94-70e1-b9bd-ffe45cd2c3d2;"estruturas urbanas";otherTopic;VCAA;3642;NULL;"2025-12-01 14:24:50";"2025-12-01 14:24:50"
019adaf2-1b01-7088-9092-465775563b4c;"expansão urbana";otherTopic;VCAA;3643;NULL;"2025-12-01 14:24:51";"2025-12-01 14:24:51"
019adaf2-1b6f-7032-aec4-491899ba9c09;"índices urbanísticos";otherTopic;VCAA;3633;NULL;"2025-12-01 14:24:51";"2025-12-01 14:24:51"
019adaf2-1bdb-71f4-a7fd-de8a4f14747a;"infraestrutura urbana";otherTopic;VCAA;1833;NULL;"2025-12-01 14:24:51";"2025-12-01 14:24:51"
019adaf2-1c49-717e-b538-79112760a69b;loteamentos;otherTopic;VCAA;726;NULL;"2025-12-01 14:24:51";"2025-12-01 14:24:51"
019adaf2-1cb6-73f4-93ed-bfec62080848;"mobilidade urbana";otherTopic;VCAA;3632;NULL;"2025-12-01 14:24:51";"2025-12-01 14:24:51"
019adaf2-1d23-72e7-8ae7-486c7663bb1a;"novo urbanismo";otherTopic;VCAA;4714;NULL;"2025-12-01 14:24:51";"2025-12-01 14:24:51"
019adaf2-1d90-7267-8128-e60d1bc8ce24;"operações urbanas";otherTopic;VCAA;809;NULL;"2025-12-01 14:24:51";"2025-12-01 14:24:51"
019adaf2-1dff-7260-8be3-e2c18c41473f;"paisagem urbana";otherTopic;VCAA;831;NULL;"2025-12-01 14:24:51";"2025-12-01 14:24:51"
019adaf2-1e6c-72c6-855a-846089aa6f42;"patrimônio histórico";otherTopic;VCAA;873;NULL;"2025-12-01 14:24:51";"2025-12-01 14:24:51"
019adaf2-1eda-729f-8e11-e1beee090f0e;"percepção urbana";otherTopic;VCAA;5022;NULL;"2025-12-01 14:24:52";"2025-12-01 14:24:52"
019adaf2-1f48-7098-ad13-3806632cc64f;periferia;otherTopic;VCAA;894;NULL;"2025-12-01 14:24:52";"2025-12-01 14:24:52"
019adaf2-1fb6-70bc-ad99-90241100cd92;"planejamento territorial rural";otherTopic;VCAA;3409;NULL;"2025-12-01 14:24:52";"2025-12-01 14:24:52"
019adaf2-2024-707f-b443-69c7c5b5bbf9;"planos de desenvolvimento integrado";otherTopic;VCAA;3626;NULL;"2025-12-01 14:24:52";"2025-12-01 14:24:52"
019adaf2-2093-7397-8163-44bdac81c77b;"planos diretores";otherTopic;VCAA;3627;NULL;"2025-12-01 14:24:52";"2025-12-01 14:24:52"
019adaf2-2100-72b6-8b5b-ce566197d509;planos-piloto;otherTopic;VCAA;3628;NULL;"2025-12-01 14:24:52";"2025-12-01 14:24:52"
019adaf2-216d-7296-a13a-0a31fe7b4cbe;"política urbana";otherTopic;VCAA;3630;NULL;"2025-12-01 14:24:52";"2025-12-01 14:24:52"
019adaf2-21db-734b-95e3-b57c20f12f6f;"projeto Cingapura";otherTopic;VCAA;3635;NULL;"2025-12-01 14:24:52";"2025-12-01 14:24:52"
019adaf2-2248-739a-907d-21ef119ab5c7;"quadra modelo";otherTopic;VCAA;2116;NULL;"2025-12-01 14:24:52";"2025-12-01 14:24:52"
019adaf2-22b7-73fe-9d19-3eea4a3ea474;"renovação urbana";otherTopic;VCAA;1031;NULL;"2025-12-01 14:24:53";"2025-12-01 14:24:53"
019adaf2-2322-73af-afb8-de74d7356447;"ruído urbano";otherTopic;VCAA;3639;NULL;"2025-12-01 14:24:53";"2025-12-01 14:24:53"
019adaf2-2390-706a-9c29-262e4760a1e4;"teoria do planejamento territorial";otherTopic;VCAA;3412;NULL;"2025-12-01 14:24:53";"2025-12-01 14:24:53"
019adaf2-23fd-73b2-b08a-a6727a085ae6;verticalização;otherTopic;VCAA;3638;NULL;"2025-12-01 14:24:53";"2025-12-01 14:24:53"
019adaf2-246a-7189-bf96-f325e0ccb94e;zoneamento;otherTopic;VCAA;5014;NULL;"2025-12-01 14:24:53";"2025-12-01 14:24:53"
019adaf2-2634-733d-809a-c29f00410528;"dança (disciplina)";otherTopic;VCAA;6451;NULL;"2025-12-01 14:24:53";"2025-12-01 14:24:53"
019adaf2-27c7-70fb-aa61-31fc75736e31;"vocação artística";otherTopic;VCAA;5012;NULL;"2025-12-01 14:24:54";"2025-12-01 14:24:54"
019adaf2-2972-7200-92b8-94bf7db6df66;"arte acadêmica";otherTopic;VCAA;2816;NULL;"2025-12-01 14:24:54";"2025-12-01 14:24:54"
019adaf2-29e9-7252-abf2-0f41a18e42f5;"arte cibernética";otherTopic;VCAA;2835;NULL;"2025-12-01 14:24:54";"2025-12-01 14:24:54"
019adaf2-2a56-71fb-a180-69a8daaaf5b8;"arte combinatória";otherTopic;VCAA;2840;NULL;"2025-12-01 14:24:54";"2025-12-01 14:24:54"
019adaf2-2ac4-738a-a666-152eb51fcab8;"arte comercial";otherTopic;VCAA;2894;NULL;"2025-12-01 14:24:55";"2025-12-01 14:24:55"
019adaf2-2b32-72f0-b301-4be85929b7ad;"arte cortesã";otherTopic;VCAA;2899;NULL;"2025-12-01 14:24:55";"2025-12-01 14:24:55"
019adaf2-2b9f-7331-a57c-2159a06395fa;"arte cósmica";otherTopic;VCAA;2853;NULL;"2025-12-01 14:24:55";"2025-12-01 14:24:55"
019adaf2-2c0e-70c7-8207-32f0c5107368;"arte de costumes";otherTopic;VCAA;7071;NULL;"2025-12-01 14:24:55";"2025-12-01 14:24:55"
019adaf2-2c7b-7304-8bdc-9f50a5737241;"arte de sistemas";otherTopic;VCAA;5739;NULL;"2025-12-01 14:24:55";"2025-12-01 14:24:55"
019adaf2-2ce8-7264-84cd-6a405c8a5f0a;"arte digital";otherTopic;VCAA;2905;NULL;"2025-12-01 14:24:55";"2025-12-01 14:24:55"
019adaf2-2d57-7179-b073-8a184571255f;"arte do imaginário";otherTopic;VCAA;7072;NULL;"2025-12-01 14:24:55";"2025-12-01 14:24:55"
019adaf2-2dc3-7161-b50a-d975a46e98e4;"arte ecológica";otherTopic;VCAA;5741;NULL;"2025-12-01 14:24:55";"2025-12-01 14:24:55"
019adaf2-2e32-70d3-a4aa-3f2f22472612;"arte eletrônica";otherTopic;VCAA;2910;NULL;"2025-12-01 14:24:55";"2025-12-01 14:24:55"
019adaf2-2ea1-71ef-8158-f8e712bf1ed5;"arte em outdoor";otherTopic;VCAA;2979;NULL;"2025-12-01 14:24:56";"2025-12-01 14:24:56"
019adaf2-2f0e-723e-8e05-1c4011671fc5;"arte emblemática";otherTopic;VCAA;2981;NULL;"2025-12-01 14:24:56";"2025-12-01 14:24:56"
019adaf2-2f7c-7382-adf1-c6d394fc0595;"arte erótica";otherTopic;VCAA;2915;NULL;"2025-12-01 14:24:56";"2025-12-01 14:24:56"
019adaf2-2fe9-7277-a3a9-8b3ca3ae30eb;"arte fantástica";otherTopic;VCAA;2982;NULL;"2025-12-01 14:24:56";"2025-12-01 14:24:56"
019adaf2-3055-7087-94e8-16c4a4629f3e;"arte figurativa";otherTopic;VCAA;2984;NULL;"2025-12-01 14:24:56";"2025-12-01 14:24:56"
019adaf2-30c3-73fb-aed3-ce3f3ca5f7a1;"arte funerária";otherTopic;VCAA;2919;NULL;"2025-12-01 14:24:56";"2025-12-01 14:24:56"
019adaf2-3131-7110-9946-40d76e34ac28;"arte incomum";otherTopic;VCAA;2992;NULL;"2025-12-01 14:24:56";"2025-12-01 14:24:56"
019adaf2-319d-713d-a00c-8664369b9f4c;"arte infantil";otherTopic;VCAA;2993;NULL;"2025-12-01 14:24:56";"2025-12-01 14:24:56"
019adaf2-320c-71be-a12b-e15780a510b5;"arte lúdica";otherTopic;VCAA;2994;NULL;"2025-12-01 14:24:56";"2025-12-01 14:24:56"
019adaf2-3277-7303-a557-9686a90738cc;"arte metafísica";otherTopic;VCAA;2933;NULL;"2025-12-01 14:24:57";"2025-12-01 14:24:57"
019adaf2-32e5-7307-930f-4467553e6a95;"arte naive";otherTopic;VCAA;2939;NULL;"2025-12-01 14:24:57";"2025-12-01 14:24:57"
019adaf2-3354-7189-8e7e-5680748e8159;"arte narrativa";otherTopic;VCAA;3006;NULL;"2025-12-01 14:24:57";"2025-12-01 14:24:57"
019adaf2-33c2-7341-a2d8-5f7da73586ab;"arte popular";otherTopic;VCAA;2952;NULL;"2025-12-01 14:24:57";"2025-12-01 14:24:57"
019adaf2-342e-73d7-885e-b66c3fb77868;"arte postal";otherTopic;VCAA;2954;NULL;"2025-12-01 14:24:57";"2025-12-01 14:24:57"
019adaf2-349d-72c4-a947-4f6feecd1d46;"arte pública";otherTopic;VCAA;3106;NULL;"2025-12-01 14:24:57";"2025-12-01 14:24:57"
019adaf2-350b-72c3-ae4b-c089405b8dc5;"arte religiosa";otherTopic;VCAA;3021;NULL;"2025-12-01 14:24:57";"2025-12-01 14:24:57"
019adaf2-3578-70c1-863f-ac5f964367dd;"arte sacra";otherTopic;VCAA;3024;NULL;"2025-12-01 14:24:57";"2025-12-01 14:24:57"
019adaf2-35e6-71e0-912e-314a97d5fcbe;"arte serial";otherTopic;VCAA;3111;NULL;"2025-12-01 14:24:57";"2025-12-01 14:24:57"
019adaf2-3652-7158-b224-e3970f7dbd5c;"arte sonora";otherTopic;VCAA;3026;NULL;"2025-12-01 14:24:58";"2025-12-01 14:24:58"
019adaf2-36c1-7201-bcda-0cd2ec8ce4b3;"natureza morta";otherTopic;VCAA;4503;NULL;"2025-12-01 14:24:58";"2025-12-01 14:24:58"
019adaf2-3884-7166-ae3c-9692191a6fe6;artesãos;otherTopic;VCAA;3428;NULL;"2025-12-01 14:24:58";"2025-12-01 14:24:58"
019adaf2-38f3-72af-af48-6f402ee8dba6;"artistas residentes";otherTopic;VCAA;3162;NULL;"2025-12-01 14:24:58";"2025-12-01 14:24:58"
019adaf2-3a92-7202-9dda-30160f40a21e;"epigrafia etrusca";otherTopic;VCAA;3992;NULL;"2025-12-01 14:24:59";"2025-12-01 14:24:59"
019adaf2-3b09-71c3-a13b-e41d253cd0cd;"epigrafia fenícia";otherTopic;VCAA;3555;NULL;"2025-12-01 14:24:59";"2025-12-01 14:24:59"
019adaf2-3b77-7047-bed5-ebd7ab848d1f;"inscrições funerárias";otherTopic;VCAA;4326;NULL;"2025-12-01 14:24:59";"2025-12-01 14:24:59"
019adaf2-3be5-7029-8015-29e1bf754293;"inscrições hieroglíficas";otherTopic;VCAA;4284;NULL;"2025-12-01 14:24:59";"2025-12-01 14:24:59"
019adaf2-3c52-7189-9c08-a6475709b629;"inscrições rupestres";otherTopic;VCAA;4327;NULL;"2025-12-01 14:24:59";"2025-12-01 14:24:59"
019adaf2-3e0e-70fe-b3df-e841e27074dc;anti-forma;otherTopic;VCAA;2661;NULL;"2025-12-01 14:25:00";"2025-12-01 14:25:00"
019adaf2-3e83-72e3-86f8-4584291bb148;"art déco";otherTopic;VCAA;187;NULL;"2025-12-01 14:25:00";"2025-12-01 14:25:00"
019adaf2-3ef0-7212-82ba-31ccbf3d1605;"art nouveau";otherTopic;VCAA;2812;NULL;"2025-12-01 14:25:00";"2025-12-01 14:25:00"
019adaf2-3f5e-732a-b0ef-6d38bd6f107b;"arte comercial";otherTopic;VCAA;2894;NULL;"2025-12-01 14:25:00";"2025-12-01 14:25:00"
019adaf2-3fcd-72f3-92ec-5161f05c36cd;"arte funk";otherTopic;VCAA;2987;NULL;"2025-12-01 14:25:00";"2025-12-01 14:25:00"
019adaf2-403c-70c6-bfa6-bfa6f4c8ee75;"arte junk";otherTopic;VCAA;2927;NULL;"2025-12-01 14:25:00";"2025-12-01 14:25:00"
019adaf2-40a7-72db-9e89-13e6012fefb7;"ash can school";otherTopic;VCAA;3518;NULL;"2025-12-01 14:25:00";"2025-12-01 14:25:00"
019adaf2-4113-7279-a549-561e188076a0;automatismo;otherTopic;VCAA;3177;NULL;"2025-12-01 14:25:00";"2025-12-01 14:25:00"
019adaf2-4181-70e3-a42d-cf1db53e819f;barroco;otherTopic;VCAA;232;NULL;"2025-12-01 14:25:00";"2025-12-01 14:25:00"
019adaf2-41f0-72b3-92f1-07f467d82562;"cena americana";otherTopic;VCAA;3712;NULL;"2025-12-01 14:25:01";"2025-12-01 14:25:01"
019adaf2-425e-7023-942a-81ecc115526f;classicismo;otherTopic;VCAA;3766;NULL;"2025-12-01 14:25:01";"2025-12-01 14:25:01"
019adaf2-42cb-70de-bdb4-6dd42b9f7a9b;"estilo armorial";otherTopic;VCAA;4044;NULL;"2025-12-01 14:25:01";"2025-12-01 14:25:01"
019adaf2-4337-70ab-9915-9c8d362c2d8f;"estilo auricular";otherTopic;VCAA;3686;NULL;"2025-12-01 14:25:01";"2025-12-01 14:25:01"
019adaf2-43a4-7045-84a3-8b7ecc42ec7d;"estilo clássico";otherTopic;VCAA;4046;NULL;"2025-12-01 14:25:01";"2025-12-01 14:25:01"
019adaf2-4412-723e-811e-d642245ff383;"estilo colonial georgiano";otherTopic;VCAA;3688;NULL;"2025-12-01 14:25:01";"2025-12-01 14:25:01"
019adaf2-447f-73d9-a9e2-0c4f76363087;"estilo contemporâneo";otherTopic;VCAA;4047;NULL;"2025-12-01 14:25:01";"2025-12-01 14:25:01"
019adaf2-44ec-735c-a1db-6748fe6462cb;"estilo coríntio";otherTopic;VCAA;3689;NULL;"2025-12-01 14:25:01";"2025-12-01 14:25:01"
019adaf2-4559-700c-afe2-df05039ea137;"estilo diretório";otherTopic;VCAA;4048;NULL;"2025-12-01 14:25:01";"2025-12-01 14:25:01"
019adaf2-45c6-70c6-86f0-12cc5f691612;"estilo elizabetano";otherTopic;VCAA;3690;NULL;"2025-12-01 14:25:02";"2025-12-01 14:25:02"
019adaf2-4634-7240-92c4-e8aafb40e003;"estilo flamboyant";otherTopic;VCAA;4049;NULL;"2025-12-01 14:25:02";"2025-12-01 14:25:02"
019adaf2-46a1-7396-b549-c4ecc140e916;"estilo georgiano";otherTopic;VCAA;3693;NULL;"2025-12-01 14:25:02";"2025-12-01 14:25:02"
019adaf2-470f-72fd-86c5-1960ef49c4aa;"estilo império";otherTopic;VCAA;4050;NULL;"2025-12-01 14:25:02";"2025-12-01 14:25:02"
019adaf2-477b-7286-9a1f-21795e253042;"estilo internacional";otherTopic;VCAA;3694;NULL;"2025-12-01 14:25:02";"2025-12-01 14:25:02"
019adaf2-47e9-721b-ad1c-73ef1c3228de;"estilo Luis XIII";otherTopic;VCAA;4051;NULL;"2025-12-01 14:25:02";"2025-12-01 14:25:02"
019adaf2-4858-739e-ab3a-d7b739e48a67;"estilo Luis XIV";otherTopic;VCAA;3695;NULL;"2025-12-01 14:25:02";"2025-12-01 14:25:02"
019adaf2-48c4-711c-9ea0-9979d62fe40a;"estilo Luis XV";otherTopic;VCAA;4052;NULL;"2025-12-01 14:25:02";"2025-12-01 14:25:02"
019adaf2-4930-7301-973c-2916701181d4;"estilo Luis XVI";otherTopic;VCAA;3696;NULL;"2025-12-01 14:25:02";"2025-12-01 14:25:02"
019adaf2-499e-70db-8bd1-9dfb4966194f;"estilo manuelino";otherTopic;VCAA;4053;NULL;"2025-12-01 14:25:03";"2025-12-01 14:25:03"
019adaf2-4a0a-72da-ba89-b70cd3028690;"estilo medieval";otherTopic;VCAA;3697;NULL;"2025-12-01 14:25:03";"2025-12-01 14:25:03"
019adaf2-4a77-7383-8df6-cad343b03d6b;"estilo memphis";otherTopic;VCAA;7068;NULL;"2025-12-01 14:25:03";"2025-12-01 14:25:03"
019adaf2-4ae5-73a2-a2a6-61e86783e2cc;"estilo modernista";otherTopic;VCAA;4054;NULL;"2025-12-01 14:25:03";"2025-12-01 14:25:03"
019adaf2-4b52-703c-9032-55eeb9012c0d;"estilo moderno";otherTopic;VCAA;3698;NULL;"2025-12-01 14:25:03";"2025-12-01 14:25:03"
019adaf2-4bbf-7329-a1ca-f79d622e2223;"estilo orientalista";otherTopic;VCAA;4055;NULL;"2025-12-01 14:25:03";"2025-12-01 14:25:03"
019adaf2-4c2c-72a1-8c44-8170dd8b5459;"estilo otoniano";otherTopic;VCAA;3699;NULL;"2025-12-01 14:25:03";"2025-12-01 14:25:03"
019adaf2-4c99-72a0-902a-9ef37bb5660d;"estilo pompier";otherTopic;VCAA;4056;NULL;"2025-12-01 14:25:03";"2025-12-01 14:25:03"
019adaf2-4d08-70b7-9bf9-fff6e50af646;"estilo primitivo";otherTopic;VCAA;3700;NULL;"2025-12-01 14:25:03";"2025-12-01 14:25:03"
019adaf2-4d75-7103-8328-d2f0eea6f968;"estilo realista";otherTopic;VCAA;4057;NULL;"2025-12-01 14:25:03";"2025-12-01 14:25:03"
019adaf2-4de4-7117-8dda-d8a054fa5c24;"estilo regência";otherTopic;VCAA;3701;NULL;"2025-12-01 14:25:04";"2025-12-01 14:25:04"
019adaf2-4e52-7348-bbd6-e0004efcd218;"estilo restauração";otherTopic;VCAA;4058;NULL;"2025-12-01 14:25:04";"2025-12-01 14:25:04"
019adaf2-4ec1-71f5-9c04-e02a02773cb6;"estilo rococó";otherTopic;VCAA;3702;NULL;"2025-12-01 14:25:04";"2025-12-01 14:25:04"
019adaf2-4f2d-72b3-a2fb-ef6d7c863d96;"estilo romântico";otherTopic;VCAA;4059;NULL;"2025-12-01 14:25:04";"2025-12-01 14:25:04"
019adaf2-4f9a-736c-bd11-763da2a5816e;"estilo segundo império";otherTopic;VCAA;3705;NULL;"2025-12-01 14:25:04";"2025-12-01 14:25:04"
019adaf2-5007-7179-b1db-6622f3d1eca4;"estilo simbolista";otherTopic;VCAA;4060;NULL;"2025-12-01 14:25:04";"2025-12-01 14:25:04"
019adaf2-5075-73df-bfdc-af91e47aa5d0;"estilo stuart";otherTopic;VCAA;3706;NULL;"2025-12-01 14:25:04";"2025-12-01 14:25:04"
019adaf2-50e4-7048-b6e3-d9c9385fc3fa;"estilo tudor";otherTopic;VCAA;4061;NULL;"2025-12-01 14:25:04";"2025-12-01 14:25:04"
019adaf2-5152-706e-8338-5f372b443c2c;"estilo vitoriano";otherTopic;VCAA;3707;NULL;"2025-12-01 14:25:04";"2025-12-01 14:25:04"
019adaf2-51bf-738e-8633-35c60a691909;expressionismo;otherTopic;VCAA;3724;NULL;"2025-12-01 14:25:05";"2025-12-01 14:25:05"
019adaf2-522d-705e-bc1f-d3776b83258b;fauvismo;otherTopic;VCAA;4083;NULL;"2025-12-01 14:25:05";"2025-12-01 14:25:05"
019adaf2-529a-7007-9db7-4e0a0af65b07;kitsch;otherTopic;VCAA;4370;NULL;"2025-12-01 14:25:05";"2025-12-01 14:25:05"
019adaf2-5309-71fe-86c2-89afd7b927c5;"maneirismo (arte)";otherTopic;VCAA;4539;NULL;"2025-12-01 14:25:05";"2025-12-01 14:25:05"
019adaf2-5376-735a-808c-ccd01abb49fd;neodadaísmo;otherTopic;VCAA;4625;NULL;"2025-12-01 14:25:05";"2025-12-01 14:25:05"
019adaf2-53e7-71e3-b674-2d893bf88ec1;neogótico;otherTopic;VCAA;6168;NULL;"2025-12-01 14:25:05";"2025-12-01 14:25:05"
019adaf2-5455-710e-8c7b-7066b8b0e2f1;neoplasticismo;otherTopic;VCAA;4512;NULL;"2025-12-01 14:25:05";"2025-12-01 14:25:05"
019adaf2-54c2-7028-bd63-145887147d8b;neorromantismo;otherTopic;VCAA;7067;NULL;"2025-12-01 14:25:05";"2025-12-01 14:25:05"
019adaf2-5530-71bb-a633-f33f779e2e6c;"nova objetividade";otherTopic;VCAA;4519;NULL;"2025-12-01 14:25:05";"2025-12-01 14:25:05"
019adaf2-559f-73c3-82c3-c2bc34df3e4b;"pontilhismo (estilo)";otherTopic;VCAA;6231;NULL;"2025-12-01 14:25:06";"2025-12-01 14:25:06"
019adaf2-560d-738f-8392-aa5127e0de53;"pós-impressionismo (arte)";otherTopic;VCAA;5084;NULL;"2025-12-01 14:25:06";"2025-12-01 14:25:06"
019adaf2-567a-720b-a742-42e08bc345a1;pós-modernismo;otherTopic;VCAA;4795;NULL;"2025-12-01 14:25:06";"2025-12-01 14:25:06"
019adaf2-56e7-7299-853f-3f901db8e49e;pre-rafaelismo;otherTopic;VCAA;4800;NULL;"2025-12-01 14:25:06";"2025-12-01 14:25:06"
019adaf2-5755-733f-bd7c-5b6a7d7532b3;pre-romantismo;otherTopic;VCAA;5089;NULL;"2025-12-01 14:25:06";"2025-12-01 14:25:06"
019adaf2-57c3-7357-ade2-f0a601698e43;"process art";otherTopic;VCAA;4821;NULL;"2025-12-01 14:25:06";"2025-12-01 14:25:06"
019adaf2-5831-730d-b38b-c8217a2049ab;"realismo fantástico";otherTopic;VCAA;4846;NULL;"2025-12-01 14:25:06";"2025-12-01 14:25:06"
019adaf2-58a0-71cc-a8b1-bb6c08df01b1;"realismo mágico";otherTopic;VCAA;5116;NULL;"2025-12-01 14:25:06";"2025-12-01 14:25:06"
019adaf2-590d-721f-bf54-77b934ace3db;"realismo socialista";otherTopic;VCAA;5117;NULL;"2025-12-01 14:25:06";"2025-12-01 14:25:06"
019adaf2-597a-71d3-907f-c75e41fd296e;sintetismo;otherTopic;VCAA;4894;NULL;"2025-12-01 14:25:07";"2025-12-01 14:25:07"
019adaf2-5b48-724f-88a8-0c9e1057c51e;períodos;otherTopic;VCAA;7073;NULL;"2025-12-01 14:25:07";"2025-12-01 14:25:07"
019adaf2-5bbe-7114-953d-4a4bfc684333;Povos/comunidades;otherTopic;VCAA;7102;NULL;"2025-12-01 14:25:07";"2025-12-01 14:25:07"
019adaf2-5d5b-737b-bd2f-ed977a9636b9;idolo;otherTopic;VCAA;4239;NULL;"2025-12-01 14:25:08";"2025-12-01 14:25:08"
019adaf2-5f25-7118-952b-95f373e970f3;ícone;otherTopic;VCAA;4236;NULL;"2025-12-01 14:25:08";"2025-12-01 14:25:08"
019adaf2-60cd-72fa-95e4-34ce48ea9c67;"artes decorativas";otherTopic;VCAA;3034;NULL;"2025-12-01 14:25:08";"2025-12-01 14:25:08"
019adaf2-613e-71c3-b164-05f229e4e126;"artes do espetáculo";otherTopic;VCAA;50;NULL;"2025-12-01 14:25:09";"2025-12-01 14:25:09"
019adaf2-61ad-7030-aeaf-8f45889226ba;"artes visuais";otherTopic;VCAA;9;NULL;"2025-12-01 14:25:09";"2025-12-01 14:25:09"
019adaf2-621c-71e4-b059-02c0cf89fb9f;artesanato;otherTopic;VCAA;3042;NULL;"2025-12-01 14:25:09";"2025-12-01 14:25:09"
019adaf2-628b-707c-804a-467f81a1bf14;fotografia;otherTopic;VCAA;38;NULL;"2025-12-01 14:25:09";"2025-12-01 14:25:09"
019adaf2-62fa-7338-8f63-99a4230b79f5;literatura;otherTopic;VCAA;4398;NULL;"2025-12-01 14:25:09";"2025-12-01 14:25:09"
019adaf2-6367-72c0-819a-394567702d5d;música;otherTopic;VCAA;4598;NULL;"2025-12-01 14:25:09";"2025-12-01 14:25:09"
019adaf2-6507-7369-8b30-bb0c80feca4a;"ateliês de artistas";otherTopic;VCAA;3170;NULL;"2025-12-01 14:25:10";"2025-12-01 14:25:10"
019adaf2-657f-71e0-9c3e-9f81770ae377;"coletivos artísticos";otherTopic;VCAA;3344;NULL;"2025-12-01 14:25:10";"2025-12-01 14:25:10"
019adaf2-65ec-736f-aa33-02fc98a461f0;exposições;otherTopic;VCAA;6037;NULL;"2025-12-01 14:25:10";"2025-12-01 14:25:10"
019adaf2-6659-718a-9581-9735944e394f;"festivais de arte";otherTopic;VCAA;4089;NULL;"2025-12-01 14:25:10";"2025-12-01 14:25:10"
019adaf2-66c7-7064-bfd7-09952726e02a;"galerias de arte";otherTopic;VCAA;3951;NULL;"2025-12-01 14:25:10";"2025-12-01 14:25:10"
019adaf2-6734-70b7-a909-6e3ff843bd3a;"leilão de arte";otherTopic;VCAA;4377;NULL;"2025-12-01 14:25:10";"2025-12-01 14:25:10"
019adaf2-679f-72a7-9170-9d0868810a57;mecenato;otherTopic;VCAA;4429;NULL;"2025-12-01 14:25:10";"2025-12-01 14:25:10"
019adaf2-680d-71c3-86eb-8b3a03de4640;"salões de arte";otherTopic;VCAA;4874;NULL;"2025-12-01 14:25:10";"2025-12-01 14:25:10"
019adaf2-687c-705e-9654-e6401de4cba5;"trabalho na arte";otherTopic;VCAA;4970;NULL;"2025-12-01 14:25:10";"2025-12-01 14:25:10"
019adaf2-6a2d-7342-9b55-457448235b5b;"acionismo vienense";otherTopic;VCAA;2581;NULL;"2025-12-01 14:25:11";"2025-12-01 14:25:11"
019adaf2-6aa1-7071-9d37-0dc0eec591be;agitprop;otherTopic;VCAA;2627;NULL;"2025-12-01 14:25:11";"2025-12-01 14:25:11"
019adaf2-6b0d-7011-b72c-76811cfddf4d;"arte concreta";otherTopic;VCAA;2843;NULL;"2025-12-01 14:25:11";"2025-12-01 14:25:11"
019adaf2-6b7a-7302-bcb8-3eb9c40089e0;"arte povera";otherTopic;VCAA;3014;NULL;"2025-12-01 14:25:11";"2025-12-01 14:25:11"
019adaf2-6be7-7028-a177-f08fc3c80224;"arte psicodélica";otherTopic;VCAA;3019;NULL;"2025-12-01 14:25:11";"2025-12-01 14:25:11"
019adaf2-6c54-72ef-9263-1e17d090dc97;"arte sociológica";otherTopic;VCAA;3113;NULL;"2025-12-01 14:25:11";"2025-12-01 14:25:11"
019adaf2-6cc1-7147-8ba0-eb6fc598d171;bauhaus;otherTopic;VCAA;3540;NULL;"2025-12-01 14:25:12";"2025-12-01 14:25:12"
019adaf2-6d2e-732d-befc-3b2b97c40400;construtivismo;otherTopic;VCAA;3803;NULL;"2025-12-01 14:25:12";"2025-12-01 14:25:12"
019adaf2-6d9c-71d4-9149-47a5c433a24d;cubismo;otherTopic;VCAA;3381;NULL;"2025-12-01 14:25:12";"2025-12-01 14:25:12"
019adaf2-6e0a-7397-a438-3a4d0fe904ff;dadaismo;otherTopic;VCAA;3840;NULL;"2025-12-01 14:25:12";"2025-12-01 14:25:12"
019adaf2-6e77-739e-afc4-0cec37efa5e5;eat-art;otherTopic;VCAA;3968;NULL;"2025-12-01 14:25:12";"2025-12-01 14:25:12"
019adaf2-6ee5-7084-acf3-979f6fed2ac0;"expressionismo abstrato";otherTopic;VCAA;4074;NULL;"2025-12-01 14:25:12";"2025-12-01 14:25:12"
019adaf2-6f51-7099-b92a-02e1bfeb4826;"futurismo (arte)";otherTopic;VCAA;4153;NULL;"2025-12-01 14:25:12";"2025-12-01 14:25:12"
019adaf2-6fc0-70cf-955b-1d0ef31cad1c;impressionismo;otherTopic;VCAA;4272;NULL;"2025-12-01 14:25:12";"2025-12-01 14:25:12"
019adaf2-702d-7157-bead-538d3da2a10b;japonismo;otherTopic;VCAA;4340;NULL;"2025-12-01 14:25:12";"2025-12-01 14:25:12"
019adaf2-709b-71f2-85a8-adf532bb350e;modernismo;otherTopic;VCAA;769;NULL;"2025-12-01 14:25:12";"2025-12-01 14:25:12"
019adaf2-7108-738f-8ead-3c18ea4d4e1c;naturalismo;otherTopic;VCAA;4502;NULL;"2025-12-01 14:25:13";"2025-12-01 14:25:13"
019adaf2-7176-7317-84db-fe4a24d999aa;"neo geo";otherTopic;VCAA;4623;NULL;"2025-12-01 14:25:13";"2025-12-01 14:25:13"
019adaf2-71e3-7212-937e-ec35d8cf7df5;neoclassicismo;otherTopic;VCAA;4506;NULL;"2025-12-01 14:25:13";"2025-12-01 14:25:13"
019adaf2-7252-70d8-ad78-1d3eb97ca59e;neoconcretismo;otherTopic;VCAA;4624;NULL;"2025-12-01 14:25:13";"2025-12-01 14:25:13"
019adaf2-72c1-7257-b401-813f7201471f;neoconstrutivismo;otherTopic;VCAA;4508;NULL;"2025-12-01 14:25:13";"2025-12-01 14:25:13"
019adaf2-732f-7036-9cd0-b7dc063c84c0;neoexpressionismo;otherTopic;VCAA;4510;NULL;"2025-12-01 14:25:13";"2025-12-01 14:25:13"
019adaf2-739d-726a-88d0-a7955a208f45;neoimpressionismo;otherTopic;VCAA;4702;NULL;"2025-12-01 14:25:13";"2025-12-01 14:25:13"
019adaf2-740b-7354-a2ee-4bcc9e984716;"novo realismo";otherTopic;VCAA;4520;NULL;"2025-12-01 14:25:13";"2025-12-01 14:25:13"
019adaf2-7478-7067-af14-366d4f7b1c73;"pop art";otherTopic;VCAA;4792;NULL;"2025-12-01 14:25:13";"2025-12-01 14:25:13"
019adaf2-74e6-70a9-a1a7-d95db1bb7f4e;"pós-impressionismo (arte)";otherTopic;VCAA;5084;NULL;"2025-12-01 14:25:14";"2025-12-01 14:25:14"
019adaf2-7555-70cd-8044-0cb445baab44;pre-rafaelismo;otherTopic;VCAA;4800;NULL;"2025-12-01 14:25:14";"2025-12-01 14:25:14"
019adaf2-75c2-7032-baa2-f49a431cafe7;primitivismo;otherTopic;VCAA;4805;NULL;"2025-12-01 14:25:14";"2025-12-01 14:25:14"
019adaf2-7630-72be-b498-045d57101fc0;purismo;otherTopic;VCAA;5105;NULL;"2025-12-01 14:25:14";"2025-12-01 14:25:14"
019adaf2-769d-73c6-a567-d7fc2c202a0b;raionismo;otherTopic;VCAA;4841;NULL;"2025-12-01 14:25:14";"2025-12-01 14:25:14"
019adaf2-770b-73af-ac69-61c63edc3a1b;realismo;otherTopic;VCAA;5114;NULL;"2025-12-01 14:25:14";"2025-12-01 14:25:14"
019adaf2-7779-73a0-a596-6ddf34a045c4;seblismo;otherTopic;VCAA;5140;NULL;"2025-12-01 14:25:14";"2025-12-01 14:25:14"
019adaf2-77e9-7134-a769-2570fadc531e;simbolismo;otherTopic;VCAA;5150;NULL;"2025-12-01 14:25:14";"2025-12-01 14:25:14"
019adaf2-7856-71e2-a4cb-ede9b8aa2c66;suprematismo;otherTopic;VCAA;5179;NULL;"2025-12-01 14:25:14";"2025-12-01 14:25:14"
019adaf2-78c3-7350-b3d4-d2bae7692df4;Surrealismo;otherTopic;VCAA;34;NULL;"2025-12-01 14:25:15";"2025-12-01 14:25:15"
019adaf2-792e-7378-ada7-68c61550c835;tropicalismo;otherTopic;VCAA;5210;NULL;"2025-12-01 14:25:15";"2025-12-01 14:25:15"
019adaf2-799d-70ca-b3f0-9c985d1e35bf;"universalismo construtivo";otherTopic;VCAA;5216;NULL;"2025-12-01 14:25:15";"2025-12-01 14:25:15"
019adaf2-7a0b-7064-a22b-a73d54f7d8a1;vorticismo;otherTopic;VCAA;5045;NULL;"2025-12-01 14:25:15";"2025-12-01 14:25:15"
019adaf2-7bdb-71c4-b41b-832fac0710c4;medalhas;otherTopic;VCAA;4554;NULL;"2025-12-01 14:25:15";"2025-12-01 14:25:15"
019adaf2-7c4d-73a4-b7b3-0ea54e7a523e;moedas;otherTopic;VCAA;4571;NULL;"2025-12-01 14:25:15";"2025-12-01 14:25:15"
019adaf2-7cbb-7069-a3ae-f00b2afa2852;"numismática alemã";otherTopic;VCAA;4716;NULL;"2025-12-01 14:25:16";"2025-12-01 14:25:16"
019adaf2-7d29-73a6-8754-d3551bd57ea7;"numismática bizantina";otherTopic;VCAA;4524;NULL;"2025-12-01 14:25:16";"2025-12-01 14:25:16"
019adaf2-7d96-716d-87b8-e6765037796e;"numismática grega";otherTopic;VCAA;4717;NULL;"2025-12-01 14:25:16";"2025-12-01 14:25:16"
019adaf2-7e04-73a0-a4db-87e6312c7cd6;"numismática romana";otherTopic;VCAA;4525;NULL;"2025-12-01 14:25:16";"2025-12-01 14:25:16"
019adaf2-7fa2-730d-9f22-e721f85d777f;"objetos de arte";otherTopic;VCAA;7262;NULL;"2025-12-01 14:25:16";"2025-12-01 14:25:16"
019adaf2-8145-730d-8369-17d35c466553;"arte em vidro";otherTopic;VCAA;2913;NULL;"2025-12-01 14:25:17";"2025-12-01 14:25:17"
019adaf2-81b0-7061-89fc-7f1eb106b46c;"efeitos óticos (arte)";otherTopic;VCAA;3505;NULL;"2025-12-01 14:25:17";"2025-12-01 14:25:17"
019adaf2-821e-70cc-9fb0-44ec8a7cbad7;encadernações;otherTopic;VCAA;3549;NULL;"2025-12-01 14:25:17";"2025-12-01 14:25:17"
019adaf2-828b-73e3-95e2-41c781e08556;estêncil;otherTopic;VCAA;3679;NULL;"2025-12-01 14:25:17";"2025-12-01 14:25:17"
019adaf2-82f7-73cd-819d-1dee3d64a226;"fundição (arte)";otherTopic;VCAA;3947;NULL;"2025-12-01 14:25:17";"2025-12-01 14:25:17"
019adaf2-848f-73a9-8f6e-411fbc764e73;"academias de arte";otherTopic;VCAA;2560;NULL;"2025-12-01 14:25:18";"2025-12-01 14:25:18"
019adaf2-84fe-72a0-8225-4bc613fcd00d;"arte conceitual";otherTopic;VCAA;2896;NULL;"2025-12-01 14:25:18";"2025-12-01 14:25:18"
019adaf2-856b-723e-857f-e4613f28a51f;avant-garde;otherTopic;VCAA;3532;NULL;"2025-12-01 14:25:18";"2025-12-01 14:25:18"
019adaf2-85d8-7137-a788-77a0ba1e311a;"conceitos artísticos";otherTopic;VCAA;7369;NULL;"2025-12-01 14:25:18";"2025-12-01 14:25:18"
019adaf2-8644-71b4-95b9-4fe098615122;"criação artística";otherTopic;VCAA;3371;NULL;"2025-12-01 14:25:18";"2025-12-01 14:25:18"
019adaf2-86b0-73d5-a2ad-d02b1751b54a;"criação coletiva";otherTopic;VCAA;3822;NULL;"2025-12-01 14:25:18";"2025-12-01 14:25:18"
019adaf2-871f-73c0-8236-ae7dfdc891eb;criatividade;otherTopic;VCAA;3823;NULL;"2025-12-01 14:25:18";"2025-12-01 14:25:18"
019adaf2-878d-7157-a664-4f4646baa889;"crítica de arte";otherTopic;VCAA;3827;NULL;"2025-12-01 14:25:18";"2025-12-01 14:25:18"
019adaf2-87fa-71bb-b498-837beb90c79e;"crítica musical";otherTopic;VCAA;3375;NULL;"2025-12-01 14:25:18";"2025-12-01 14:25:18"
019adaf2-8867-70e3-a53f-6f3361687f11;ecletismo;otherTopic;VCAA;3495;NULL;"2025-12-01 14:25:19";"2025-12-01 14:25:19"
019adaf2-88d4-7182-b9f7-3b026611b543;estética;otherTopic;VCAA;1869;NULL;"2025-12-01 14:25:19";"2025-12-01 14:25:19"
019adaf2-8942-73bc-8a1a-a794c1a6a548;"filosofia da arte";otherTopic;VCAA;4117;NULL;"2025-12-01 14:25:19";"2025-12-01 14:25:19"
019adaf2-89af-7235-84eb-87cb21b1c2b6;formalismo;otherTopic;VCAA;3913;NULL;"2025-12-01 14:25:19";"2025-12-01 14:25:19"
019adaf2-8a1b-7108-affd-7e419f1f8c62;intermídia;otherTopic;VCAA;4295;NULL;"2025-12-01 14:25:19";"2025-12-01 14:25:19"
019adaf2-8a89-7296-8649-ef2bf7e68160;"semiologia da arte";otherTopic;VCAA;4884;NULL;"2025-12-01 14:25:19";"2025-12-01 14:25:19"
019adaf2-8af6-72a1-88ed-4e15262e9f29;"semiologia da imagem";otherTopic;VCAA;5143;NULL;"2025-12-01 14:25:19";"2025-12-01 14:25:19"
019adaf2-8b63-73c8-8c26-c5f4dc1f30a6;"sociologia da arte";otherTopic;VCAA;4898;NULL;"2025-12-01 14:25:19";"2025-12-01 14:25:19"
019adaf2-8d00-70e9-8b6d-a1202b22cd5b;adesivos;otherTopic;VCAA;2598;NULL;"2025-12-01 14:25:20";"2025-12-01 14:25:20"
019adaf2-8d76-7050-b643-53e7e79abbc2;aerógrafos;otherTopic;VCAA;2620;NULL;"2025-12-01 14:25:20";"2025-12-01 14:25:20"
019adaf2-8de4-71e0-a1b5-a753e9db4792;biscuit;otherTopic;VCAA;3584;NULL;"2025-12-01 14:25:20";"2025-12-01 14:25:20"
019adaf2-8e51-7300-8f69-e090e17fdabf;charão;otherTopic;VCAA;3282;NULL;"2025-12-01 14:25:20";"2025-12-01 14:25:20"
019adaf2-8ebd-70f5-8cb5-58159a494c2c;cor;otherTopic;VCAA;3814;NULL;"2025-12-01 14:25:20";"2025-12-01 14:25:20"
019adaf2-8f2a-71f4-aae5-899ac38be789;"guache (tinta)";otherTopic;VCAA;4170;NULL;"2025-12-01 14:25:20";"2025-12-01 14:25:20"
019adaf2-8f98-7360-b7d8-9088f8f4bd7b;papel;otherTopic;VCAA;4664;NULL;"2025-12-01 14:25:20";"2025-12-01 14:25:20"
019adaf2-9005-71c0-b278-d408ec44d360;"papier machê";otherTopic;VCAA;4666;NULL;"2025-12-01 14:25:21";"2025-12-01 14:25:21"
019adaf2-9072-7118-a9e2-fb3b79b2e276;pastel;otherTopic;VCAA;4667;NULL;"2025-12-01 14:25:21";"2025-12-01 14:25:21"
019adaf2-90df-71da-9670-6583dc7172dc;pigmentos;otherTopic;VCAA;4681;NULL;"2025-12-01 14:25:21";"2025-12-01 14:25:21"
019adaf2-914c-738b-9f5a-3c00e268bc05;"talho doce";otherTopic;VCAA;4915;NULL;"2025-12-01 14:25:21";"2025-12-01 14:25:21"
019adaf2-91bc-7164-a306-4c24245d1bc4;têmpera;otherTopic;VCAA;5264;NULL;"2025-12-01 14:25:21";"2025-12-01 14:25:21"
019adaf2-9229-7046-97b3-55d4d6f7208a;"tinta encáustica";otherTopic;VCAA;6635;NULL;"2025-12-01 14:25:21";"2025-12-01 14:25:21"
019adaf2-9296-720c-8bcc-68b3d12851e2;"verniz mole";otherTopic;VCAA;5228;NULL;"2025-12-01 14:25:21";"2025-12-01 14:25:21"
019adaf2-9303-7336-84e3-f5706bc684bb;vidro;otherTopic;VCAA;5236;NULL;"2025-12-01 14:25:21";"2025-12-01 14:25:21"
019adaf2-94b1-7140-b38b-747eec2a23c1;adobe;otherTopic;VCAA;1712;NULL;"2025-12-01 14:25:22";"2025-12-01 14:25:22"
019adaf2-9526-73c5-b1cd-677ea7b0a969;asfalto;otherTopic;VCAA;194;NULL;"2025-12-01 14:25:22";"2025-12-01 14:25:22"
019adaf2-9595-73c2-b0a9-5d9279387785;barras;otherTopic;VCAA;5776;NULL;"2025-12-01 14:25:22";"2025-12-01 14:25:22"
019adaf2-9603-7019-bd91-f3ba11a531c2;"barro cozido";otherTopic;VCAA;1748;NULL;"2025-12-01 14:25:22";"2025-12-01 14:25:22"
019adaf2-9670-7009-a07f-90243bfbe95c;blocos;otherTopic;VCAA;2250;NULL;"2025-12-01 14:25:22";"2025-12-01 14:25:22"
019adaf2-96df-7105-a51c-c58649f0c9d1;bousillage;otherTopic;VCAA;6355;NULL;"2025-12-01 14:25:22";"2025-12-01 14:25:22"
019adaf2-974c-73cd-bcf5-624df7935651;caibros;otherTopic;VCAA;1750;NULL;"2025-12-01 14:25:22";"2025-12-01 14:25:22"
019adaf2-97ba-738f-937d-ab331ed44373;canaletas;otherTopic;VCAA;2472;NULL;"2025-12-01 14:25:23";"2025-12-01 14:25:23"
019adaf2-9828-7177-9aee-20ddef1e89c3;caquinhos;otherTopic;VCAA;309;NULL;"2025-12-01 14:25:23";"2025-12-01 14:25:23"
019adaf2-9895-71b9-a744-08aa06f50e65;epóxi;otherTopic;VCAA;492;NULL;"2025-12-01 14:25:23";"2025-12-01 14:25:23"
019adaf2-9901-7113-bdbf-3cf0c6830854;fórmica;otherTopic;VCAA;577;NULL;"2025-12-01 14:25:23";"2025-12-01 14:25:23"
019adaf2-9970-734a-9c36-f4f012b643af;"materiais aglomerados";otherTopic;VCAA;1764;NULL;"2025-12-01 14:25:23";"2025-12-01 14:25:23"
019adaf2-99dc-7173-a550-9843c35dc62f;"materiais aglutinantes";otherTopic;VCAA;1752;NULL;"2025-12-01 14:25:23";"2025-12-01 14:25:23"
019adaf2-9a4a-728a-8a65-0cd628d543d9;palha;otherTopic;VCAA;838;NULL;"2025-12-01 14:25:23";"2025-12-01 14:25:23"
019adaf2-9ab7-7126-883d-a57295f0b088;pedra;otherTopic;VCAA;1781;NULL;"2025-12-01 14:25:23";"2025-12-01 14:25:23"
019adaf2-9b23-70b5-bb7d-20653a610855;saibro;otherTopic;VCAA;1055;NULL;"2025-12-01 14:25:23";"2025-12-01 14:25:23"
019adaf2-9b8f-7082-8712-67b9b7f35b09;telhas;otherTopic;VCAA;1790;NULL;"2025-12-01 14:25:23";"2025-12-01 14:25:23"
019adaf2-9bfd-704f-a719-c9227c7ee258;tijolos;otherTopic;VCAA;1799;NULL;"2025-12-01 14:25:24";"2025-12-01 14:25:24"
019adaf2-9c6a-7121-a087-d3c3bed61428;vidros;otherTopic;VCAA;1669;NULL;"2025-12-01 14:25:24";"2025-12-01 14:25:24"
019adaf2-9e14-73e2-9f54-a9d52c218764;aço;otherTopic;VCAA;1249;NULL;"2025-12-01 14:25:24";"2025-12-01 14:25:24"
019adaf2-9e8e-73eb-8f78-1c7457c168ec;alumínio;otherTopic;VCAA;74;NULL;"2025-12-01 14:25:24";"2025-12-01 14:25:24"
019adaf2-9efc-7141-9b7a-6efa30a5e4c5;bronze;otherTopic;VCAA;263;NULL;"2025-12-01 14:25:24";"2025-12-01 14:25:24"
019adaf2-9f6a-739f-891d-e3a2a59b1350;cobre;otherTopic;VCAA;375;NULL;"2025-12-01 14:25:24";"2025-12-01 14:25:24"
019adaf2-9fd6-71dc-b6bb-e6eb55a8c718;ferro;otherTopic;VCAA;1772;NULL;"2025-12-01 14:25:25";"2025-12-01 14:25:25"
019adaf2-a044-739d-9a68-4059d6acee2a;"liga de aço";otherTopic;VCAA;6681;NULL;"2025-12-01 14:25:25";"2025-12-01 14:25:25"
019adaf2-a0b3-72a1-a044-6fbe960d7702;metal;otherTopic;VCAA;6696;NULL;"2025-12-01 14:25:25";"2025-12-01 14:25:25"
019adaf2-a121-705e-9d5d-a929f18977e6;ouro;otherTopic;VCAA;818;NULL;"2025-12-01 14:25:25";"2025-12-01 14:25:25"
019adaf2-a2ba-714f-8c5a-5f1781f4bac6;alabastro;otherTopic;VCAA;1812;NULL;"2025-12-01 14:25:25";"2025-12-01 14:25:25"
019adaf2-a324-7321-8dab-3a5907265328;amianto;otherTopic;VCAA;1713;NULL;"2025-12-01 14:25:25";"2025-12-01 14:25:25"
019adaf2-a393-7089-9101-0d8e497907e1;ardósia;otherTopic;VCAA;1692;NULL;"2025-12-01 14:25:26";"2025-12-01 14:25:26"
019adaf2-a400-714c-b806-39fa7e643345;areia;otherTopic;VCAA;1693;NULL;"2025-12-01 14:25:26";"2025-12-01 14:25:26"
019adaf2-a46d-70ff-b15b-ba9dd426e49a;arenito;otherTopic;VCAA;1694;NULL;"2025-12-01 14:25:26";"2025-12-01 14:25:26"
019adaf2-a4d9-7107-b3de-67f537034345;argila;otherTopic;VCAA;1734;NULL;"2025-12-01 14:25:26";"2025-12-01 14:25:26"
019adaf2-a546-73a0-87ab-838d4a7bc7eb;calcário;otherTopic;VCAA;1751;NULL;"2025-12-01 14:25:26";"2025-12-01 14:25:26"
019adaf2-a5b3-71e3-81b7-a92f4aba5e71;gesso;otherTopic;VCAA;1774;NULL;"2025-12-01 14:25:26";"2025-12-01 14:25:26"
019adaf2-a622-716f-9427-b379636b14ae;granilite;otherTopic;VCAA;624;NULL;"2025-12-01 14:25:26";"2025-12-01 14:25:26"
019adaf2-a690-7165-8233-9f665ebf582e;granito;otherTopic;VCAA;1775;NULL;"2025-12-01 14:25:26";"2025-12-01 14:25:26"
019adaf2-a6fc-71b9-9177-8f4aa3ab1dd3;mármore;otherTopic;VCAA;1777;NULL;"2025-12-01 14:25:26";"2025-12-01 14:25:26"
019adaf2-a769-7333-816a-f2205f5c8b4a;"pedras preciosas";otherTopic;VCAA;4672;NULL;"2025-12-01 14:25:27";"2025-12-01 14:25:27"
019adaf2-a7d5-733e-8ba0-ac196ad9ea82;tapiocanga;otherTopic;VCAA;1109;NULL;"2025-12-01 14:25:27";"2025-12-01 14:25:27"
019adaf2-a99c-7294-a7b8-92841030a3aa;"materiais cerâmicos";otherTopic;VCAA;2384;NULL;"2025-12-01 14:25:27";"2025-12-01 14:25:27"
019adaf2-aa09-7239-a7d0-380d52312602;"materiais plásticos";otherTopic;VCAA;1695;NULL;"2025-12-01 14:25:27";"2025-12-01 14:25:27"
019adaf2-aa77-730e-a3c5-5e3e67b0a622;"materiais refratários";otherTopic;VCAA;2457;NULL;"2025-12-01 14:25:27";"2025-12-01 14:25:27"
019adaf2-ac15-715d-91bc-c65b4fb77156;marfim;otherTopic;VCAA;741;NULL;"2025-12-01 14:25:28";"2025-12-01 14:25:28"
019adaf2-ac89-732a-8faa-af4611e683ae;"materiais lenhosos";otherTopic;VCAA;1687;NULL;"2025-12-01 14:25:28";"2025-12-01 14:25:28"
019adaf2-acf5-72a7-ad71-3bce9791cd32;"placa de fibra";otherTopic;VCAA;6747;NULL;"2025-12-01 14:25:28";"2025-12-01 14:25:28"
019adaf2-ae87-705c-9d5f-f712e0714e99;etnologia;otherTopic;VCAA;3716;NULL;"2025-12-01 14:25:28";"2025-12-01 14:25:28"
019adaf2-b025-7171-b006-314cada4f2ad;"sítios arqueológicos";otherTopic;VCAA;5154;NULL;"2025-12-01 14:25:29";"2025-12-01 14:25:29"
019adaf2-b1c8-7156-9284-330d1428c3c5;biblioteconomia;otherTopic;VCAA;3578;NULL;"2025-12-01 14:25:29";"2025-12-01 14:25:29"
019adaf2-b23e-7374-afeb-7e51501029ce;documentação;otherTopic;VCAA;3480;NULL;"2025-12-01 14:25:29";"2025-12-01 14:25:29"
019adaf2-b3c9-7280-9dfd-a4839ae31cec;"aquecimento global";otherTopic;VCAA;2711;NULL;"2025-12-01 14:25:30";"2025-12-01 14:25:30"
019adaf2-b434-71f1-a111-6786c6a4790d;drogas;otherTopic;VCAA;3965;NULL;"2025-12-01 14:25:30";"2025-12-01 14:25:30"
019adaf2-b4a2-71bb-926c-9b7f4e9124eb;física;otherTopic;VCAA;4120;NULL;"2025-12-01 14:25:30";"2025-12-01 14:25:30"
019adaf2-b510-713f-a9e6-3f5073e72341;zoologia;otherTopic;VCAA;5258;NULL;"2025-12-01 14:25:30";"2025-12-01 14:25:30"
019adaf2-b6ad-709d-a0be-ef2da280c99b;"realidade virtual";otherTopic;VCAA;4844;NULL;"2025-12-01 14:25:30";"2025-12-01 14:25:30"
019adaf2-b725-72d7-bc25-7d4d55832a7b;videogames;otherTopic;VCAA;5234;NULL;"2025-12-01 14:25:31";"2025-12-01 14:25:31"
019adaf2-b8c3-71ae-9ed2-36fd454aeb48;escravidão;otherTopic;VCAA;3562;NULL;"2025-12-01 14:25:31";"2025-12-01 14:25:31"
019adaf2-b939-7187-b3a9-94d4e6f9728b;racismo;otherTopic;VCAA;4839;NULL;"2025-12-01 14:25:31";"2025-12-01 14:25:31"
019adaf2-b9a6-7315-a526-d8e46e4af787;"sociologia da habitação";otherTopic;VCAA;2302;NULL;"2025-12-01 14:25:31";"2025-12-01 14:25:31"
019adaf2-ba14-7185-92aa-8e52d7f38774;violência;otherTopic;VCAA;5239;NULL;"2025-12-01 14:25:31";"2025-12-01 14:25:31"
019adaf2-bba3-724d-8494-585866c7fd52;"comunicação não verbal";otherTopic;VCAA;7587;NULL;"2025-12-01 14:25:32";"2025-12-01 14:25:32"
019adaf2-bc1a-717d-9acd-b3602d3d0407;entrevistas;otherTopic;VCAA;3991;NULL;"2025-12-01 14:25:32";"2025-12-01 14:25:32"
019adaf2-bc86-7246-b14f-6e5aeb0d8ca9;"meios de comunicação";otherTopic;VCAA;7585;NULL;"2025-12-01 14:25:32";"2025-12-01 14:25:32"
019adaf2-be32-7368-b295-6e0b59438144;"cultura afro-brasileira";otherTopic;VCAA;3837;NULL;"2025-12-01 14:25:32";"2025-12-01 14:25:32"
019adaf2-bea8-73b2-ace2-8bbd782ad3f9;"cultura popular";otherTopic;VCAA;3438;NULL;"2025-12-01 14:25:32";"2025-12-01 14:25:32"
019adaf2-bf14-739f-95d0-f76b13545072;"difusão cultural";otherTopic;VCAA;3475;NULL;"2025-12-01 14:25:33";"2025-12-01 14:25:33"
019adaf2-bf82-7094-9205-3efb48d801f6;"patrimônio cultural";otherTopic;VCAA;4668;NULL;"2025-12-01 14:25:33";"2025-12-01 14:25:33"
019adaf2-c112-7353-bdfd-1eb7e74b0667;"direitos autorais";otherTopic;VCAA;3956;NULL;"2025-12-01 14:25:33";"2025-12-01 14:25:33"
019adaf2-c189-7092-9583-606ea21239f4;"direitos humanos";otherTopic;VCAA;3481;NULL;"2025-12-01 14:25:33";"2025-12-01 14:25:33"
019adaf2-c1f8-7053-b58a-76a886f00bba;legislação;otherTopic;VCAA;4351;NULL;"2025-12-01 14:25:33";"2025-12-01 14:25:33"
019adaf2-c263-70f5-97e5-1ffd5ec713bb;prostituição;otherTopic;VCAA;5102;NULL;"2025-12-01 14:25:33";"2025-12-01 14:25:33"
019adaf2-c2d0-70e8-93fb-54f0dddf7972;vandalismo;otherTopic;VCAA;4988;NULL;"2025-12-01 14:25:34";"2025-12-01 14:25:34"
019adaf2-c462-701a-8630-ae23e889f229;"ecologia humana";otherTopic;VCAA;3969;NULL;"2025-12-01 14:25:34";"2025-12-01 14:25:34"
019adaf2-c4d3-70f4-baa5-c8444b3254ce;"meio ambiente";otherTopic;VCAA;4556;NULL;"2025-12-01 14:25:34";"2025-12-01 14:25:34"
019adaf2-c540-7347-b7c1-c85cf7410417;natureza;otherTopic;VCAA;4619;NULL;"2025-12-01 14:25:34";"2025-12-01 14:25:34"
019adaf2-c6d7-735f-b9b3-a83037fe21a5;alimentos;otherTopic;VCAA;2669;NULL;"2025-12-01 14:25:35";"2025-12-01 14:25:35"
019adaf2-c741-7058-aa1f-be24820e0b29;"associações sem fins lucrativos";otherTopic;VCAA;3167;NULL;"2025-12-01 14:25:35";"2025-12-01 14:25:35"
019adaf2-c7ad-70c2-b34c-9fdb8620227a;comércio;otherTopic;VCAA;3346;NULL;"2025-12-01 14:25:35";"2025-12-01 14:25:35"
019adaf2-c819-72db-ae3a-0ee4adc7db8d;empresas;otherTopic;VCAA;3985;NULL;"2025-12-01 14:25:35";"2025-12-01 14:25:35"
019adaf2-c886-712e-852f-81663e3dfe57;financiamento;otherTopic;VCAA;3634;NULL;"2025-12-01 14:25:35";"2025-12-01 14:25:35"
019adaf2-c8f3-732b-9130-a2ac8f1fd10f;"trabalho voluntário";otherTopic;VCAA;5200;NULL;"2025-12-01 14:25:35";"2025-12-01 14:25:35"
019adaf2-ca98-713d-934e-7172e6b036db;"escolas (instituições)";otherTopic;VCAA;2130;NULL;"2025-12-01 14:25:36";"2025-12-01 14:25:36"
019adaf2-cc34-7223-975d-0119cb031f27;"ética profissional";otherTopic;VCAA;4064;NULL;"2025-12-01 14:25:36";"2025-12-01 14:25:36"
019adaf2-ccac-73a5-9c2e-917d8bfad9fc;humanismo;otherTopic;VCAA;4235;NULL;"2025-12-01 14:25:36";"2025-12-01 14:25:36"
019adaf2-cd1a-7331-80f7-e9321ec9b34c;iluminismo;otherTopic;VCAA;4306;NULL;"2025-12-01 14:25:36";"2025-12-01 14:25:36"
019adaf2-cefc-7244-8e51-cfb25492903f;"assentamentos humanos";otherTopic;VCAA;5013;NULL;"2025-12-01 14:25:37";"2025-12-01 14:25:37"
019adaf2-cf6d-72d5-ae32-bd85abd20c7b;cartografia;otherTopic;VCAA;3621;NULL;"2025-12-01 14:25:37";"2025-12-01 14:25:37"
019adaf2-cfda-72f8-a630-bbe391ec4b9b;"paisagem natural";otherTopic;VCAA;830;NULL;"2025-12-01 14:25:37";"2025-12-01 14:25:37"
019adaf2-d048-73cf-ae47-5d6544c6e64a;"paisagens (ambientes)";otherTopic;VCAA;4736;NULL;"2025-12-01 14:25:37";"2025-12-01 14:25:37"
019adaf2-d1f7-7193-8bdf-594a2867dd05;Diáspora;otherTopic;VCAA;3474;NULL;"2025-12-01 14:25:37";"2025-12-01 14:25:37"
019adaf2-d26c-70b8-aba1-0d5905ae4789;"Diáspora africana";otherTopic;VCAA;3875;NULL;"2025-12-01 14:25:38";"2025-12-01 14:25:38"
019adaf2-d2d9-70a4-9c9f-762e0652e471;heráldica;otherTopic;VCAA;4193;NULL;"2025-12-01 14:25:38";"2025-12-01 14:25:38"
019adaf2-d346-7257-87ed-0ef136483477;"história natural";otherTopic;VCAA;4230;NULL;"2025-12-01 14:25:38";"2025-12-01 14:25:38"
019adaf2-d3b4-7049-9e5c-cbd8545a4191;"história oral";otherTopic;VCAA;4247;NULL;"2025-12-01 14:25:38";"2025-12-01 14:25:38"
019adaf2-d421-7151-a434-023069232da9;"idade média";otherTopic;VCAA;4255;NULL;"2025-12-01 14:25:38";"2025-12-01 14:25:38"
019adaf2-d490-73f3-b04a-47d3bed351eb;monarquias;otherTopic;VCAA;4467;NULL;"2025-12-01 14:25:38";"2025-12-01 14:25:38"
019adaf2-d621-73e8-8a9c-502a7243e777;semiótica;otherTopic;VCAA;5145;NULL;"2025-12-01 14:25:38";"2025-12-01 14:25:38"
019adaf2-d7bb-7261-8367-35fb4e75edf9;"gestão museológica";otherTopic;VCAA;4197;NULL;"2025-12-01 14:25:39";"2025-12-01 14:25:39"
019adaf2-d82c-7025-b74c-531980365eda;museografia;otherTopic;VCAA;4587;NULL;"2025-12-01 14:25:39";"2025-12-01 14:25:39"
019adaf2-d899-700e-9c25-805bcae3a502;"museus (instituição)";otherTopic;VCAA;4593;NULL;"2025-12-01 14:25:39";"2025-12-01 14:25:39"
019adaf2-da28-73c7-85e5-c8ec6f7f5072;"automatismo (psicologia)";otherTopic;VCAA;6346;NULL;"2025-12-01 14:25:40";"2025-12-01 14:25:40"
019adaf2-da9e-7056-8d7e-759bb3b85340;emoção;otherTopic;VCAA;3509;NULL;"2025-12-01 14:25:40";"2025-12-01 14:25:40"
019adaf2-db0c-70ff-8b29-9303c22273b5;ilusão;otherTopic;VCAA;4309;NULL;"2025-12-01 14:25:40";"2025-12-01 14:25:40"
019adaf2-db79-7363-82d8-24285ae02244;memória;otherTopic;VCAA;4436;NULL;"2025-12-01 14:25:40";"2025-12-01 14:25:40"
019adaf2-dd45-7001-b3f8-66316fa9ed85;cristianismo;otherTopic;VCAA;3825;NULL;"2025-12-01 14:25:40";"2025-12-01 14:25:40"
019adaf2-ddbe-716b-b594-ab1889da3c99;"Cultos afro-brasileiros";otherTopic;VCAA;3836;NULL;"2025-12-01 14:25:40";"2025-12-01 14:25:40"
019adaf2-de2b-70ff-b419-5d0cb6ecf910;"Deuses afro-brasileiros";otherTopic;VCAA;3872;NULL;"2025-12-01 14:25:41";"2025-12-01 14:25:41"
019adaf2-de9a-73be-9b82-05eb7c36f1d4;"Deuses na umbanda";otherTopic;VCAA;3873;NULL;"2025-12-01 14:25:41";"2025-12-01 14:25:41"
019adaf2-df07-7174-8295-22e24ee50e80;"igrejas (instituição)";otherTopic;VCAA;6890;NULL;"2025-12-01 14:25:41";"2025-12-01 14:25:41"
019adaf2-df76-70d3-bfcd-56eb783c88f4;Sincretismos;otherTopic;VCAA;5152;NULL;"2025-12-01 14:25:41";"2025-12-01 14:25:41"
019adaf2-dfe3-7338-b722-c492ab075a23;vodu;otherTopic;VCAA;5246;NULL;"2025-12-01 14:25:41";"2025-12-01 14:25:41"
019adaf2-e17e-71c8-a9ee-c4a31853f826;ciberespaço;otherTopic;VCAA;3285;NULL;"2025-12-01 14:25:41";"2025-12-01 14:25:41"
019adaf2-e327-73fe-ac02-df1632721420;viagens;otherTopic;VCAA;5229;NULL;"2025-12-01 14:25:42";"2025-12-01 14:25:42"
019adaf2-e55e-71f7-892d-d1582648672b;agudás;otherTopic;VCAA;2634;NULL;"2025-12-01 14:25:42";"2025-12-01 14:25:42"
019adaf2-e70f-70b0-b13e-346bb737e2d7;"povos originários da América Central";otherTopic;VCAA;4279;NULL;"2025-12-01 14:25:43";"2025-12-01 14:25:43"
019adaf2-e785-70ed-840b-e0bad8237cd9;"povos originários da América do Sul";otherTopic;VCAA;4320;NULL;"2025-12-01 14:25:43";"2025-12-01 14:25:43"
019adaf2-e918-722d-a31e-f39fc1bfdfe6;"equipamentos domésticos";otherTopic;VCAA;3295;NULL;"2025-12-01 14:25:43";"2025-12-01 14:25:43"
019adaf2-e98b-700e-8199-8c3403d6163e;"equipamentos para construção";otherTopic;VCAA;493;NULL;"2025-12-01 14:25:43";"2025-12-01 14:25:43"
019adaf2-eb2f-715b-ac2f-3c193ef50074;"arquitetura art nouveau";otherTopic;VCAA;1872;NULL;"2025-12-01 14:25:44";"2025-12-01 14:25:44"
019adaf2-eb9f-72f1-9df3-4fb84ad1db8e;"arquitetura barroca";otherTopic;VCAA;1875;NULL;"2025-12-01 14:25:44";"2025-12-01 14:25:44"
019adaf2-ec0c-722a-b6a6-9069fb65e281;"arquitetura basca";otherTopic;VCAA;2482;NULL;"2025-12-01 14:25:44";"2025-12-01 14:25:44"
019adaf2-ec78-72eb-b6fd-d08cf273c410;"arquitetura bizantina";otherTopic;VCAA;247;NULL;"2025-12-01 14:25:44";"2025-12-01 14:25:44"
019adaf2-ece6-732d-a2de-996149739e35;"arquitetura brutalista";otherTopic;VCAA;6357;NULL;"2025-12-01 14:25:44";"2025-12-01 14:25:44"
019adaf2-ed55-72fe-9e71-b8d340cec0e2;"arquitetura colonial";otherTopic;VCAA;1879;NULL;"2025-12-01 14:25:44";"2025-12-01 14:25:44"
019adaf2-edc3-735d-9e24-0b9ffc1c0381;"arquitetura eclética";otherTopic;VCAA;453;NULL;"2025-12-01 14:25:45";"2025-12-01 14:25:45"
019adaf2-ee31-70cb-b992-e7e612a3c3d3;"arquitetura espanhola";otherTopic;VCAA;1883;NULL;"2025-12-01 14:25:45";"2025-12-01 14:25:45"
019adaf2-ee9e-7226-b017-0b5f97a4994d;"arquitetura espontânea";otherTopic;VCAA;1884;NULL;"2025-12-01 14:25:45";"2025-12-01 14:25:45"
019adaf2-ef0a-7346-b807-004eefb9b008;"arquitetura fantástica";otherTopic;VCAA;1885;NULL;"2025-12-01 14:25:45";"2025-12-01 14:25:45"
019adaf2-ef78-72cd-a458-0c0ff6db7f76;"arquitetura gótica";otherTopic;VCAA;168;NULL;"2025-12-01 14:25:45";"2025-12-01 14:25:45"
019adaf2-efe5-7387-820c-f959ebb39418;"arquitetura inclusiva";otherTopic;VCAA;7633;NULL;"2025-12-01 14:25:45";"2025-12-01 14:25:45"
019adaf2-f053-7090-a103-02fd2396f67c;"arquitetura kitsch";otherTopic;VCAA;2499;NULL;"2025-12-01 14:25:45";"2025-12-01 14:25:45"
019adaf2-f0c0-70de-823d-08f50f4a25e1;"arquitetura luso-brasileira";otherTopic;VCAA;1889;NULL;"2025-12-01 14:25:45";"2025-12-01 14:25:45"
019adaf2-f12c-72d9-8e6d-16047fee0b06;"arquitetura neo-românica";otherTopic;VCAA;1893;NULL;"2025-12-01 14:25:45";"2025-12-01 14:25:45"
019adaf2-f199-71c5-b1f2-41c2d4372084;"arquitetura neoclássica";otherTopic;VCAA;1894;NULL;"2025-12-01 14:25:46";"2025-12-01 14:25:46"
019adaf2-f204-70b5-8b3c-741792a689df;"arquitetura neocolonial";otherTopic;VCAA;2501;NULL;"2025-12-01 14:25:46";"2025-12-01 14:25:46"
019adaf2-f272-724f-861d-ce632e1c448c;"arquitetura neogótica";otherTopic;VCAA;1895;NULL;"2025-12-01 14:25:46";"2025-12-01 14:25:46"
019adaf2-f2de-70d1-aea0-f293f6686fcb;"arquitetura neogrega";otherTopic;VCAA;1896;NULL;"2025-12-01 14:25:46";"2025-12-01 14:25:46"
019adaf2-f34b-71f6-b7b2-73e8134deadf;"arquitetura orgânica";otherTopic;VCAA;2498;NULL;"2025-12-01 14:25:46";"2025-12-01 14:25:46"
019adaf2-f3b9-7006-89db-d436db037690;"arquitetura paulista";otherTopic;VCAA;1892;NULL;"2025-12-01 14:25:46";"2025-12-01 14:25:46"
019adaf2-f425-7014-a892-4c18d5d1ff00;"arquitetura popular";otherTopic;VCAA;175;NULL;"2025-12-01 14:25:46";"2025-12-01 14:25:46"
019adaf2-f494-70f2-9f2f-6a50426af12c;"arquitetura portuguesa";otherTopic;VCAA;176;NULL;"2025-12-01 14:25:46";"2025-12-01 14:25:46"
019adaf2-f502-7269-af50-502b0f962ac0;"arquitetura racionalista";otherTopic;VCAA;2497;NULL;"2025-12-01 14:25:46";"2025-12-01 14:25:46"
019adaf2-f56f-736f-b773-082d8e71bbe5;"arquitetura românica";otherTopic;VCAA;3567;NULL;"2025-12-01 14:25:46";"2025-12-01 14:25:46"
019adaf2-f5db-7351-95fe-8adb8fda5dff;"arquitetura rupestre";otherTopic;VCAA;6546;NULL;"2025-12-01 14:25:47";"2025-12-01 14:25:47"
019adaf2-f649-7022-8abf-437f3250b5b2;"arquitetura sustentável";otherTopic;VCAA;5397;NULL;"2025-12-01 14:25:47";"2025-12-01 14:25:47"
019adaf2-f6b5-727a-abdd-8e6e75a88e2a;"arquitetura teuto-brasileira";otherTopic;VCAA;180;NULL;"2025-12-01 14:25:47";"2025-12-01 14:25:47"
019adaf2-f724-70a0-ad13-d77fba45a025;"arquitetura vernacular";otherTopic;VCAA;181;NULL;"2025-12-01 14:25:47";"2025-12-01 14:25:47"
019adaf2-f8e2-70c5-9ffb-cdd80e923bcf;"arquitetura (elementos)";otherTopic;VCAA;2506;NULL;"2025-12-01 14:25:47";"2025-12-01 14:25:47"
019adaf2-f958-7101-aead-5766fd5003d0;"arquitetura de interiores";otherTopic;VCAA;2158;NULL;"2025-12-01 14:25:47";"2025-12-01 14:25:47"
019adaf2-f9c6-73dd-80b7-7f5cad8b906b;"arquitetura de terra";otherTopic;VCAA;5725;NULL;"2025-12-01 14:25:48";"2025-12-01 14:25:48"
019adaf2-fa34-7245-8725-775c480ab6f5;"arquitetura funerária";otherTopic;VCAA;6337;NULL;"2025-12-01 14:25:48";"2025-12-01 14:25:48"
019adaf2-faa1-70dd-9c94-248c345a7b20;"arquitetura hospitalar";otherTopic;VCAA;1887;NULL;"2025-12-01 14:25:48";"2025-12-01 14:25:48"
019adaf2-fb0e-704b-b5a0-ad4deed84ca8;"arquitetura militar";otherTopic;VCAA;1890;NULL;"2025-12-01 14:25:48";"2025-12-01 14:25:48"
019adaf2-fb7b-7254-b216-7f7ec488bd28;"arquitetura paisagística";otherTopic;VCAA;31;NULL;"2025-12-01 14:25:48";"2025-12-01 14:25:48"
019adaf2-fbe8-7258-b014-528789906b23;"arquitetura prisional";otherTopic;VCAA;177;NULL;"2025-12-01 14:25:48";"2025-12-01 14:25:48"
019adaf2-fc56-73d9-b6fb-42d908f80935;"arquitetura religiosa";otherTopic;VCAA;2502;NULL;"2025-12-01 14:25:48";"2025-12-01 14:25:48"
019adaf2-fcc4-7311-9f75-0bf8b215f2ce;"arquitetura subterrânea";otherTopic;VCAA;6340;NULL;"2025-12-01 14:25:48";"2025-12-01 14:25:48"
019adaf2-fd30-73e0-b2f1-abf03f8d6e4c;"edifícios (estrutura)";otherTopic;VCAA;6798;NULL;"2025-12-01 14:25:48";"2025-12-01 14:25:48"
019adaf2-fed9-73e7-b16f-7fafc5dfb4f5;culto;otherTopic;VCAA;2084;NULL;"2025-12-01 14:25:49";"2025-12-01 14:25:49"
019adaf2-ff45-70c3-b90d-0df5b65eedd9;"cultura e lazer";otherTopic;VCAA;3077;NULL;"2025-12-01 14:25:49";"2025-12-01 14:25:49"
019adaf2-ffb0-707f-ab58-f0d577b7ac68;"ensino e pesquisa";otherTopic;VCAA;2127;NULL;"2025-12-01 14:25:49";"2025-12-01 14:25:49"
019adaf3-001d-731d-8699-38819d77e159;habitação;otherTopic;VCAA;2043;NULL;"2025-12-01 14:25:49";"2025-12-01 14:25:49"
019adaf3-008b-7318-a417-8d01cb098712;produção;otherTopic;VCAA;2261;NULL;"2025-12-01 14:25:49";"2025-12-01 14:25:49"
019adaf3-00f9-73e3-9003-fc6af91e9c0f;"saúde e assistência social";otherTopic;VCAA;2123;NULL;"2025-12-01 14:25:49";"2025-12-01 14:25:49"
019adaf3-0166-709b-86ba-68c03e155341;segurança;otherTopic;VCAA;6819;NULL;"2025-12-01 14:25:50";"2025-12-01 14:25:50"
019adaf3-01d5-71c0-956c-5877ca9ded5e;trabalho;otherTopic;VCAA;2260;NULL;"2025-12-01 14:25:50";"2025-12-01 14:25:50"
019adaf3-0243-70a6-b49f-446ef6897e6a;transporte;otherTopic;VCAA;6817;NULL;"2025-12-01 14:25:50";"2025-12-01 14:25:50"
019adaf3-03de-7010-84f9-f356730ad67b;"arquitetura antiga";otherTopic;VCAA;2495;NULL;"2025-12-01 14:25:50";"2025-12-01 14:25:50"
019adaf3-0457-7064-849b-dec103498f8c;"arquitetura clássica";otherTopic;VCAA;1878;NULL;"2025-12-01 14:25:50";"2025-12-01 14:25:50"
019adaf3-04c5-7324-b7f9-71e9f11b89dd;"arquitetura contemporânea";otherTopic;VCAA;162;NULL;"2025-12-01 14:25:50";"2025-12-01 14:25:50"
019adaf3-0533-7068-9f0e-ab1579a4c368;"arquitetura da renascença";otherTopic;VCAA;1881;NULL;"2025-12-01 14:25:51";"2025-12-01 14:25:51"
019adaf3-05a1-71a5-b034-dbb2903cd2ec;"arquitetura medieval";otherTopic;VCAA;2487;NULL;"2025-12-01 14:25:51";"2025-12-01 14:25:51"
019adaf3-060e-7119-a44c-d9bb48a2bd39;"arquitetura moderna";otherTopic;VCAA;173;NULL;"2025-12-01 14:25:51";"2025-12-01 14:25:51"
019adaf3-067c-71f8-a600-44a39f10c2b2;"arquitetura pré-histórica";otherTopic;VCAA;2496;NULL;"2025-12-01 14:25:51";"2025-12-01 14:25:51"
019adaf3-06e8-7372-8cf1-e36cfa65c733;"arquitetura primitiva";otherTopic;VCAA;2494;NULL;"2025-12-01 14:25:51";"2025-12-01 14:25:51"
019adaf3-0880-70bb-b274-2f3c85eee28c;"avaliação da construção";otherTopic;VCAA;2544;NULL;"2025-12-01 14:25:51";"2025-12-01 14:25:51"
019adaf3-08ee-7314-8622-bdd514ee6f50;"canteiros de obra";otherTopic;VCAA;1945;NULL;"2025-12-01 14:25:51";"2025-12-01 14:25:51"
019adaf3-095b-7267-9948-553f84aea961;"processos construtivos";otherTopic;VCAA;3142;NULL;"2025-12-01 14:25:52";"2025-12-01 14:25:52"
019adaf3-09c9-7377-8517-4330b68da024;"projetos de arquitetura";otherTopic;VCAA;2547;NULL;"2025-12-01 14:25:52";"2025-12-01 14:25:52"
019adaf3-0a37-7179-8b4d-92fb13476ad1;"sistemas construtivos";otherTopic;VCAA;2017;NULL;"2025-12-01 14:25:52";"2025-12-01 14:25:52"
019adaf3-0aa6-72e6-b348-0a2133272ee9;terrenos;otherTopic;VCAA;6918;NULL;"2025-12-01 14:25:52";"2025-12-01 14:25:52"
019adaf3-0c96-7024-a215-828137a4b0b4;"teoria da arquitetura";otherTopic;VCAA;5062;NULL;"2025-12-01 14:25:52";"2025-12-01 14:25:52"
019adaf3-0e52-7327-ae48-abe6098531f1;cortiços;otherTopic;VCAA;420;NULL;"2025-12-01 14:25:53";"2025-12-01 14:25:53"
019adaf3-0ecb-713d-a9b4-1ecb532dc154;favelas;otherTopic;VCAA;2303;NULL;"2025-12-01 14:25:53";"2025-12-01 14:25:53"
019adaf3-0f38-7136-aa6f-34d499f615ff;ocupação;otherTopic;VCAA;2304;NULL;"2025-12-01 14:25:53";"2025-12-01 14:25:53"
019adaf3-10ca-7257-b2fb-16f70922df34;"cidades antigas";otherTopic;VCAA;5026;NULL;"2025-12-01 14:25:53";"2025-12-01 14:25:53"
019adaf3-113d-7017-8e93-2061721ae0d0;"cidades capitais";otherTopic;VCAA;5027;NULL;"2025-12-01 14:25:54";"2025-12-01 14:25:54"
019adaf3-11ab-7010-abe2-c05cbfe96583;"cidades coloniais";otherTopic;VCAA;5028;NULL;"2025-12-01 14:25:54";"2025-12-01 14:25:54"
019adaf3-121a-7036-922f-bdaf8b43b286;"cidades do futuro";otherTopic;VCAA;5029;NULL;"2025-12-01 14:25:54";"2025-12-01 14:25:54"
019adaf3-1287-7057-9913-7ec8a842b54b;"cidades dormitório";otherTopic;VCAA;5030;NULL;"2025-12-01 14:25:54";"2025-12-01 14:25:54"
019adaf3-12f5-704c-90e3-a5283ce02df1;"cidades genéricas";otherTopic;VCAA;347;NULL;"2025-12-01 14:25:54";"2025-12-01 14:25:54"
019adaf3-1363-7246-af4f-88879c9c95d9;"cidades históricas";otherTopic;VCAA;5031;NULL;"2025-12-01 14:25:54";"2025-12-01 14:25:54"
019adaf3-13cf-71ed-b073-6b0662ea3901;"cidades ideais";otherTopic;VCAA;5032;NULL;"2025-12-01 14:25:54";"2025-12-01 14:25:54"
019adaf3-143d-7180-999f-22a5c307784d;"cidades imaginárias";otherTopic;VCAA;5033;NULL;"2025-12-01 14:25:54";"2025-12-01 14:25:54"
019adaf3-14aa-730c-8fe5-341779b6e49f;"cidades industriais";otherTopic;VCAA;5034;NULL;"2025-12-01 14:25:54";"2025-12-01 14:25:54"
019adaf3-1517-7266-aa79-be5a98c49508;"cidades lineares";otherTopic;VCAA;5035;NULL;"2025-12-01 14:25:55";"2025-12-01 14:25:55"
019adaf3-1584-725a-b353-c3a90103bee4;"cidades médias";otherTopic;VCAA;5036;NULL;"2025-12-01 14:25:55";"2025-12-01 14:25:55"
019adaf3-15f3-7367-be87-91f4056067e7;"cidades novas";otherTopic;VCAA;5037;NULL;"2025-12-01 14:25:55";"2025-12-01 14:25:55"
019adaf3-1661-71b5-859f-f6f8206674d0;"cidades pequenas";otherTopic;VCAA;5038;NULL;"2025-12-01 14:25:55";"2025-12-01 14:25:55"
019adaf3-16ce-71c7-b393-20174779f980;"cidades portuárias";otherTopic;VCAA;5039;NULL;"2025-12-01 14:25:55";"2025-12-01 14:25:55"
019adaf3-173a-7016-b7f6-76a1afbf89a1;"cidades satélites";otherTopic;VCAA;5040;NULL;"2025-12-01 14:25:55";"2025-12-01 14:25:55"
019adaf3-17a8-7152-abcc-884e3cb89931;"cidades turísticas";otherTopic;VCAA;5041;NULL;"2025-12-01 14:25:55";"2025-12-01 14:25:55"
019adaf3-1816-70c1-959a-61c1e2d78b4b;"cidades universitárias";otherTopic;VCAA;349;NULL;"2025-12-01 14:25:55";"2025-12-01 14:25:55"
019adaf3-1882-72a9-bd71-300ac089fd8e;cidades-jardins;otherTopic;VCAA;5042;NULL;"2025-12-01 14:25:55";"2025-12-01 14:25:55"
019adaf3-1a33-70ba-967a-cd8077317c9f;acostamento;otherTopic;VCAA;2514;NULL;"2025-12-01 14:25:56";"2025-12-01 14:25:56"
019adaf3-1aa4-737c-b750-dafdc6408714;calçadas;otherTopic;VCAA;1864;NULL;"2025-12-01 14:25:56";"2025-12-01 14:25:56"
019adaf3-1b10-7135-a1f8-24b4aabbc2b9;"canteiro central";otherTopic;VCAA;2513;NULL;"2025-12-01 14:25:56";"2025-12-01 14:25:56"
019adaf3-1b7e-71e4-82e8-9809af911393;"circulação de pedestres";otherTopic;VCAA;361;NULL;"2025-12-01 14:25:56";"2025-12-01 14:25:56"
019adaf3-1bed-712b-befc-22e1d47e2991;elevadores;otherTopic;VCAA;2515;NULL;"2025-12-01 14:25:56";"2025-12-01 14:25:56"
019adaf3-1c5c-7080-837e-99b008ee64f0;estacionamento;otherTopic;VCAA;528;NULL;"2025-12-01 14:25:56";"2025-12-01 14:25:56"
019adaf3-1ccb-73dd-a564-1ba9d427c412;"faixa de ônibus";otherTopic;VCAA;561;NULL;"2025-12-01 14:25:57";"2025-12-01 14:25:57"
019adaf3-1d39-70ef-a46e-4b722b1f7090;orla;otherTopic;VCAA;2157;NULL;"2025-12-01 14:25:57";"2025-12-01 14:25:57"
019adaf3-1da7-715a-a155-424c53b1f35b;passarelas;otherTopic;VCAA;1866;NULL;"2025-12-01 14:25:57";"2025-12-01 14:25:57"
019adaf3-1e16-7273-8157-4f4878928f16;pontes;otherTopic;VCAA;1857;NULL;"2025-12-01 14:25:57";"2025-12-01 14:25:57"
019adaf3-1e84-7074-905e-38a560efffa0;terminal;otherTopic;VCAA;2329;NULL;"2025-12-01 14:25:57";"2025-12-01 14:25:57"
019adaf3-1ef4-71b8-8803-8b6bbc651aa4;túneis;otherTopic;VCAA;1665;NULL;"2025-12-01 14:25:57";"2025-12-01 14:25:57"
019adaf3-1f64-7102-a2e9-670ca3dfc994;viadutos;otherTopic;VCAA;1860;NULL;"2025-12-01 14:25:57";"2025-12-01 14:25:57"
019adaf3-1fd2-71a5-9406-774f0e29e8b9;"vias urbanas";otherTopic;VCAA;1852;NULL;"2025-12-01 14:25:57";"2025-12-01 14:25:57"
019adaf3-21a4-722b-872d-7b6302988f6e;bicicletário;otherTopic;VCAA;243;NULL;"2025-12-01 14:25:58";"2025-12-01 14:25:58"
019adaf3-2219-72f9-997f-129de22cacfc;"equipamento urbano para deficientes";otherTopic;VCAA;5021;NULL;"2025-12-01 14:25:58";"2025-12-01 14:25:58"
019adaf3-2285-73f1-b8cf-b1e4d101bbfc;"mobiliário urbano";otherTopic;VCAA;5043;NULL;"2025-12-01 14:25:58";"2025-12-01 14:25:58"
019adaf3-22f3-7168-b6ea-970ed4ddb8cd;"pontos de ônibus";otherTopic;VCAA;2516;NULL;"2025-12-01 14:25:58";"2025-12-01 14:25:58"
019adaf3-2362-7387-a950-a7f07e666ba3;"pontos de táxi";otherTopic;VCAA;952;NULL;"2025-12-01 14:25:58";"2025-12-01 14:25:58"
019adaf3-23d1-72c5-9003-92f547d35676;"terminais de ônibus";otherTopic;VCAA;6916;NULL;"2025-12-01 14:25:58";"2025-12-01 14:25:58"
019adaf3-25a4-7395-9018-1a4208d2b626;"áreas agroindustriais";otherTopic;VCAA;3389;NULL;"2025-12-01 14:25:59";"2025-12-01 14:25:59"
019adaf3-2617-71f4-8f3c-6f7d153ffc0e;"áreas centrais";otherTopic;VCAA;5688;NULL;"2025-12-01 14:25:59";"2025-12-01 14:25:59"
019adaf3-2684-7323-82ce-9cd6f8088e74;"áreas comerciais";otherTopic;VCAA;5694;NULL;"2025-12-01 14:25:59";"2025-12-01 14:25:59"
019adaf3-26f2-7347-b39a-4165c40e22ad;"áreas culturais";otherTopic;VCAA;3390;NULL;"2025-12-01 14:25:59";"2025-12-01 14:25:59"
019adaf3-2760-71f9-a733-7cd4d0f1c2c4;"áreas hospitalares";otherTopic;VCAA;3391;NULL;"2025-12-01 14:25:59";"2025-12-01 14:25:59"
019adaf3-27ce-733f-a86c-28b929e980a5;"áreas industriais";otherTopic;VCAA;5701;NULL;"2025-12-01 14:25:59";"2025-12-01 14:25:59"
019adaf3-283a-7322-a8e5-53eea40ab704;"áreas metropolitanas";otherTopic;VCAA;5706;NULL;"2025-12-01 14:25:59";"2025-12-01 14:25:59"
019adaf3-28a9-70e4-a3fe-7548d3d474bc;"áreas portuárias";otherTopic;VCAA;3392;NULL;"2025-12-01 14:26:00";"2025-12-01 14:26:00"
019adaf3-2917-7159-a596-5609ce9ef2da;"áreas residenciais";otherTopic;VCAA;5713;NULL;"2025-12-01 14:26:00";"2025-12-01 14:26:00"
019adaf3-2985-718d-ba4e-9e9fe41da359;"áreas turísticas";otherTopic;VCAA;5716;NULL;"2025-12-01 14:26:00";"2025-12-01 14:26:00"
019adaf3-29f1-7243-98c9-7c14b15cb988;balneários;otherTopic;VCAA;216;NULL;"2025-12-01 14:26:00";"2025-12-01 14:26:00"
019adaf3-2a5e-733d-b55b-6163bab4c328;"campus universitário";otherTopic;VCAA;2311;NULL;"2025-12-01 14:26:00";"2025-12-01 14:26:00"
019adaf3-2acb-70b8-961a-f781a95025ba;cemitério;otherTopic;VCAA;328;NULL;"2025-12-01 14:26:00";"2025-12-01 14:26:00"
019adaf3-2b39-72d7-ad16-5a0dbf035e97;"centros cívicos";otherTopic;VCAA;329;NULL;"2025-12-01 14:26:00";"2025-12-01 14:26:00"
019adaf3-2ba6-704e-ab04-2d3a588b34e2;"centros comerciais";otherTopic;VCAA;330;NULL;"2025-12-01 14:26:00";"2025-12-01 14:26:00"
019adaf3-2c14-702f-9b0f-f81107845bc3;"centros de saúde";otherTopic;VCAA;3395;NULL;"2025-12-01 14:26:00";"2025-12-01 14:26:00"
019adaf3-2c82-73e6-88e6-b7fa2c5744e6;"centros históricos";otherTopic;VCAA;335;NULL;"2025-12-01 14:26:01";"2025-12-01 14:26:01"
019adaf3-2cf0-7371-930d-4a1909b6bfae;"centros recreativos";otherTopic;VCAA;336;NULL;"2025-12-01 14:26:01";"2025-12-01 14:26:01"
019adaf3-2d5d-71c5-8799-c35c218a172b;condomínios;otherTopic;VCAA;395;NULL;"2025-12-01 14:26:01";"2025-12-01 14:26:01"
019adaf3-2dcb-73f0-9145-20033c20b141;"conjuntos habitacionais";otherTopic;VCAA;398;NULL;"2025-12-01 14:26:01";"2025-12-01 14:26:01"
019adaf3-2e38-7000-8c3a-0d0c877c0bd3;"conjuntos residenciais";otherTopic;VCAA;1364;NULL;"2025-12-01 14:26:01";"2025-12-01 14:26:01"
019adaf3-2ea4-7190-8346-274c84448d7e;crematórios;otherTopic;VCAA;3406;NULL;"2025-12-01 14:26:01";"2025-12-01 14:26:01"
019adaf3-2f12-71ea-9369-e45beaae2ecc;"localização industrial";otherTopic;VCAA;3398;NULL;"2025-12-01 14:26:01";"2025-12-01 14:26:01"
019adaf3-2f7f-70b0-b7bc-ff1ac23ef369;"localização residencial";otherTopic;VCAA;3399;NULL;"2025-12-01 14:26:01";"2025-12-01 14:26:01"
019adaf3-2fec-7367-828b-f1761c4c7ce4;necrotérios;otherTopic;VCAA;3408;NULL;"2025-12-01 14:26:01";"2025-12-01 14:26:01"
019adaf3-318c-70de-9c4f-76b2c931a7cc;"abastecimento de água";otherTopic;VCAA;3152;NULL;"2025-12-01 14:26:02";"2025-12-01 14:26:02"
019adaf3-3200-721b-b7a3-fb197ab4bec9;"abastecimento de alimentos";otherTopic;VCAA;3153;NULL;"2025-12-01 14:26:02";"2025-12-01 14:26:02"
019adaf3-326e-72d6-9eb2-106ee5974d64;"banheiros públicos";otherTopic;VCAA;3154;NULL;"2025-12-01 14:26:02";"2025-12-01 14:26:02"
019adaf3-32dc-71c3-8b93-26be08393ef2;"cabines telefônicas";otherTopic;VCAA;3155;NULL;"2025-12-01 14:26:02";"2025-12-01 14:26:02"
019adaf3-334a-719a-8310-fc748a62d86f;dutos;otherTopic;VCAA;2849;NULL;"2025-12-01 14:26:02";"2025-12-01 14:26:02"
019adaf3-33b9-71a4-9528-3363c2196e7a;"energia elétrica";otherTopic;VCAA;3157;NULL;"2025-12-01 14:26:02";"2025-12-01 14:26:02"
019adaf3-3426-716f-ae00-7f2d3a3df89e;esgoto;otherTopic;VCAA;3158;NULL;"2025-12-01 14:26:03";"2025-12-01 14:26:03"
019adaf3-3492-722a-9fb2-3250239f577d;"estações de água";otherTopic;VCAA;3159;NULL;"2025-12-01 14:26:03";"2025-12-01 14:26:03"
019adaf3-3501-73bd-933a-928f6ed8b5ce;gás;otherTopic;VCAA;3160;NULL;"2025-12-01 14:26:03";"2025-12-01 14:26:03"
019adaf3-356e-7123-9fa5-801630de1db0;lixo;otherTopic;VCAA;722;NULL;"2025-12-01 14:26:03";"2025-12-01 14:26:03"
019adaf3-35dc-71e5-b46d-265bb1028509;placa;otherTopic;VCAA;929;NULL;"2025-12-01 14:26:03";"2025-12-01 14:26:03"
019adaf3-364a-70f2-b4a3-ea86b153ef90;sinalização;otherTopic;VCAA;1083;NULL;"2025-12-01 14:26:03";"2025-12-01 14:26:03"
019adaf3-36b9-7089-a058-e734905804d9;"sistemas de transporte";otherTopic;VCAA;2319;NULL;"2025-12-01 14:26:03";"2025-12-01 14:26:03"
019adaf3-3726-73cd-a9c8-ce8352385239;telefonia;otherTopic;VCAA;3161;NULL;"2025-12-01 14:26:03";"2025-12-01 14:26:03"
019adaf3-3795-7344-b019-47340d390b74;torre;otherTopic;VCAA;1165;NULL;"2025-12-01 14:26:03";"2025-12-01 14:26:03"
019adaf3-3953-732c-89de-3eef625c66bf;"loteamento urbano";otherTopic;VCAA;5019;NULL;"2025-12-01 14:26:04";"2025-12-01 14:26:04"
019adaf3-39ca-7262-9119-937893a095ce;"loteamentos clandestinos";otherTopic;VCAA;5017;NULL;"2025-12-01 14:26:04";"2025-12-01 14:26:04"
019adaf3-3b6f-704e-b74d-f9093e54293a;"operações interligadas";otherTopic;VCAA;3631;NULL;"2025-12-01 14:26:04";"2025-12-01 14:26:04"
019adaf3-3d05-7076-bab9-0b5523d29b22;"patrimônio arquitetônico";otherTopic;VCAA;872;NULL;"2025-12-01 14:26:05";"2025-12-01 14:26:05"
019adaf3-3e90-715b-aa26-bf74b3826824;"aglomerações rurais";otherTopic;VCAA;3410;NULL;"2025-12-01 14:26:05";"2025-12-01 14:26:05"
019adaf3-3f00-715d-909d-dece4a07a481;conurbação;otherTopic;VCAA;3411;NULL;"2025-12-01 14:26:05";"2025-12-01 14:26:05"
019adaf3-408c-71d3-8d10-e61e15780f54;"ruído dos transportes";otherTopic;VCAA;3640;NULL;"2025-12-01 14:26:06";"2025-12-01 14:26:06"
019adaf3-4224-730f-b697-1e3dea4df592;"carta de Andes";otherTopic;VCAA;3417;NULL;"2025-12-01 14:26:06";"2025-12-01 14:26:06"
019adaf3-429b-73bf-bf40-c96f77b2d8f0;"carta de Atenas";otherTopic;VCAA;3413;NULL;"2025-12-01 14:26:06";"2025-12-01 14:26:06"
019adaf3-4309-711e-9c68-01766198cabb;"carta de Machu Pichu";otherTopic;VCAA;3414;NULL;"2025-12-01 14:26:06";"2025-12-01 14:26:06"
019adaf3-4376-71f6-9eec-dfe7080f5ff7;"carta de Punta del Este";otherTopic;VCAA;3415;NULL;"2025-12-01 14:26:06";"2025-12-01 14:26:06"
019adaf3-43e2-703e-93f1-6e999391136d;"carta de Veneza";otherTopic;VCAA;3416;NULL;"2025-12-01 14:26:07";"2025-12-01 14:26:07"
019adaf3-444f-7186-91c9-c5dce31697ca;"descentralização urbana";otherTopic;VCAA;3418;NULL;"2025-12-01 14:26:07";"2025-12-01 14:26:07"
019adaf3-44bc-707d-904f-94c6daf35cf9;tombamento;otherTopic;VCAA;1161;NULL;"2025-12-01 14:26:07";"2025-12-01 14:26:07"
019adaf3-452a-73cb-a218-cd63ac98121f;trânsito;otherTopic;VCAA;1170;NULL;"2025-12-01 14:26:07";"2025-12-01 14:26:07"
019adaf3-4598-7334-bf65-4c9232502d4f;urbanização;otherTopic;VCAA;1193;NULL;"2025-12-01 14:26:07";"2025-12-01 14:26:07"
019adaf3-473c-7218-9103-94a28861c6fa;"zoneamento rural";otherTopic;VCAA;5015;NULL;"2025-12-01 14:26:07";"2025-12-01 14:26:07"
019adaf3-47ac-725f-848a-a12fbebe813f;"zoneamento urbano";otherTopic;VCAA;5016;NULL;"2025-12-01 14:26:08";"2025-12-01 14:26:08"
019adaf3-4955-7283-8c0b-d5d92c41e62d;vegetalismo;otherTopic;VCAA;4996;NULL;"2025-12-01 14:26:08";"2025-12-01 14:26:08"
019adaf3-4af6-7351-b135-fade58b043fa;"second empire";otherTopic;VCAA;7402;NULL;"2025-12-01 14:26:08";"2025-12-01 14:26:08"
019adaf3-4c93-730e-bc77-819b37900ba8;"arte antiga";otherTopic;VCAA;2726;NULL;"2025-12-01 14:26:09";"2025-12-01 14:26:09"
019adaf3-4cfe-716b-9097-c6b40d0fd6da;"arte contemporânea";otherTopic;VCAA;7076;NULL;"2025-12-01 14:26:09";"2025-12-01 14:26:09"
019adaf3-4d6c-701f-b642-bbfde89c315d;"arte medieval";otherTopic;VCAA;3000;NULL;"2025-12-01 14:26:09";"2025-12-01 14:26:09"
019adaf3-4dd9-72d0-9d6a-fb59d9b04c25;"arte moderna";otherTopic;VCAA;3003;NULL;"2025-12-01 14:26:09";"2025-12-01 14:26:09"
019adaf3-4e46-73af-bc6e-2440f5e85056;"arte pré-histórica";otherTopic;VCAA;3017;NULL;"2025-12-01 14:26:09";"2025-12-01 14:26:09"
019adaf3-4eb2-7070-9dee-9312690d6c48;"arte primitiva";otherTopic;VCAA;7439;NULL;"2025-12-01 14:26:09";"2025-12-01 14:26:09"
019adaf3-4f20-7371-b117-816f1397077b;barroco;otherTopic;VCAA;232;NULL;"2025-12-01 14:26:09";"2025-12-01 14:26:09"
019adaf3-4f8b-7146-8a7b-44ce48a94e05;gótico;otherTopic;VCAA;4201;NULL;"2025-12-01 14:26:10";"2025-12-01 14:26:10"
019adaf3-4ff8-72af-8f9f-1b67aa2f14c5;renascença;otherTopic;VCAA;4853;NULL;"2025-12-01 14:26:10";"2025-12-01 14:26:10"
019adaf3-5065-72f4-9c32-1ef1adc3a337;romantismo;otherTopic;VCAA;7084;NULL;"2025-12-01 14:26:10";"2025-12-01 14:26:10"
019adaf3-5202-7039-9562-3e1cb234560c;"arte aborígene";otherTopic;VCAA;7106;NULL;"2025-12-01 14:26:10";"2025-12-01 14:26:10"
019adaf3-5277-705f-a537-d948914ae473;"arte africana";otherTopic;VCAA;7107;NULL;"2025-12-01 14:26:10";"2025-12-01 14:26:10"
019adaf3-52e6-702d-b035-dc4bfbb1009a;"arte afro-americana";otherTopic;VCAA;7103;NULL;"2025-12-01 14:26:10";"2025-12-01 14:26:10"
019adaf3-5353-72fa-a9ad-24a9d8e4c922;"arte afro-brasileira";otherTopic;VCAA;48;NULL;"2025-12-01 14:26:11";"2025-12-01 14:26:11"
019adaf3-53c0-73c5-8920-1a524e486140;"arte brasileira";otherTopic;VCAA;7105;NULL;"2025-12-01 14:26:11";"2025-12-01 14:26:11"
019adaf3-542c-71c0-a2ff-2aec7a9aa803;"arte indígena";otherTopic;VCAA;2926;NULL;"2025-12-01 14:26:11";"2025-12-01 14:26:11"
019adaf3-5499-7141-a802-1ed60a828250;"arte negra";otherTopic;VCAA;3007;NULL;"2025-12-01 14:26:11";"2025-12-01 14:26:11"
019adaf3-5507-70ca-a782-f0df441200fa;"arte pré-colombiana";otherTopic;VCAA;3016;NULL;"2025-12-01 14:26:11";"2025-12-01 14:26:11"
019adaf3-5574-70ef-a84b-3a81a2ce2ad1;"Ashanti (povo africano)";otherTopic;VCAA;3165;NULL;"2025-12-01 14:26:11";"2025-12-01 14:26:11"
019adaf3-55e2-7101-8c21-ffffa9e2ca50;italianos;otherTopic;VCAA;4338;NULL;"2025-12-01 14:26:11";"2025-12-01 14:26:11"
019adaf3-5650-7273-a255-e398d7b93fa9;japoneses;otherTopic;VCAA;4299;NULL;"2025-12-01 14:26:11";"2025-12-01 14:26:11"
019adaf3-57ea-72ff-b30a-93f52d3281da;"arranjos de natal";otherTopic;VCAA;2808;NULL;"2025-12-01 14:26:12";"2025-12-01 14:26:12"
019adaf3-5856-7316-9603-196735ee644f;"arte floral";otherTopic;VCAA;2986;NULL;"2025-12-01 14:26:12";"2025-12-01 14:26:12"
019adaf3-58c3-72d2-8a5a-a994bb233624;"arte têxtil";otherTopic;VCAA;3115;NULL;"2025-12-01 14:26:12";"2025-12-01 14:26:12"
019adaf3-5931-7363-8afa-76f6fa989b92;caligrafia;otherTopic;VCAA;3235;NULL;"2025-12-01 14:26:12";"2025-12-01 14:26:12"
019adaf3-599f-73b0-ae30-3773e2baee3e;cestaria;otherTopic;VCAA;3279;NULL;"2025-12-01 14:26:12";"2025-12-01 14:26:12"
019adaf3-5a0d-71b5-a235-29a64fc58cd1;gliptica;otherTopic;VCAA;4199;NULL;"2025-12-01 14:26:12";"2025-12-01 14:26:12"
019adaf3-5a7c-738a-b662-18fc8bf34ff1;maquiagem;otherTopic;VCAA;4419;NULL;"2025-12-01 14:26:12";"2025-12-01 14:26:12"
019adaf3-5aea-7294-b80f-ce0fd2a29bcf;marchetaria;otherTopic;VCAA;4421;NULL;"2025-12-01 14:26:12";"2025-12-01 14:26:12"
019adaf3-5b56-703b-bc07-91397335f2a6;"mosaico (processo)";otherTopic;VCAA;4470;NULL;"2025-12-01 14:26:13";"2025-12-01 14:26:13"
019adaf3-5bc3-713f-b1f1-f5eefb451ab9;ornamentação;otherTopic;VCAA;1541;NULL;"2025-12-01 14:26:13";"2025-12-01 14:26:13"
019adaf3-5c30-7079-a653-9ca5d5730650;ourivesaria;otherTopic;VCAA;4649;NULL;"2025-12-01 14:26:13";"2025-12-01 14:26:13"
019adaf3-5c9e-7021-b972-2ca5f9d45293;vitrais;otherTopic;VCAA;5241;NULL;"2025-12-01 14:26:13";"2025-12-01 14:26:13"
019adaf3-5e56-7266-8eb4-16fc443ce9d7;"arte performática";otherTopic;VCAA;2948;NULL;"2025-12-01 14:26:13";"2025-12-01 14:26:13"
019adaf3-5ecf-72db-b03e-f0533dace39c;"artes circenses";otherTopic;VCAA;3124;NULL;"2025-12-01 14:26:13";"2025-12-01 14:26:13"
019adaf3-5f3c-7340-b037-0c3f722874ed;cenografia;otherTopic;VCAA;3713;NULL;"2025-12-01 14:26:14";"2025-12-01 14:26:14"
019adaf3-5fa9-73c8-8674-eb566b17f479;"charada (gênero)";otherTopic;VCAA;3736;NULL;"2025-12-01 14:26:14";"2025-12-01 14:26:14"
019adaf3-6016-7048-b2e9-b74517d8870c;cinema;otherTopic;VCAA;4196;NULL;"2025-12-01 14:26:14";"2025-12-01 14:26:14"
019adaf3-6084-72f3-8ea4-52662296947e;dança;otherTopic;VCAA;3842;NULL;"2025-12-01 14:26:14";"2025-12-01 14:26:14"
019adaf3-60f2-71a9-9c2c-1d84af28b2aa;disparate;otherTopic;VCAA;3958;NULL;"2025-12-01 14:26:14";"2025-12-01 14:26:14"
019adaf3-615f-7069-adaf-45422004654f;entre-ato;otherTopic;VCAA;3990;NULL;"2025-12-01 14:26:14";"2025-12-01 14:26:14"
019adaf3-61cd-7139-b20f-f8bde88e6202;entremez;otherTopic;VCAA;3553;NULL;"2025-12-01 14:26:14";"2025-12-01 14:26:14"
019adaf3-623a-71a0-8c40-fefe1ebd9774;"mágica (gênero)";otherTopic;VCAA;4538;NULL;"2025-12-01 14:26:14";"2025-12-01 14:26:14"
019adaf3-62a6-7029-9fb3-0417831872e0;"milagre (gênero)";otherTopic;VCAA;4440;NULL;"2025-12-01 14:26:14";"2025-12-01 14:26:14"
019adaf3-6313-712e-9677-59adf7d7c2a2;"representação (artes do espetáculo)";otherTopic;VCAA;4858;NULL;"2025-12-01 14:26:15";"2025-12-01 14:26:15"
019adaf3-6381-7336-aa2c-b5387dc0a087;teatro;otherTopic;VCAA;5617;NULL;"2025-12-01 14:26:15";"2025-12-01 14:26:15"
019adaf3-6529-7398-a030-dbc73483f527;"arte vestível";otherTopic;VCAA;7612;NULL;"2025-12-01 14:26:15";"2025-12-01 14:26:15"
019adaf3-6595-7192-810c-a67ff47f3930;"artes gráficas";otherTopic;VCAA;3037;NULL;"2025-12-01 14:26:15";"2025-12-01 14:26:15"
019adaf3-6600-7319-b912-6e6b9f44863f;"artes plásticas";otherTopic;VCAA;3126;NULL;"2025-12-01 14:26:15";"2025-12-01 14:26:15"
019adaf3-666e-725e-bbea-7d8078e9e6b7;colagem;otherTopic;VCAA;3341;NULL;"2025-12-01 14:26:15";"2025-12-01 14:26:15"
019adaf3-66dc-725c-829c-1b062078f79f;"percepção visual";otherTopic;VCAA;4754;NULL;"2025-12-01 14:26:16";"2025-12-01 14:26:16"
019adaf3-686c-705c-87cf-b495bae574b3;"bonecas de cerâmica";otherTopic;VCAA;3588;NULL;"2025-12-01 14:26:16";"2025-12-01 14:26:16"
019adaf3-68df-704e-998c-5c1f40b6df44;"boneco de luva";otherTopic;VCAA;3217;NULL;"2025-12-01 14:26:16";"2025-12-01 14:26:16"
019adaf3-694d-73c6-a7fd-484652e1f71c;"boneco de vara";otherTopic;VCAA;3589;NULL;"2025-12-01 14:26:16";"2025-12-01 14:26:16"
019adaf3-69ba-712c-be0f-fd6e3cb2d4e0;bordados;otherTopic;VCAA;3590;NULL;"2025-12-01 14:26:16";"2025-12-01 14:26:16"
019adaf3-6a26-72e1-8128-4acb03fa81ed;"brinquedos artesanais";otherTopic;VCAA;3220;NULL;"2025-12-01 14:26:16";"2025-12-01 14:26:16"
019adaf3-6a92-70df-8c5c-dd8b169b1a36;crochê;otherTopic;VCAA;3376;NULL;"2025-12-01 14:26:16";"2025-12-01 14:26:16"
019adaf3-6aff-7124-af65-d2dab8c473dd;ikebana;otherTopic;VCAA;4259;NULL;"2025-12-01 14:26:17";"2025-12-01 14:26:17"
019adaf3-6b6d-715d-bb21-1ef2242440b7;macramê;otherTopic;VCAA;4410;NULL;"2025-12-01 14:26:17";"2025-12-01 14:26:17"
019adaf3-6bdb-727c-a226-ddd0359b891c;origami;otherTopic;VCAA;4644;NULL;"2025-12-01 14:26:17";"2025-12-01 14:26:17"
019adaf3-6c49-707d-a29d-5e8f4125407d;patchwork;otherTopic;VCAA;4749;NULL;"2025-12-01 14:26:17";"2025-12-01 14:26:17"
019adaf3-6cb7-737d-87c9-2d5fb12fdfa2;rendas;otherTopic;VCAA;5123;NULL;"2025-12-01 14:26:17";"2025-12-01 14:26:17"
019adaf3-6d23-710e-907e-c87b570bf4ad;tapeçaria;otherTopic;VCAA;5185;NULL;"2025-12-01 14:26:17";"2025-12-01 14:26:17"
019adaf3-6d92-73d5-875e-904ccf4e337f;trançado;otherTopic;VCAA;4973;NULL;"2025-12-01 14:26:17";"2025-12-01 14:26:17"
019adaf3-6dff-7339-adad-405e6e16f6ee;tricô;otherTopic;VCAA;5205;NULL;"2025-12-01 14:26:17";"2025-12-01 14:26:17"
019adaf3-6f9b-7036-97c2-a158d6a573cc;"equipamentos fotográficos";otherTopic;VCAA;3998;NULL;"2025-12-01 14:26:18";"2025-12-01 14:26:18"
019adaf3-7011-7081-a469-a096b38a79e7;"estúdios fotográficos";otherTopic;VCAA;3709;NULL;"2025-12-01 14:26:18";"2025-12-01 14:26:18"
019adaf3-707d-7226-89a9-a1b588b4f120;"exposições de fotografias";otherTopic;VCAA;3718;NULL;"2025-12-01 14:26:18";"2025-12-01 14:26:18"
019adaf3-70ea-737b-b79c-b49b41588b8e;fotoconceitual;otherTopic;VCAA;3916;NULL;"2025-12-01 14:26:18";"2025-12-01 14:26:18"
019adaf3-7159-73e2-980a-94614f0caf21;"fotografias (obra visual)";otherTopic;VCAA;3931;NULL;"2025-12-01 14:26:18";"2025-12-01 14:26:18"
019adaf3-71c6-720f-bd5e-14bb868fe2d1;fotolinguagem;otherTopic;VCAA;3937;NULL;"2025-12-01 14:26:18";"2025-12-01 14:26:18"
019adaf3-7234-7299-b0e3-3b5cf22c4b6f;"gêneros fotográficos";otherTopic;VCAA;7364;NULL;"2025-12-01 14:26:18";"2025-12-01 14:26:18"
019adaf3-72a1-7001-8115-e85b192406a1;"história da fotografia";otherTopic;VCAA;4242;NULL;"2025-12-01 14:26:19";"2025-12-01 14:26:19"
019adaf3-730d-733e-9ce7-1e8bd91660f2;"linguagem fotográfica";otherTopic;VCAA;4358;NULL;"2025-12-01 14:26:19";"2025-12-01 14:26:19"
019adaf3-7378-7330-b7d4-4845a49d3dbf;"materiais fotográficos";otherTopic;VCAA;4428;NULL;"2025-12-01 14:26:19";"2025-12-01 14:26:19"
019adaf3-73e7-708c-812a-e67ea345dcf4;"preservação e restauração de fotografias";otherTopic;VCAA;4803;NULL;"2025-12-01 14:26:19";"2025-12-01 14:26:19"
019adaf3-7455-72f4-951d-ff83c94e69a1;"semiologia da fotografia";otherTopic;VCAA;5142;NULL;"2025-12-01 14:26:19";"2025-12-01 14:26:19"
019adaf3-74c3-72d0-a36f-39095f6de069;"técnica de fotografia";otherTopic;VCAA;5309;NULL;"2025-12-01 14:26:19";"2025-12-01 14:26:19"
019adaf3-766e-7240-bc4e-dfc4ee11cc30;almanaques;otherTopic;VCAA;2645;NULL;"2025-12-01 14:26:20";"2025-12-01 14:26:20"
019adaf3-76e5-73af-b0c5-9ec72f4a1430;anuários;otherTopic;VCAA;2786;NULL;"2025-12-01 14:26:20";"2025-12-01 14:26:20"
019adaf3-7753-71f9-bd06-937c7a9dba6e;autobiografias;otherTopic;VCAA;3523;NULL;"2025-12-01 14:26:20";"2025-12-01 14:26:20"
019adaf3-77c0-71f3-a15c-a6aff74d8710;"autos (gênero)";otherTopic;VCAA;3180;NULL;"2025-12-01 14:26:20";"2025-12-01 14:26:20"
019adaf3-782e-725a-a960-c9ab0306c760;bibliografias;otherTopic;VCAA;3541;NULL;"2025-12-01 14:26:20";"2025-12-01 14:26:20"
019adaf3-789a-7008-87a6-9c5dcaea034c;biografias;otherTopic;VCAA;3211;NULL;"2025-12-01 14:26:20";"2025-12-01 14:26:20"
019adaf3-7908-7210-b106-a0c6be917e38;"diálogo (gênero)";otherTopic;VCAA;3473;NULL;"2025-12-01 14:26:20";"2025-12-01 14:26:20"
019adaf3-7975-71a6-81de-0d7870092772;elegias;otherTopic;VCAA;3506;NULL;"2025-12-01 14:26:20";"2025-12-01 14:26:20"
019adaf3-79e4-702d-8359-926a46ed5cc4;epopeia;otherTopic;VCAA;3993;NULL;"2025-12-01 14:26:20";"2025-12-01 14:26:20"
019adaf3-7a52-7340-a2f0-5f400d11e7c1;escrita;otherTopic;VCAA;3564;NULL;"2025-12-01 14:26:21";"2025-12-01 14:26:21"
019adaf3-7abf-7234-b802-dbb84dbacbd3;"espionagem (gênero)";otherTopic;VCAA;4039;NULL;"2025-12-01 14:26:21";"2025-12-01 14:26:21"
019adaf3-7b2d-724a-9328-f01c44992f0b;"fantasia (gênero)";otherTopic;VCAA;4077;NULL;"2025-12-01 14:26:21";"2025-12-01 14:26:21"
019adaf3-7b99-70ad-bbc5-9d01b5b9ed38;"ficção (gênero)";otherTopic;VCAA;3790;NULL;"2025-12-01 14:26:21";"2025-12-01 14:26:21"
019adaf3-7c06-71e2-a28e-d0a185dce1c5;"ficção científica (gênero)";otherTopic;VCAA;4090;NULL;"2025-12-01 14:26:21";"2025-12-01 14:26:21"
019adaf3-7c73-70ca-bcda-e80e6c7048cc;gospel;otherTopic;VCAA;4169;NULL;"2025-12-01 14:26:21";"2025-12-01 14:26:21"
019adaf3-7cdf-70be-90c5-d7f2ca6cd0cb;lendas;otherTopic;VCAA;4380;NULL;"2025-12-01 14:26:21";"2025-12-01 14:26:21"
019adaf3-7d4c-72a6-82e2-eafc8b2d4c61;"literatura infantil";otherTopic;VCAA;6120;NULL;"2025-12-01 14:26:21";"2025-12-01 14:26:21"
019adaf3-7db9-70a8-94dc-7ce62f0de392;"literatura infanto-juvenil";otherTopic;VCAA;4526;NULL;"2025-12-01 14:26:21";"2025-12-01 14:26:21"
019adaf3-7e26-731e-b916-f61f88744a04;"mistério (gênero)";otherTopic;VCAA;4566;NULL;"2025-12-01 14:26:21";"2025-12-01 14:26:21"
019adaf3-7e93-7361-af2e-376d852ab143;poesia;otherTopic;VCAA;4786;NULL;"2025-12-01 14:26:22";"2025-12-01 14:26:22"
019adaf3-7f01-7268-87e6-68f6b99966a4;"policial (gênero)";otherTopic;VCAA;5080;NULL;"2025-12-01 14:26:22";"2025-12-01 14:26:22"
019adaf3-7f6e-7009-858f-369a606ba336;"provérbio (gênero)";otherTopic;VCAA;5104;NULL;"2025-12-01 14:26:22";"2025-12-01 14:26:22"
019adaf3-8112-72c4-b410-31f925149060;"acústica musical";otherTopic;VCAA;2612;NULL;"2025-12-01 14:26:22";"2025-12-01 14:26:22"
019adaf3-8183-73be-88ca-6e06211fb238;"análise musical";otherTopic;VCAA;2650;NULL;"2025-12-01 14:26:22";"2025-12-01 14:26:22"
019adaf3-81f1-71b9-85d1-834a3582b7b4;"apreciação musical";otherTopic;VCAA;2665;NULL;"2025-12-01 14:26:22";"2025-12-01 14:26:22"
019adaf3-825f-706a-8ac8-442b5c469aa5;"composição musical";otherTopic;VCAA;7237;NULL;"2025-12-01 14:26:23";"2025-12-01 14:26:23"
019adaf3-82cc-715c-a2d0-39eedff954d3;"concha acústica";otherTopic;VCAA;3356;NULL;"2025-12-01 14:26:23";"2025-12-01 14:26:23"
019adaf3-8338-7181-b087-f6e8d195281e;"crítica musical";otherTopic;VCAA;3375;NULL;"2025-12-01 14:26:23";"2025-12-01 14:26:23"
019adaf3-83a5-706c-bc3b-1da6fa26af8e;"educação musical";otherTopic;VCAA;3974;NULL;"2025-12-01 14:26:23";"2025-12-01 14:26:23"
019adaf3-8412-7245-aad5-89ec3cee2d52;"elementos musicais";otherTopic;VCAA;3508;NULL;"2025-12-01 14:26:23";"2025-12-01 14:26:23"
019adaf3-847f-7057-b94d-59b66dfc427d;"evento musical";otherTopic;VCAA;3717;NULL;"2025-12-01 14:26:23";"2025-12-01 14:26:23"
019adaf3-84ec-7394-b88a-cd3f263b0ecf;"filosofia da música";otherTopic;VCAA;3901;NULL;"2025-12-01 14:26:23";"2025-12-01 14:26:23"
019adaf3-855a-728c-9acb-7963f491d4d8;"forma musical";otherTopic;VCAA;4130;NULL;"2025-12-01 14:26:23";"2025-12-01 14:26:23"
019adaf3-85c7-729d-ac5c-3ccc134fe984;"gêneros musicais";otherTopic;VCAA;7363;NULL;"2025-12-01 14:26:23";"2025-12-01 14:26:23"
019adaf3-8636-73d5-ae15-11df8852b445;"grupo instrumental";otherTopic;VCAA;4209;NULL;"2025-12-01 14:26:24";"2025-12-01 14:26:24"
019adaf3-86a2-7319-9175-965a056b1d58;"história da música";otherTopic;VCAA;4243;NULL;"2025-12-01 14:26:24";"2025-12-01 14:26:24"
019adaf3-8711-72af-888c-88ca201056ea;"instrumentos musicais";otherTopic;VCAA;4293;NULL;"2025-12-01 14:26:24";"2025-12-01 14:26:24"
019adaf3-877f-73fb-8454-a1cf3ceb5c4f;"interpretação musical";otherTopic;VCAA;4335;NULL;"2025-12-01 14:26:24";"2025-12-01 14:26:24"
019adaf3-87ed-71f9-80c8-5b1bc84f7b63;leitmotiv;otherTopic;VCAA;4353;NULL;"2025-12-01 14:26:24";"2025-12-01 14:26:24"
019adaf3-885b-7258-87e8-7b23e1af221e;"linguagem musical";otherTopic;VCAA;4386;NULL;"2025-12-01 14:26:24";"2025-12-01 14:26:24"
019adaf3-88c9-7288-bb4a-9f36aa299892;"meio de expressão musical";otherTopic;VCAA;4432;NULL;"2025-12-01 14:26:24";"2025-12-01 14:26:24"
019adaf3-8938-70d7-8d95-dbea383ee91c;"música aplicada";otherTopic;VCAA;4486;NULL;"2025-12-01 14:26:24";"2025-12-01 14:26:24"
019adaf3-89a5-7356-bea4-8d9ff742222c;musicologia;otherTopic;VCAA;4616;NULL;"2025-12-01 14:26:24";"2025-12-01 14:26:24"
019adaf3-8a10-730e-b3df-a9331ce744fe;"regência (música)";otherTopic;VCAA;4850;NULL;"2025-12-01 14:26:25";"2025-12-01 14:26:25"
019adaf3-8a7c-720e-a876-d77202fa3419;"semiologia da música";otherTopic;VCAA;4886;NULL;"2025-12-01 14:26:25";"2025-12-01 14:26:25"
019adaf3-8ae8-729e-9536-9ae207cf26c2;"sociologia da música";otherTopic;VCAA;5161;NULL;"2025-12-01 14:26:25";"2025-12-01 14:26:25"
019adaf3-8b57-70c9-933a-55698282af00;"som (música)";otherTopic;VCAA;4903;NULL;"2025-12-01 14:26:25";"2025-12-01 14:26:25"
019adaf3-8bc4-7244-b6f3-b3ad32416a60;"técnica musical";otherTopic;VCAA;4952;NULL;"2025-12-01 14:26:25";"2025-12-01 14:26:25"
019adaf3-8c31-70ef-b4da-0e962182563a;"tecnologia musical";otherTopic;VCAA;4958;NULL;"2025-12-01 14:26:25";"2025-12-01 14:26:25"
019adaf3-8c9f-7117-afeb-938f21b3b148;"temperamento musical";otherTopic;VCAA;4960;NULL;"2025-12-01 14:26:25";"2025-12-01 14:26:25"
019adaf3-8d0e-7090-98a5-ec21f15b53e5;"teoria musical";otherTopic;VCAA;5188;NULL;"2025-12-01 14:26:25";"2025-12-01 14:26:25"
019adaf3-8ecf-726e-90ad-ff927dc0f8b7;"bienais de arquitetura";otherTopic;VCAA;3208;NULL;"2025-12-01 14:26:26";"2025-12-01 14:26:26"
019adaf3-8f3e-7127-bf85-17c747e1d514;curadoria;otherTopic;VCAA;3437;NULL;"2025-12-01 14:26:26";"2025-12-01 14:26:26"
019adaf3-8fac-73ee-9556-048a3de648bf;"exposições de arte";otherTopic;VCAA;4069;NULL;"2025-12-01 14:26:26";"2025-12-01 14:26:26"
019adaf3-9019-7045-ad1c-ebc14c0430e3;"exposições itinerantes";otherTopic;VCAA;6041;NULL;"2025-12-01 14:26:26";"2025-12-01 14:26:26"
019adaf3-9087-705d-b0ff-9b38b7bd45cd;"exposições temporárias";otherTopic;VCAA;4070;NULL;"2025-12-01 14:26:26";"2025-12-01 14:26:26"
019adaf3-9226-7346-836b-62df7db6404d;"manifesto realista";otherTopic;VCAA;4417;NULL;"2025-12-01 14:26:27";"2025-12-01 14:26:27"
019adaf3-93ca-70af-afa0-102f40b5e730;"manifesto dadaísta";otherTopic;VCAA;4416;NULL;"2025-12-01 14:26:27";"2025-12-01 14:26:27"
019adaf3-9563-7218-be27-bc4138fd2d43;"manifesto futurista";otherTopic;VCAA;4541;NULL;"2025-12-01 14:26:27";"2025-12-01 14:26:27"
019adaf3-96fd-7170-ac88-c2d883c5afd9;nabis;otherTopic;VCAA;4617;NULL;"2025-12-01 14:26:28";"2025-12-01 14:26:28"
019adaf3-989c-7018-bcf1-86c4b2f625c3;medalhística;otherTopic;VCAA;4431;NULL;"2025-12-01 14:26:28";"2025-12-01 14:26:28"
019adaf3-9a31-719e-bb95-12b46141c15b;"moedas gregas";otherTopic;VCAA;4464;NULL;"2025-12-01 14:26:29";"2025-12-01 14:26:29"
019adaf3-9a9b-71d7-bd6d-562fb5c06572;"moedas romanas";otherTopic;VCAA;4572;NULL;"2025-12-01 14:26:29";"2025-12-01 14:26:29"
019adaf3-9c39-71cd-b1ca-84dada326eb4;acessórios;otherTopic;VCAA;2567;NULL;"2025-12-01 14:26:29";"2025-12-01 14:26:29"
019adaf3-9cb2-7020-8c9b-efa0888972ba;antiguidades;otherTopic;VCAA;2781;NULL;"2025-12-01 14:26:29";"2025-12-01 14:26:29"
019adaf3-9d1e-7331-8cc7-605a6623bfb1;artefatos;otherTopic;VCAA;3121;NULL;"2025-12-01 14:26:29";"2025-12-01 14:26:29"
019adaf3-9d8c-71ca-a297-de415f761e89;fantasias;otherTopic;VCAA;6048;NULL;"2025-12-01 14:26:30";"2025-12-01 14:26:30"
019adaf3-9dfa-7053-bf1a-02b9eace4e32;imagens;otherTopic;VCAA;4311;NULL;"2025-12-01 14:26:30";"2025-12-01 14:26:30"
019adaf3-9e67-7183-b2af-6523bdd949ae;"livros de artista";otherTopic;VCAA;4404;NULL;"2025-12-01 14:26:30";"2025-12-01 14:26:30"
019adaf3-9ed4-73a2-81d7-771f4ae07b36;móbiles;otherTopic;VCAA;4567;NULL;"2025-12-01 14:26:30";"2025-12-01 14:26:30"
019adaf3-9f41-7318-b4c2-af48803d9160;"obras de arte";otherTopic;VCAA;4720;NULL;"2025-12-01 14:26:30";"2025-12-01 14:26:30"
019adaf3-9faf-7068-bc2f-372b2ca0d146;quadros;otherTopic;VCAA;4836;NULL;"2025-12-01 14:26:30";"2025-12-01 14:26:30"
019adaf3-a01c-71c2-913a-e225f695b0e2;"xerox arte";otherTopic;VCAA;5251;NULL;"2025-12-01 14:26:30";"2025-12-01 14:26:30"
019adaf3-a1f3-71f7-abd3-0d4db2e12dd8;"luz e sombra";otherTopic;VCAA;4536;NULL;"2025-12-01 14:26:31";"2025-12-01 14:26:31"
019adaf3-a260-7264-93a5-025ebd7615af;textura;otherTopic;VCAA;4965;NULL;"2025-12-01 14:26:31";"2025-12-01 14:26:31"
019adaf3-a406-70ef-91a0-daa5e317cc36;abstração;otherTopic;VCAA;2574;NULL;"2025-12-01 14:26:31";"2025-12-01 14:26:31"
019adaf3-a472-73d1-9248-683c57b95d89;apropriação;otherTopic;VCAA;2791;NULL;"2025-12-01 14:26:31";"2025-12-01 14:26:31"
019adaf3-a4e0-7119-bc74-676e4a29f8eb;"simbolismo numérico";otherTopic;VCAA;7614;NULL;"2025-12-01 14:26:31";"2025-12-01 14:26:31"
019adaf3-a678-71a2-b6c9-e37728cdd048;"composição (estética)";otherTopic;VCAA;3351;NULL;"2025-12-01 14:26:32";"2025-12-01 14:26:32"
019adaf3-a6e3-7035-b1c9-a1223c33b157;"espaço (estética)";otherTopic;VCAA;3674;NULL;"2025-12-01 14:26:32";"2025-12-01 14:26:32"
019adaf3-a750-7250-97d1-9fd39a872506;"forma (estética)";otherTopic;VCAA;3909;NULL;"2025-12-01 14:26:32";"2025-12-01 14:26:32"
019adaf3-a7be-7195-81d8-465c7282de59;grotesco;otherTopic;VCAA;4178;NULL;"2025-12-01 14:26:32";"2025-12-01 14:26:32"
019adaf3-a82b-71d9-9b93-8f908204cacc;harmonia;otherTopic;VCAA;4219;NULL;"2025-12-01 14:26:32";"2025-12-01 14:26:32"
019adaf3-a898-7051-885e-ed5e315f9385;"imitação (arte)";otherTopic;VCAA;4271;NULL;"2025-12-01 14:26:32";"2025-12-01 14:26:32"
019adaf3-a905-729f-8b79-3b5635f1076e;obras-primas;otherTopic;VCAA;4722;NULL;"2025-12-01 14:26:32";"2025-12-01 14:26:32"
019adaf3-a973-7322-8b0c-3c6653c75bb7;proporção;otherTopic;VCAA;4830;NULL;"2025-12-01 14:26:33";"2025-12-01 14:26:33"
019adaf3-ab13-71b1-9273-c214f0820991;"pastel (cor)";otherTopic;VCAA;6595;NULL;"2025-12-01 14:26:33";"2025-12-01 14:26:33"
019adaf3-acac-712f-8864-b6ba4ca12c90;"papel artesanal";otherTopic;VCAA;4746;NULL;"2025-12-01 14:26:33";"2025-12-01 14:26:33"
019adaf3-ad1b-71ae-b4d3-d343f226ac4b;"papel moeda";otherTopic;VCAA;4747;NULL;"2025-12-01 14:26:34";"2025-12-01 14:26:34"
019adaf3-aeab-7196-ac71-f0f582d2150f;"barras de reforço";otherTopic;VCAA;5779;NULL;"2025-12-01 14:26:34";"2025-12-01 14:26:34"
019adaf3-af1a-70fc-b9aa-bfabeb20ac82;"barras deformadas";otherTopic;VCAA;5782;NULL;"2025-12-01 14:26:34";"2025-12-01 14:26:34"
019adaf3-b0ad-70a7-af65-2d877b50ce3a;"blocos cerâmicos";otherTopic;VCAA;2251;NULL;"2025-12-01 14:26:34";"2025-12-01 14:26:34"
019adaf3-b119-73fb-b206-a1e0e56de30c;"blocos conjugados";otherTopic;VCAA;2258;NULL;"2025-12-01 14:26:35";"2025-12-01 14:26:35"
019adaf3-b185-73f2-a32d-e238221e26cc;"blocos de concreto";otherTopic;VCAA;2252;NULL;"2025-12-01 14:26:35";"2025-12-01 14:26:35"
019adaf3-b1f1-71ee-ba3e-6452e0cd02e3;"blocos de construção";otherTopic;VCAA;5795;NULL;"2025-12-01 14:26:35";"2025-12-01 14:26:35"
019adaf3-b25f-70da-8a02-222f988d6fd2;"blocos de pedra";otherTopic;VCAA;2253;NULL;"2025-12-01 14:26:35";"2025-12-01 14:26:35"
019adaf3-b2cb-73a6-8178-22874a2eebc2;"blocos intertravados";otherTopic;VCAA;2256;NULL;"2025-12-01 14:26:35";"2025-12-01 14:26:35"
019adaf3-b47a-706d-91c4-0e304e49e2aa;aglomerado;otherTopic;VCAA;1810;NULL;"2025-12-01 14:26:35";"2025-12-01 14:26:35"
019adaf3-b4f0-7139-be65-66b693091ff5;concreto;otherTopic;VCAA;1765;NULL;"2025-12-01 14:26:36";"2025-12-01 14:26:36"
019adaf3-b680-7039-af24-9ba3dbc56c6b;argamassa;otherTopic;VCAA;97;NULL;"2025-12-01 14:26:36";"2025-12-01 14:26:36"
019adaf3-b6f7-7039-9fce-9088876ce47b;cal;otherTopic;VCAA;1753;NULL;"2025-12-01 14:26:36";"2025-12-01 14:26:36"
019adaf3-b766-721d-9cfb-1d2016658b7b;cimento;otherTopic;VCAA;1757;NULL;"2025-12-01 14:26:36";"2025-12-01 14:26:36"
019adaf3-b7d6-73c1-9942-dca074a80fcb;"massa corrida";otherTopic;VCAA;747;NULL;"2025-12-01 14:26:36";"2025-12-01 14:26:36"
019adaf3-b97d-704c-8ebc-d71f231e651a;brita;otherTopic;VCAA;1782;NULL;"2025-12-01 14:26:37";"2025-12-01 14:26:37"
019adaf3-b9f2-725f-8c6c-6e3eb0066771;"pedra calcária";otherTopic;VCAA;1783;NULL;"2025-12-01 14:26:37";"2025-12-01 14:26:37"
019adaf3-ba61-7053-abcf-0ab21348875b;"pedra de arrecife";otherTopic;VCAA;1784;NULL;"2025-12-01 14:26:37";"2025-12-01 14:26:37"
019adaf3-bad0-737e-83fc-aaf24fbc7b5e;"pedra mineira";otherTopic;VCAA;1785;NULL;"2025-12-01 14:26:37";"2025-12-01 14:26:37"
019adaf3-bb3d-7166-8862-9d7aa8a4fe83;"pedra portuguesa";otherTopic;VCAA;1786;NULL;"2025-12-01 14:26:37";"2025-12-01 14:26:37"
019adaf3-bbab-7261-86d9-a29dcc92cb87;pedra-sabão;otherTopic;VCAA;1787;NULL;"2025-12-01 14:26:37";"2025-12-01 14:26:37"
019adaf3-bc19-715b-85e5-59bded6701a9;pedrisco;otherTopic;VCAA;885;NULL;"2025-12-01 14:26:37";"2025-12-01 14:26:37"
019adaf3-bda6-713d-bbe4-df9933abe188;"telha  de canal";otherTopic;VCAA;1791;NULL;"2025-12-01 14:26:38";"2025-12-01 14:26:38"
019adaf3-be1f-73bc-a8f4-1b5ffe44c45d;"telha de madeira";otherTopic;VCAA;1118;NULL;"2025-12-01 14:26:38";"2025-12-01 14:26:38"
019adaf3-be8d-72a5-8e8f-3f405e25d28d;"telhas calhetão";otherTopic;VCAA;1792;NULL;"2025-12-01 14:26:38";"2025-12-01 14:26:38"
019adaf3-befa-7023-bb8e-464ce046bc99;"telhas de cerâmica";otherTopic;VCAA;1793;NULL;"2025-12-01 14:26:38";"2025-12-01 14:26:38"
019adaf3-bf67-713c-b2dd-7a30601f799a;"telhas de vidro";otherTopic;VCAA;1796;NULL;"2025-12-01 14:26:38";"2025-12-01 14:26:38"
019adaf3-bfd6-7052-b580-8b0bced9ba0c;"telhas planas";otherTopic;VCAA;1797;NULL;"2025-12-01 14:26:38";"2025-12-01 14:26:38"
019adaf3-c042-72a9-bdab-090e61980a77;"telhas translúcidas";otherTopic;VCAA;1798;NULL;"2025-12-01 14:26:38";"2025-12-01 14:26:38"
019adaf3-c1d7-735e-997b-c44ea01a5cfb;tijolinho;otherTopic;VCAA;1800;NULL;"2025-12-01 14:26:39";"2025-12-01 14:26:39"
019adaf3-c24a-713c-90cf-379ee120f615;tijolito;otherTopic;VCAA;1801;NULL;"2025-12-01 14:26:39";"2025-12-01 14:26:39"
019adaf3-c2b8-71d1-b143-a86ef4e8b6a5;"tijolo à vista";otherTopic;VCAA;1802;NULL;"2025-12-01 14:26:39";"2025-12-01 14:26:39"
019adaf3-c324-7332-9476-d8921298f2df;"tijolo aparente";otherTopic;VCAA;1803;NULL;"2025-12-01 14:26:39";"2025-12-01 14:26:39"
019adaf3-c390-728a-a862-9c26b102de02;"tijolo cerâmico";otherTopic;VCAA;1804;NULL;"2025-12-01 14:26:39";"2025-12-01 14:26:39"
019adaf3-c3fe-71bd-b4a3-4348865bc407;"tijolo de barro";otherTopic;VCAA;1805;NULL;"2025-12-01 14:26:39";"2025-12-01 14:26:39"
019adaf3-c46b-734a-8bb7-4ebce747b12d;"tijolo de pedra";otherTopic;VCAA;1806;NULL;"2025-12-01 14:26:39";"2025-12-01 14:26:39"
019adaf3-c4d9-7251-98a6-a3183c8112b2;"tijolo de vidro";otherTopic;VCAA;1807;NULL;"2025-12-01 14:26:40";"2025-12-01 14:26:40"
019adaf3-c689-70d3-9243-6d1f274a74f2;"fibra de vidro";otherTopic;VCAA;2473;NULL;"2025-12-01 14:26:40";"2025-12-01 14:26:40"
019adaf3-c6fb-723f-b0ac-6263ce073cdc;"vidro espelhado";otherTopic;VCAA;1217;NULL;"2025-12-01 14:26:40";"2025-12-01 14:26:40"
019adaf3-c893-73a5-a955-a90bda3e6a50;"aço corten";otherTopic;VCAA;58;NULL;"2025-12-01 14:26:41";"2025-12-01 14:26:41"
019adaf3-c8ff-7392-8d60-0112ea0bfdd2;"aço inoxidável";otherTopic;VCAA;1745;NULL;"2025-12-01 14:26:41";"2025-12-01 14:26:41"
019adaf3-c96c-7267-8b23-8dbc0cb0e34d;"chapa de aço";otherTopic;VCAA;344;NULL;"2025-12-01 14:26:41";"2025-12-01 14:26:41"
019adaf3-cb39-7360-8864-640535577a08;vergalhão;otherTopic;VCAA;1773;NULL;"2025-12-01 14:26:41";"2025-12-01 14:26:41"
019adaf3-ccdf-7283-a92e-f4c55dad236d;"granito rosa";otherTopic;VCAA;1776;NULL;"2025-12-01 14:26:42";"2025-12-01 14:26:42"
019adaf3-ce83-7144-815c-278b464a4ce3;"mármore ojô";otherTopic;VCAA;1778;NULL;"2025-12-01 14:26:42";"2025-12-01 14:26:42"
019adaf3-d01b-7269-a216-88eb68008c98;lajota;otherTopic;VCAA;707;NULL;"2025-12-01 14:26:42";"2025-12-01 14:26:42"
019adaf3-d085-72d2-af13-cee8fb623f2c;pastilhas;otherTopic;VCAA;867;NULL;"2025-12-01 14:26:43";"2025-12-01 14:26:43"
019adaf3-d0f1-7014-a15f-438ab2807be6;porcelana;otherTopic;VCAA;2460;NULL;"2025-12-01 14:26:43";"2025-12-01 14:26:43"
019adaf3-d15f-71db-bb76-5ed00729e150;terracota;otherTopic;VCAA;2461;NULL;"2025-12-01 14:26:43";"2025-12-01 14:26:43"
019adaf3-d2ec-72fe-b694-a2a66d6d07fb;acrílico;otherTopic;VCAA;63;NULL;"2025-12-01 14:26:43";"2025-12-01 14:26:43"
019adaf3-d355-71f3-8739-0c367bfe97d6;isopor;otherTopic;VCAA;2462;NULL;"2025-12-01 14:26:43";"2025-12-01 14:26:43"
019adaf3-d3c1-7341-a90a-fb4bf9851c5e;plástico;otherTopic;VCAA;1788;NULL;"2025-12-01 14:26:43";"2025-12-01 14:26:43"
019adaf3-d555-71bc-9cee-5a79040cd9ce;bambu;otherTopic;VCAA;218;NULL;"2025-12-01 14:26:44";"2025-12-01 14:26:44"
019adaf3-d5c2-73b6-b135-ccfb8ba9a800;madeira;otherTopic;VCAA;1688;NULL;"2025-12-01 14:26:44";"2025-12-01 14:26:44"
019adaf3-d75c-71e5-b5ee-7e778309965e;"placa de fibra de alta densidade";otherTopic;VCAA;6749;NULL;"2025-12-01 14:26:44";"2025-12-01 14:26:44"
019adaf3-d7d6-7038-b7c3-ef5288453e95;"placa de fibra de baixa densidade";otherTopic;VCAA;6751;NULL;"2025-12-01 14:26:44";"2025-12-01 14:26:44"
019adaf3-d844-72b9-855a-29bd0e1733b0;"placa de fibra de densidade média";otherTopic;VCAA;6753;NULL;"2025-12-01 14:26:45";"2025-12-01 14:26:45"
019adaf3-d9ec-7177-8c52-cdff02f24536;"catalogação descritiva";otherTopic;VCAA;3261;NULL;"2025-12-01 14:26:45";"2025-12-01 14:26:45"
019adaf3-da66-7277-a991-ad81da6eb7b5;indexação;otherTopic;VCAA;4275;NULL;"2025-12-01 14:26:45";"2025-12-01 14:26:45"
019adaf3-dad5-734c-9e62-57ba7a65d817;papers;otherTopic;VCAA;6191;NULL;"2025-12-01 14:26:45";"2025-12-01 14:26:45"
019adaf3-db41-722a-9e28-7f9cda88d9d1;periódicos;otherTopic;VCAA;4676;NULL;"2025-12-01 14:26:45";"2025-12-01 14:26:45"
019adaf3-dbac-70b3-bd8e-f5095e610f96;tesauros;otherTopic;VCAA;5190;NULL;"2025-12-01 14:26:45";"2025-12-01 14:26:45"
019adaf3-dd54-723a-a909-2362d72842c6;"centros de documentação";otherTopic;VCAA;3714;NULL;"2025-12-01 14:26:46";"2025-12-01 14:26:46"
019adaf3-ddc3-70ad-9eb1-b8622a508b52;documentos;otherTopic;VCAA;3962;NULL;"2025-12-01 14:26:46";"2025-12-01 14:26:46"
019adaf3-de31-71d1-8b69-cd6aea0dc0b8;resumos;otherTopic;VCAA;5127;NULL;"2025-12-01 14:26:46";"2025-12-01 14:26:46"
019adaf3-dfc4-7332-84d2-446534bbe373;domicílios;otherTopic;VCAA;6460;NULL;"2025-12-01 14:26:46";"2025-12-01 14:26:46"
019adaf3-e033-7381-810b-ad775506c332;"habitação popular";otherTopic;VCAA;4482;NULL;"2025-12-01 14:26:47";"2025-12-01 14:26:47"
019adaf3-e0a2-72c7-96ce-8db059810e8a;moradias;otherTopic;VCAA;4185;NULL;"2025-12-01 14:26:47";"2025-12-01 14:26:47"
019adaf3-e10f-7284-a38f-f8c6a2800bc7;"política habitacional";otherTopic;VCAA;3629;NULL;"2025-12-01 14:26:47";"2025-12-01 14:26:47"
019adaf3-e29a-720a-9723-a21771271428;gestos;otherTopic;VCAA;6674;NULL;"2025-12-01 14:26:47";"2025-12-01 14:26:47"
019adaf3-e455-7240-b97f-1aa97eb19a44;jornalismo;otherTopic;VCAA;4344;NULL;"2025-12-01 14:26:48";"2025-12-01 14:26:48"
019adaf3-e4cd-7186-950e-80b23f0e8456;publicidade;otherTopic;VCAA;4834;NULL;"2025-12-01 14:26:48";"2025-12-01 14:26:48"
019adaf3-e53b-7033-b859-4d4b6abfd539;rádio;otherTopic;VCAA;7584;NULL;"2025-12-01 14:26:48";"2025-12-01 14:26:48"
019adaf3-e5ab-7364-83c3-ba04054f2117;televisão;otherTopic;VCAA;5262;NULL;"2025-12-01 14:26:48";"2025-12-01 14:26:48"
019adaf3-e745-73ba-936d-7f5e0767d2f1;carnaval;otherTopic;VCAA;3615;NULL;"2025-12-01 14:26:48";"2025-12-01 14:26:48"
019adaf3-e917-717b-b948-2ea25dae18ea;flora;otherTopic;VCAA;4123;NULL;"2025-12-01 14:26:49";"2025-12-01 14:26:49"
019adaf3-eac0-73fa-be4c-857e5441ac0e;"escola de ensino infantil (instituição)";otherTopic;VCAA;2309;NULL;"2025-12-01 14:26:49";"2025-12-01 14:26:49"
019adaf3-eb29-73f0-ae4c-d11bdc47117e;"escola de ensino médio (instituição)";otherTopic;VCAA;2310;NULL;"2025-12-01 14:26:49";"2025-12-01 14:26:49"
019adaf3-eb97-71cf-9cc1-174ad87eddc6;"escolas de ensino fundamental (instituição)";otherTopic;VCAA;2308;NULL;"2025-12-01 14:26:50";"2025-12-01 14:26:50"
019adaf3-ed41-728f-b63d-3dff8cbb5558;"assentamentos agrícolas";otherTopic;VCAA;5018;NULL;"2025-12-01 14:26:50";"2025-12-01 14:26:50"
019adaf3-eee5-7160-89a7-eb15faeff79a;mapas;otherTopic;VCAA;4544;NULL;"2025-12-01 14:26:50";"2025-12-01 14:26:50"
019adaf3-f083-721d-8ed3-25e3417c8707;grutas;otherTopic;VCAA;4210;NULL;"2025-12-01 14:26:51";"2025-12-01 14:26:51"
019adaf3-f0ef-7317-b777-89f86dac5490;pedreira;otherTopic;VCAA;884;NULL;"2025-12-01 14:26:51";"2025-12-01 14:26:51"
019adaf3-f15d-71c2-9538-b1b6c68cd189;represas;otherTopic;VCAA;1034;NULL;"2025-12-01 14:26:51";"2025-12-01 14:26:51"
019adaf3-f2f5-717c-815a-422167466bb4;"narrativas pessoais";otherTopic;VCAA;4618;NULL;"2025-12-01 14:26:51";"2025-12-01 14:26:51"
019adaf3-f48d-716a-a429-1df128a66164;"museus de arte";otherTopic;VCAA;4478;NULL;"2025-12-01 14:26:52";"2025-12-01 14:26:52"
019adaf3-f504-7159-aeee-a08a7375d729;"museus de ciência";otherTopic;VCAA;4596;NULL;"2025-12-01 14:26:52";"2025-12-01 14:26:52"
019adaf3-f571-7385-bbb4-7490a736ee84;"museus virtuais";otherTopic;VCAA;4483;NULL;"2025-12-01 14:26:52";"2025-12-01 14:26:52"
019adaf3-f709-73e3-9813-56250a85a01d;"Deuses Iorubás";otherTopic;VCAA;3472;NULL;"2025-12-01 14:26:52";"2025-12-01 14:26:52"
019adaf3-f8a8-737d-bb77-f84308c426ac;Tupinambá;otherTopic;VCAA;4321;NULL;"2025-12-01 14:26:53";"2025-12-01 14:26:53"
019adaf3-fa38-731a-839d-404781ceafee;alambiques;otherTopic;VCAA;116;NULL;"2025-12-01 14:26:53";"2025-12-01 14:26:53"
019adaf3-faa3-72b4-aa36-8a98f826d3be;"ar condicionado";otherTopic;VCAA;5635;NULL;"2025-12-01 14:26:53";"2025-12-01 14:26:53"
019adaf3-fb11-731d-be3a-0d5c72efbf08;bebedouros;otherTopic;VCAA;240;NULL;"2025-12-01 14:26:53";"2025-12-01 14:26:53"
019adaf3-fb7f-7374-90d0-0f27d17b669b;biombos;otherTopic;VCAA;3300;NULL;"2025-12-01 14:26:54";"2025-12-01 14:26:54"
019adaf3-fbec-7020-9a4d-e6e90e9b2fa1;churrasqueiras;otherTopic;VCAA;345;NULL;"2025-12-01 14:26:54";"2025-12-01 14:26:54"
019adaf3-fc5a-7348-8b29-0fc31dd59284;coifas;otherTopic;VCAA;2508;NULL;"2025-12-01 14:26:54";"2025-12-01 14:26:54"
019adaf3-fcc8-7373-978d-40027a649411;cortinas;otherTopic;VCAA;6444;NULL;"2025-12-01 14:26:54";"2025-12-01 14:26:54"
019adaf3-fd35-7071-90e5-0890a049c151;fornos;otherTopic;VCAA;6524;NULL;"2025-12-01 14:26:54";"2025-12-01 14:26:54"
019adaf3-fda2-7293-9c4c-e923937d015a;lixeiras;otherTopic;VCAA;721;NULL;"2025-12-01 14:26:54";"2025-12-01 14:26:54"
019adaf3-fe0e-7381-a84c-b328b9362ab2;luminárias;otherTopic;VCAA;728;NULL;"2025-12-01 14:26:54";"2025-12-01 14:26:54"
019adaf3-fe7b-712d-bc2b-8c5fc81cf02c;lustres;otherTopic;VCAA;730;NULL;"2025-12-01 14:26:54";"2025-12-01 14:26:54"
019adaf3-fee9-7221-b805-ecb89d2dfb94;pias;otherTopic;VCAA;898;NULL;"2025-12-01 14:26:54";"2025-12-01 14:26:54"
019adaf3-ff57-7103-983e-84570ad1f437;tanque;otherTopic;VCAA;7551;NULL;"2025-12-01 14:26:55";"2025-12-01 14:26:55"
019adaf3-ffc4-71b8-bf0e-a3c6afedc6e2;tapetes;otherTopic;VCAA;3302;NULL;"2025-12-01 14:26:55";"2025-12-01 14:26:55"
019adaf4-017d-728a-8f89-6003d67b2264;alavanca;otherTopic;VCAA;118;NULL;"2025-12-01 14:26:55";"2025-12-01 14:26:55"
019adaf4-0266-712e-b2af-880f020cfc3c;andaimes;otherTopic;VCAA;136;NULL;"2025-12-01 14:26:55";"2025-12-01 14:26:55"
019adaf4-02d3-7025-a392-ef22f9ac9780;caldeiras;otherTopic;VCAA;285;NULL;"2025-12-01 14:26:55";"2025-12-01 14:26:55"
019adaf4-0340-714c-9029-4b0734982d97;catracas;otherTopic;VCAA;327;NULL;"2025-12-01 14:26:56";"2025-12-01 14:26:56"
019adaf4-03ad-708e-b2ee-fb9b655882a8;cisterna;otherTopic;VCAA;362;NULL;"2025-12-01 14:26:56";"2025-12-01 14:26:56"
019adaf4-041b-70c1-9267-faa3fbb151db;esquadros;otherTopic;VCAA;520;NULL;"2025-12-01 14:26:56";"2025-12-01 14:26:56"
019adaf4-0488-73ac-94e4-6920a26de01b;esteio;otherTopic;VCAA;534;NULL;"2025-12-01 14:26:56";"2025-12-01 14:26:56"
019adaf4-04f5-7239-8ba8-a4134a7bc86e;guindaste;otherTopic;VCAA;635;NULL;"2025-12-01 14:26:56";"2025-12-01 14:26:56"
019adaf4-0561-70f2-a2a4-b09e56871aa8;holofote;otherTopic;VCAA;643;NULL;"2025-12-01 14:26:56";"2025-12-01 14:26:56"
019adaf4-05cf-72e5-8b2a-c204302a4183;"instalação elétrica";otherTopic;VCAA;2736;NULL;"2025-12-01 14:26:56";"2025-12-01 14:26:56"
019adaf4-063c-72f9-ad34-fa634a660624;"instalação hidráulica";otherTopic;VCAA;2735;NULL;"2025-12-01 14:26:56";"2025-12-01 14:26:56"
019adaf4-06a8-7031-928b-24aceef9d318;lonas;otherTopic;VCAA;725;NULL;"2025-12-01 14:26:56";"2025-12-01 14:26:56"
019adaf4-0716-73d7-b7b0-8bb09c05c11e;maquinário;otherTopic;VCAA;739;NULL;"2025-12-01 14:26:57";"2025-12-01 14:26:57"
019adaf4-0784-70c6-ad6c-b1ca01ca2062;pêndulo;otherTopic;VCAA;889;NULL;"2025-12-01 14:26:57";"2025-12-01 14:26:57"
019adaf4-07f1-7070-8841-3a189c0c20a8;regadores;otherTopic;VCAA;1027;NULL;"2025-12-01 14:26:57";"2025-12-01 14:26:57"
019adaf4-085f-72cb-83ad-fd526dbfcbaf;serras;otherTopic;VCAA;1074;NULL;"2025-12-01 14:26:57";"2025-12-01 14:26:57"
019adaf4-08cb-7376-b432-e45336b335a0;shaft;otherTopic;VCAA;1076;NULL;"2025-12-01 14:26:57";"2025-12-01 14:26:57"
019adaf4-0939-7261-ae94-4c4a5f0bee7e;"sistema de ar condicionado";otherTopic;VCAA;143;NULL;"2025-12-01 14:26:57";"2025-12-01 14:26:57"
019adaf4-09a7-724d-9f64-ac4798851a4a;tapume;otherTopic;VCAA;1110;NULL;"2025-12-01 14:26:57";"2025-12-01 14:26:57"
019adaf4-0b74-7019-8b1e-39ce9ef8c446;"acessibilidade ao meio físico";otherTopic;VCAA;2589;NULL;"2025-12-01 14:26:58";"2025-12-01 14:26:58"
019adaf4-0d23-7107-8960-54d860fe2764;agulhas;otherTopic;VCAA;1981;NULL;"2025-12-01 14:26:58";"2025-12-01 14:26:58"
019adaf4-0d94-72c8-b585-2fac6d43e8cd;alçapões;otherTopic;VCAA;2387;NULL;"2025-12-01 14:26:58";"2025-12-01 14:26:58"
019adaf4-0e01-7246-8971-b34b163e239a;"barreiras arquitetônicas";otherTopic;VCAA;6348;NULL;"2025-12-01 14:26:58";"2025-12-01 14:26:58"
019adaf4-0e6e-7274-8eb9-b89776d418a8;cariátides;otherTopic;VCAA;6381;NULL;"2025-12-01 14:26:58";"2025-12-01 14:26:58"
019adaf4-0edc-7206-9eb6-14a9cad171e3;chaminés;otherTopic;VCAA;341;NULL;"2025-12-01 14:26:59";"2025-12-01 14:26:59"
019adaf4-0f49-7170-80d1-a229fd9834a9;corrimão;otherTopic;VCAA;418;NULL;"2025-12-01 14:26:59";"2025-12-01 14:26:59"
019adaf4-0fb8-70d4-b496-a1bedc5e43e1;lareiras;otherTopic;VCAA;711;NULL;"2025-12-01 14:26:59";"2025-12-01 14:26:59"
019adaf4-1026-7019-9e1b-c256ba6d0f47;serralheria;otherTopic;VCAA;1075;NULL;"2025-12-01 14:26:59";"2025-12-01 14:26:59"
019adaf4-11c9-7269-8709-af8935698425;mobiliário;otherTopic;VCAA;2186;NULL;"2025-12-01 14:26:59";"2025-12-01 14:26:59"
019adaf4-123d-72d1-a63a-493245c8911b;revestimentos;otherTopic;VCAA;2159;NULL;"2025-12-01 14:26:59";"2025-12-01 14:26:59"
019adaf4-13ce-716a-8886-dad80ce01d81;mausoléu;otherTopic;VCAA;2107;NULL;"2025-12-01 14:27:00";"2025-12-01 14:27:00"
019adaf4-1442-73e9-8c87-d915cc954ebe;sarcófagos;otherTopic;VCAA;6785;NULL;"2025-12-01 14:27:00";"2025-12-01 14:27:00"
019adaf4-14af-70e6-9733-d3099e40f7cb;túmulos;otherTopic;VCAA;5212;NULL;"2025-12-01 14:27:00";"2025-12-01 14:27:00"
019adaf4-1661-7027-bee6-b64e9bf954e0;"arquitetura paisagística (elementos)";otherTopic;VCAA;1914;NULL;"2025-12-01 14:27:00";"2025-12-01 14:27:00"
019adaf4-16d4-72f0-a353-11e949d75a34;"espaços verdes";otherTopic;VCAA;1901;NULL;"2025-12-01 14:27:01";"2025-12-01 14:27:01"
019adaf4-1741-71a6-b341-6a7f4650f0e4;paisagismo;otherTopic;VCAA;2448;NULL;"2025-12-01 14:27:01";"2025-12-01 14:27:01"
019adaf4-18db-726a-bfa6-70d4a18634c9;cruz;otherTopic;VCAA;424;NULL;"2025-12-01 14:27:01";"2025-12-01 14:27:01"
019adaf4-1948-70dc-9e6e-6abac2a7160f;sinos;otherTopic;VCAA;1087;NULL;"2025-12-01 14:27:01";"2025-12-01 14:27:01"
019adaf4-1ad6-7342-8daf-dc3218173c40;"anexo (edifícios)";otherTopic;VCAA;138;NULL;"2025-12-01 14:27:02";"2025-12-01 14:27:02"
019adaf4-1b4e-739f-828e-cdfb7404c13d;"arranha céus";otherTopic;VCAA;183;NULL;"2025-12-01 14:27:02";"2025-12-01 14:27:02"
019adaf4-1bba-7222-8c8b-d43c52193f2f;"edifício curvilíneo";otherTopic;VCAA;1819;NULL;"2025-12-01 14:27:02";"2025-12-01 14:27:02"
019adaf4-1c27-73b5-8fc8-bea9905a896a;"edifício de meia";otherTopic;VCAA;993;NULL;"2025-12-01 14:27:02";"2025-12-01 14:27:02"
019adaf4-1c94-72f9-8831-c3fbc3d561e0;"edifício em lâmina";otherTopic;VCAA;1820;NULL;"2025-12-01 14:27:02";"2025-12-01 14:27:02"
019adaf4-1d02-72e1-9357-4d9dc25ea056;"edifícios auxiliares";otherTopic;VCAA;6468;NULL;"2025-12-01 14:27:02";"2025-12-01 14:27:02"
019adaf4-1d6e-7176-88cf-4aae7387775e;"edifícios de referência";otherTopic;VCAA;6481;NULL;"2025-12-01 14:27:02";"2025-12-01 14:27:02"
019adaf4-1ddd-72a7-b0d9-34c59165d580;"edifícios de uso múltiplo";otherTopic;VCAA;2766;NULL;"2025-12-01 14:27:02";"2025-12-01 14:27:02"
019adaf4-1f74-726a-ad09-722afe417d95;"edifícios religiosos";otherTopic;VCAA;2085;NULL;"2025-12-01 14:27:03";"2025-12-01 14:27:03"
019adaf4-1fe6-7074-b283-2e16655a492d;funerárias;otherTopic;VCAA;2104;NULL;"2025-12-01 14:27:03";"2025-12-01 14:27:03"
019adaf4-2054-7177-ab52-aa5393dec9c6;monumentos;otherTopic;VCAA;2101;NULL;"2025-12-01 14:27:03";"2025-12-01 14:27:03"
019adaf4-21f0-7102-ad1a-bd0600e2453b;anfiteatros;otherTopic;VCAA;2120;NULL;"2025-12-01 14:27:03";"2025-12-01 14:27:03"
019adaf4-2265-700a-bc72-48bb0b23c6e1;arenas;otherTopic;VCAA;152;NULL;"2025-12-01 14:27:04";"2025-12-01 14:27:04"
019adaf4-22d2-72ea-ad4c-f2511586ca7f;auditórios;otherTopic;VCAA;201;NULL;"2025-12-01 14:27:04";"2025-12-01 14:27:04"
019adaf4-2340-70fd-ac83-bac9bdc78f56;"centros comunitários";otherTopic;VCAA;3081;NULL;"2025-12-01 14:27:04";"2025-12-01 14:27:04"
019adaf4-23ac-72fe-9fe9-678cdb698c5e;"centros culturais";otherTopic;VCAA;3269;NULL;"2025-12-01 14:27:04";"2025-12-01 14:27:04"
019adaf4-2418-7042-856c-f513d290049c;"centros de convenções";otherTopic;VCAA;3078;NULL;"2025-12-01 14:27:04";"2025-12-01 14:27:04"
019adaf4-2488-737f-9282-abdd214b4f32;"centros para exposições";otherTopic;VCAA;3084;NULL;"2025-12-01 14:27:04";"2025-12-01 14:27:04"
019adaf4-24f6-709d-b4a0-0987b5c5f714;cinemas;otherTopic;VCAA;359;NULL;"2025-12-01 14:27:04";"2025-12-01 14:27:04"
019adaf4-2563-7323-8166-2094a58b187c;"colônia de férias";otherTopic;VCAA;377;NULL;"2025-12-01 14:27:04";"2025-12-01 14:27:04"
019adaf4-25d0-7365-bad1-7088758adc16;"complexo cultural";otherTopic;VCAA;386;NULL;"2025-12-01 14:27:04";"2025-12-01 14:27:04"
019adaf4-263d-7110-9ce6-2707cb1a20ac;"construções esportivas";otherTopic;VCAA;403;NULL;"2025-12-01 14:27:05";"2025-12-01 14:27:05"
019adaf4-26aa-725a-a5c9-3c93adb0f508;"edifícios culturais";otherTopic;VCAA;2128;NULL;"2025-12-01 14:27:05";"2025-12-01 14:27:05"
019adaf4-2717-72a6-9276-feae6e3de836;"edifícios históricos";otherTopic;VCAA;1821;NULL;"2025-12-01 14:27:05";"2025-12-01 14:27:05"
019adaf4-2785-737d-b1e9-366eda2faf8c;"edifícios para recreação";otherTopic;VCAA;2119;NULL;"2025-12-01 14:27:05";"2025-12-01 14:27:05"
019adaf4-27f4-73cb-a082-e02caf841444;galerias;otherTopic;VCAA;6669;NULL;"2025-12-01 14:27:05";"2025-12-01 14:27:05"
019adaf4-2862-7051-a441-65113992c795;"galerias de arte (edifícios)";otherTopic;VCAA;6672;NULL;"2025-12-01 14:27:05";"2025-12-01 14:27:05"
019adaf4-28ce-72df-aa3f-f4403aff4f49;"museus (edifícios)";otherTopic;VCAA;1826;NULL;"2025-12-01 14:27:05";"2025-12-01 14:27:05"
019adaf4-293d-70f9-a5de-ed2a0d45377f;orquidário;otherTopic;VCAA;817;NULL;"2025-12-01 14:27:05";"2025-12-01 14:27:05"
019adaf4-29a9-7061-99bc-4062778fd25a;"parques de diversão";otherTopic;VCAA;6736;NULL;"2025-12-01 14:27:05";"2025-12-01 14:27:05"
019adaf4-2a16-7395-bee3-e9db4f96c156;"pavilhões para exposição";otherTopic;VCAA;3079;NULL;"2025-12-01 14:27:06";"2025-12-01 14:27:06"
019adaf4-2a84-7068-8b4a-af60379e3f91;pinacoteca;otherTopic;VCAA;908;NULL;"2025-12-01 14:27:06";"2025-12-01 14:27:06"
019adaf4-2af3-714c-a749-ed17fb6e1e88;retiro;otherTopic;VCAA;2109;NULL;"2025-12-01 14:27:06";"2025-12-01 14:27:06"
019adaf4-2b5f-7249-a8ca-e9f00ebe1416;"teatros (edifício)";otherTopic;VCAA;1111;NULL;"2025-12-01 14:27:06";"2025-12-01 14:27:06"
019adaf4-2d25-719e-9ed8-87e6ab72820b;"edifícios para ensino";otherTopic;VCAA;7607;NULL;"2025-12-01 14:27:06";"2025-12-01 14:27:06"
019adaf4-2da0-7037-ab65-c3700df15845;"edifícios para pesquisa";otherTopic;VCAA;2522;NULL;"2025-12-01 14:27:06";"2025-12-01 14:27:06"
019adaf4-2f30-73fc-ba61-d5e722011604;"edifícios residenciais";otherTopic;VCAA;2509;NULL;"2025-12-01 14:27:07";"2025-12-01 14:27:07"
019adaf4-30d2-7213-9500-71da4d9005fe;"moinhos de vento";otherTopic;VCAA;6698;NULL;"2025-12-01 14:27:07";"2025-12-01 14:27:07"
019adaf4-314c-7375-a7e7-c380a7afbb74;usinas;otherTopic;VCAA;2265;NULL;"2025-12-01 14:27:07";"2025-12-01 14:27:07"
019adaf4-32e0-73ee-a58f-356e09c9c54e;"edifícios para assistência social";otherTopic;VCAA;2517;NULL;"2025-12-01 14:27:08";"2025-12-01 14:27:08"
019adaf4-334e-7070-b32e-e3ace8927139;"edifícios para saúde";otherTopic;VCAA;2518;NULL;"2025-12-01 14:27:08";"2025-12-01 14:27:08"
019adaf4-34db-7104-971f-19ee6add3281;"construções militares";otherTopic;VCAA;2284;NULL;"2025-12-01 14:27:08";"2025-12-01 14:27:08"
019adaf4-3553-7254-ba7c-235ee452ff2e;"edifícios para correição";otherTopic;VCAA;2785;NULL;"2025-12-01 14:27:08";"2025-12-01 14:27:08"
019adaf4-36e5-7103-b4e2-e6a6cb5bcd19;"edificações rurais";otherTopic;VCAA;2540;NULL;"2025-12-01 14:27:09";"2025-12-01 14:27:09"
019adaf4-3754-709e-b4e0-6e798b7180df;"edifícios administrativos";otherTopic;VCAA;2767;NULL;"2025-12-01 14:27:09";"2025-12-01 14:27:09"
019adaf4-37c2-736c-b36d-e834555fd70d;"edifícios comerciais";otherTopic;VCAA;1816;NULL;"2025-12-01 14:27:09";"2025-12-01 14:27:09"
019adaf4-3830-7279-997c-7da9b9d2629e;"edifícios de escritórios";otherTopic;VCAA;6478;NULL;"2025-12-01 14:27:09";"2025-12-01 14:27:09"
019adaf4-389e-70f3-a168-2946207377a3;"edifícios industriais";otherTopic;VCAA;1817;NULL;"2025-12-01 14:27:09";"2025-12-01 14:27:09"
019adaf4-390b-7361-85d3-0213986453c6;"edifícios para comunicação";otherTopic;VCAA;2771;NULL;"2025-12-01 14:27:09";"2025-12-01 14:27:09"
019adaf4-397a-705e-b65d-863ed2cdff67;"edifícios públicos";otherTopic;VCAA;2521;NULL;"2025-12-01 14:27:09";"2025-12-01 14:27:09"
019adaf4-39e7-7369-824a-4ff0ee1a3458;sindicato;otherTopic;VCAA;2279;NULL;"2025-12-01 14:27:10";"2025-12-01 14:27:10"
019adaf4-3b81-705b-a792-083b5f65e5fb;"edifícios para transportes";otherTopic;VCAA;2519;NULL;"2025-12-01 14:27:10";"2025-12-01 14:27:10"
019adaf4-3d1c-72bb-baa9-d2c6998b9873;"arquitetura neolítica";otherTopic;VCAA;6547;NULL;"2025-12-01 14:27:10";"2025-12-01 14:27:10"
019adaf4-3eb0-7080-82d7-0387b8306b81;"avaliação de desempenho";otherTopic;VCAA;2545;NULL;"2025-12-01 14:27:11";"2025-12-01 14:27:11"
019adaf4-3f28-732b-9eee-182aa64155a0;"avaliação pós-ocupação";otherTopic;VCAA;2546;NULL;"2025-12-01 14:27:11";"2025-12-01 14:27:11"
019adaf4-40cd-70b7-a1b7-03248e6fa72a;"alojamentos de obra";otherTopic;VCAA;2479;NULL;"2025-12-01 14:27:11";"2025-12-01 14:27:11"
019adaf4-413e-725f-8512-2724bf5c0364;entulho;otherTopic;VCAA;489;NULL;"2025-12-01 14:27:11";"2025-12-01 14:27:11"
019adaf4-41ab-7156-b827-6e011678f1c5;pranchado;otherTopic;VCAA;2480;NULL;"2025-12-01 14:27:12";"2025-12-01 14:27:12"
019adaf4-4364-72d9-911c-28f040d720d1;autoconstrução;otherTopic;VCAA;3143;NULL;"2025-12-01 14:27:12";"2025-12-01 14:27:12"
019adaf4-43d3-7193-9465-c210a8674039;entalhe;otherTopic;VCAA;487;NULL;"2025-12-01 14:27:12";"2025-12-01 14:27:12"
019adaf4-4441-7054-8d85-258a258d9ba2;estaiamento;otherTopic;VCAA;3144;NULL;"2025-12-01 14:27:12";"2025-12-01 14:27:12"
019adaf4-44af-70e0-9c5f-dce9aec8d9b9;forração;otherTopic;VCAA;578;NULL;"2025-12-01 14:27:12";"2025-12-01 14:27:12"
019adaf4-451c-707c-adab-c82f28d7560a;"fundações (processos construtivos)";otherTopic;VCAA;603;NULL;"2025-12-01 14:27:12";"2025-12-01 14:27:12"
019adaf4-4588-719c-bae1-4df90d1adc39;modulação;otherTopic;VCAA;771;NULL;"2025-12-01 14:27:13";"2025-12-01 14:27:13"
019adaf4-45f7-72c9-b41c-36b0c400e30d;mutirão;otherTopic;VCAA;3146;NULL;"2025-12-01 14:27:13";"2025-12-01 14:27:13"
019adaf4-4666-7366-bd03-7d3683d79ba6;obra;otherTopic;VCAA;802;NULL;"2025-12-01 14:27:13";"2025-12-01 14:27:13"
019adaf4-46d3-70b5-afb9-f8f1a3a77143;pavimentação;otherTopic;VCAA;2003;NULL;"2025-12-01 14:27:13";"2025-12-01 14:27:13"
019adaf4-4742-73da-9e37-677b30ac8e0b;reboco;otherTopic;VCAA;1020;NULL;"2025-12-01 14:27:13";"2025-12-01 14:27:13"
019adaf4-47af-7296-b444-0a4e0bb952bc;restauração;otherTopic;VCAA;1036;NULL;"2025-12-01 14:27:13";"2025-12-01 14:27:13"
019adaf4-495b-7140-815c-f39ba277be33;"composição arquitetônica";otherTopic;VCAA;2690;NULL;"2025-12-01 14:27:14";"2025-12-01 14:27:14"
019adaf4-49c5-717b-a507-a67a81b447c9;"conforto ambiental";otherTopic;VCAA;2705;NULL;"2025-12-01 14:27:14";"2025-12-01 14:27:14"
019adaf4-4a31-7045-90ec-f70f03afbe35;"desenhos arquitetônicos";otherTopic;VCAA;2691;NULL;"2025-12-01 14:27:14";"2025-12-01 14:27:14"
019adaf4-4a9f-718e-9104-b0ecd71ecac4;"estética do projeto";otherTopic;VCAA;2703;NULL;"2025-12-01 14:27:14";"2025-12-01 14:27:14"
019adaf4-4b0c-711c-8e62-fd23af288ddb;maquetes;otherTopic;VCAA;738;NULL;"2025-12-01 14:27:14";"2025-12-01 14:27:14"
019adaf4-4b79-70d6-9333-fae022699f14;"planos de especificação da obra";otherTopic;VCAA;2733;NULL;"2025-12-01 14:27:14";"2025-12-01 14:27:14"
019adaf4-4d15-7205-a36b-772f09379264;"elementos construtivos";otherTopic;VCAA;1682;NULL;"2025-12-01 14:27:14";"2025-12-01 14:27:14"
019adaf4-4d8f-70da-bc88-d31a3dc7abbb;"sistema construtivo modular";otherTopic;VCAA;2019;NULL;"2025-12-01 14:27:15";"2025-12-01 14:27:15"
019adaf4-4f20-7231-8301-26a16ce2fe7a;gleba;otherTopic;VCAA;614;NULL;"2025-12-01 14:27:15";"2025-12-01 14:27:15"
019adaf4-4f93-7353-bf8b-f4a0365f82ce;"terreno baldio";otherTopic;VCAA;2040;NULL;"2025-12-01 14:27:15";"2025-12-01 14:27:15"
019adaf4-5139-7195-b676-217395640aa3;barracos;otherTopic;VCAA;229;NULL;"2025-12-01 14:27:16";"2025-12-01 14:27:16"
019adaf4-5308-737b-afe5-226ea9b632b0;calçadões;otherTopic;VCAA;1865;NULL;"2025-12-01 14:27:16";"2025-12-01 14:27:16"
019adaf4-54b6-73a2-973b-1051487b2676;"ponte elevada";otherTopic;VCAA;1858;NULL;"2025-12-01 14:27:16";"2025-12-01 14:27:16"
019adaf4-5528-71fc-9d15-678c3fa3d5f6;"pontes estaiadas";otherTopic;VCAA;1859;NULL;"2025-12-01 14:27:17";"2025-12-01 14:27:17"
019adaf4-56ce-7331-9907-fe5ddd7d5182;alamedas;otherTopic;VCAA;2153;NULL;"2025-12-01 14:27:17";"2025-12-01 14:27:17"
019adaf4-5743-7358-9d31-0bcee752cb7a;"avenida marginal";otherTopic;VCAA;743;NULL;"2025-12-01 14:27:17";"2025-12-01 14:27:17"
019adaf4-57b1-71c7-b320-63e5aa974c49;avenidas;otherTopic;VCAA;1854;NULL;"2025-12-01 14:27:17";"2025-12-01 14:27:17"
019adaf4-581e-7256-bf5b-9d00afdf5145;esquinas;otherTopic;VCAA;521;NULL;"2025-12-01 14:27:17";"2025-12-01 14:27:17"
019adaf4-588b-705d-bc7f-650d8a10a470;ladeira;otherTopic;VCAA;692;NULL;"2025-12-01 14:27:17";"2025-12-01 14:27:17"
019adaf4-58f9-7201-a29d-f7d974caa7be;largo;otherTopic;VCAA;2352;NULL;"2025-12-01 14:27:18";"2025-12-01 14:27:18"
019adaf4-5966-71ed-8100-c2a927ce8a8d;rotatória;otherTopic;VCAA;2341;NULL;"2025-12-01 14:27:18";"2025-12-01 14:27:18"
019adaf4-59d3-72f5-8261-f62a9164dd4b;ruas;otherTopic;VCAA;6778;NULL;"2025-12-01 14:27:18";"2025-12-01 14:27:18"
019adaf4-5a40-7119-8465-d98d5b4b7f83;"via expressa";otherTopic;VCAA;1863;NULL;"2025-12-01 14:27:18";"2025-12-01 14:27:18"
019adaf4-5aad-727e-9f4f-af752a566bf7;viela;otherTopic;VCAA;1219;NULL;"2025-12-01 14:27:18";"2025-12-01 14:27:18"
019adaf4-5c99-73ec-ba62-0f14991cdac6;"bancos de praça";otherTopic;VCAA;5044;NULL;"2025-12-01 14:27:18";"2025-12-01 14:27:18"
019adaf4-5e58-73cb-b15b-ed65766ed568;catacumbas;otherTopic;VCAA;3405;NULL;"2025-12-01 14:27:19";"2025-12-01 14:27:19"
019adaf4-5ec9-7117-aebe-96e6afb6b12a;sepulturas;otherTopic;VCAA;1072;NULL;"2025-12-01 14:27:19";"2025-12-01 14:27:19"
019adaf4-5f36-7063-8005-5658f6d6fde2;velórios;otherTopic;VCAA;3403;NULL;"2025-12-01 14:27:19";"2025-12-01 14:27:19"
019adaf4-60c7-7029-be4f-ea44642ebc6e;mocambos;otherTopic;VCAA;3393;NULL;"2025-12-01 14:27:20";"2025-12-01 14:27:20"
019adaf4-6135-7237-9fba-56f3f8bfa1ba;pelourinho;otherTopic;VCAA;888;NULL;"2025-12-01 14:27:20";"2025-12-01 14:27:20"
019adaf4-62cb-73ed-b2f3-39a7a9a6c985;"condomínios comerciais";otherTopic;VCAA;3396;NULL;"2025-12-01 14:27:20";"2025-12-01 14:27:20"
019adaf4-633f-7006-b430-17a4054e62a3;"condomínios residenciais";otherTopic;VCAA;396;NULL;"2025-12-01 14:27:20";"2025-12-01 14:27:20"
019adaf4-64dd-71cc-99c9-4d4d0847ee9d;"urnas funerárias";otherTopic;VCAA;3407;NULL;"2025-12-01 14:27:21";"2025-12-01 14:27:21"
019adaf4-66d6-703d-8f21-b0b7b60adb9f;bairros;otherTopic;VCAA;206;NULL;"2025-12-01 14:27:21";"2025-12-01 14:27:21"
019adaf4-674b-7054-9ef6-654ad02be1c2;comunidades;otherTopic;VCAA;3353;NULL;"2025-12-01 14:27:21";"2025-12-01 14:27:21"
019adaf4-67b9-718c-8cde-55dd9c8ecb11;"logradouro público";otherTopic;VCAA;3402;NULL;"2025-12-01 14:27:21";"2025-12-01 14:27:21"
019adaf4-6825-722e-a835-22e309b32a15;subúrbios;otherTopic;VCAA;3400;NULL;"2025-12-01 14:27:21";"2025-12-01 14:27:21"
019adaf4-6892-726e-8451-0cf8ac1cd64c;vilas;otherTopic;VCAA;1225;NULL;"2025-12-01 14:27:22";"2025-12-01 14:27:22"
019adaf4-6a22-715c-882d-cd15397a6e90;"dutos de ar";otherTopic;VCAA;450;NULL;"2025-12-01 14:27:22";"2025-12-01 14:27:22"
019adaf4-6bb6-7244-a6d5-6c69ffd02db9;eletrodutos;otherTopic;VCAA;7562;NULL;"2025-12-01 14:27:22";"2025-12-01 14:27:22"
019adaf4-6c2b-7269-80da-06b452d886a3;postes;otherTopic;VCAA;977;NULL;"2025-12-01 14:27:22";"2025-12-01 14:27:22"
019adaf4-6dcb-73d9-a8fc-b5e957fb2177;tubulações;otherTopic;VCAA;1186;NULL;"2025-12-01 14:27:23";"2025-12-01 14:27:23"
019adaf4-6f64-733c-aeb1-d72829fceecd;"placas informativa";otherTopic;VCAA;930;NULL;"2025-12-01 14:27:23";"2025-12-01 14:27:23"
019adaf4-70fe-70a2-9b85-38f379b36492;"sinais de trânsito";otherTopic;VCAA;1627;NULL;"2025-12-01 14:27:24";"2025-12-01 14:27:24"
019adaf4-716d-70b1-bcea-2e8d22936a08;"sinalização turística";otherTopic;VCAA;1628;NULL;"2025-12-01 14:27:24";"2025-12-01 14:27:24"
019adaf4-71d9-71f9-b531-5d5b1d460060;"sinalização urbana";otherTopic;VCAA;1626;NULL;"2025-12-01 14:27:24";"2025-12-01 14:27:24"
019adaf4-736d-7342-b0c9-dcd997cb70bc;"transporte aéreo";otherTopic;VCAA;2358;NULL;"2025-12-01 14:27:24";"2025-12-01 14:27:24"
019adaf4-73da-73e9-8e92-ca7f31d4984b;"transporte de superfície";otherTopic;VCAA;2325;NULL;"2025-12-01 14:27:24";"2025-12-01 14:27:24"
019adaf4-7446-71d8-a436-f1a715e8fddf;"transporte elevado";otherTopic;VCAA;2334;NULL;"2025-12-01 14:27:24";"2025-12-01 14:27:24"
019adaf4-74c2-7133-b8a7-35ac1b504be6;"transporte ferroviário";otherTopic;VCAA;2363;NULL;"2025-12-01 14:27:25";"2025-12-01 14:27:25"
019adaf4-7531-728b-a44e-2e8a7f9a1a39;"transporte hidroviário";otherTopic;VCAA;3383;NULL;"2025-12-01 14:27:25";"2025-12-01 14:27:25"
019adaf4-759e-73ce-898a-e8e5da6984b6;"transporte maritmo";otherTopic;VCAA;2367;NULL;"2025-12-01 14:27:25";"2025-12-01 14:27:25"
019adaf4-760b-732e-9807-0ddb144a8584;"transporte privado";otherTopic;VCAA;3387;NULL;"2025-12-01 14:27:25";"2025-12-01 14:27:25"
019adaf4-7679-720b-bdbc-d7ee898c51b8;"transporte público";otherTopic;VCAA;1173;NULL;"2025-12-01 14:27:25";"2025-12-01 14:27:25"
019adaf4-76e6-738f-b8ab-c8b42a199426;"transporte rodoviário";otherTopic;VCAA;2371;NULL;"2025-12-01 14:27:25";"2025-12-01 14:27:25"
019adaf4-7756-725a-88a7-a5eaca94fdf8;"transporte subterrâneo";otherTopic;VCAA;2322;NULL;"2025-12-01 14:27:25";"2025-12-01 14:27:25"
019adaf4-77c4-73ea-9668-ef604b9babf2;"transporte urbano";otherTopic;VCAA;2320;NULL;"2025-12-01 14:27:25";"2025-12-01 14:27:25"
019adaf4-7830-718b-b251-5f0d737453d3;"zona portuária";otherTopic;VCAA;1235;NULL;"2025-12-01 14:27:26";"2025-12-01 14:27:26"
019adaf4-79ec-72dd-8871-b7a55b9de25f;"fios de telefonia";otherTopic;VCAA;573;NULL;"2025-12-01 14:27:26";"2025-12-01 14:27:26"
019adaf4-7a56-7297-a39f-b078e57211c9;"telefone público";otherTopic;VCAA;1113;NULL;"2025-12-01 14:27:26";"2025-12-01 14:27:26"
019adaf4-7bee-70ec-93aa-a18b04f37ee1;"torre de circulação";otherTopic;VCAA;1166;NULL;"2025-12-01 14:27:26";"2025-12-01 14:27:26"
019adaf4-7c65-7115-a768-976b03783bf7;"torre de controle";otherTopic;VCAA;1167;NULL;"2025-12-01 14:27:27";"2025-12-01 14:27:27"
019adaf4-7cd2-71cb-85c0-54db56162517;"torre sineira";otherTopic;VCAA;1168;NULL;"2025-12-01 14:27:27";"2025-12-01 14:27:27"
019adaf4-7e6e-73b0-a8f3-01e9f3711321;automóveis;otherTopic;VCAA;3526;NULL;"2025-12-01 14:27:27";"2025-12-01 14:27:27"
019adaf4-803d-7095-99b1-00c9f4d8f47c;"arte arcadiana";otherTopic;VCAA;2827;NULL;"2025-12-01 14:27:28";"2025-12-01 14:27:28"
019adaf4-80ab-7076-baf4-6fa3d0ef66dd;"arte assíria";otherTopic;VCAA;2886;NULL;"2025-12-01 14:27:28";"2025-12-01 14:27:28"
019adaf4-8119-71da-9e58-db6f719fb9d5;"arte babilônica";otherTopic;VCAA;2887;NULL;"2025-12-01 14:27:28";"2025-12-01 14:27:28"
019adaf4-8186-70c8-9672-c2f447ba6374;"arte celta";otherTopic;VCAA;2832;NULL;"2025-12-01 14:27:28";"2025-12-01 14:27:28"
019adaf4-81f3-73dc-9901-dfe2b001e7ad;"arte cipriota";otherTopic;VCAA;2839;NULL;"2025-12-01 14:27:28";"2025-12-01 14:27:28"
019adaf4-8260-7299-be3d-c1cc7a6fe368;"arte clássica";otherTopic;VCAA;2893;NULL;"2025-12-01 14:27:28";"2025-12-01 14:27:28"
019adaf4-82cd-70bd-a8dc-1cf5992b3429;"arte cretense";otherTopic;VCAA;2900;NULL;"2025-12-01 14:27:28";"2025-12-01 14:27:28"
019adaf4-833c-72a8-8077-554b0a115363;"arte egeia";otherTopic;VCAA;2909;NULL;"2025-12-01 14:27:28";"2025-12-01 14:27:28"
019adaf4-83a9-735b-966a-29f4672ad8fe;"arte egípcia";otherTopic;VCAA;2978;NULL;"2025-12-01 14:27:28";"2025-12-01 14:27:28"
019adaf4-8417-7016-b7f2-62f79dc74b15;"arte fenícia";otherTopic;VCAA;2917;NULL;"2025-12-01 14:27:29";"2025-12-01 14:27:29"
019adaf4-8486-727a-9db2-150b095c6158;"arte gaulesa";otherTopic;VCAA;2922;NULL;"2025-12-01 14:27:29";"2025-12-01 14:27:29"
019adaf4-84f3-71dd-a028-b0a751f9bf19;"arte grega";otherTopic;VCAA;2989;NULL;"2025-12-01 14:27:29";"2025-12-01 14:27:29"
019adaf4-8560-72fa-acf1-58ee0fdf7618;"arte hitita";otherTopic;VCAA;2991;NULL;"2025-12-01 14:27:29";"2025-12-01 14:27:29"
019adaf4-85ce-723c-bcd7-8f78c67b70ed;"arte mesopotâmica";otherTopic;VCAA;3001;NULL;"2025-12-01 14:27:29";"2025-12-01 14:27:29"
019adaf4-8639-7330-808c-89ca881aaa83;"arte micênica";otherTopic;VCAA;3002;NULL;"2025-12-01 14:27:29";"2025-12-01 14:27:29"
019adaf4-86a7-7382-8d22-b1a8623a03bc;"arte paleocristã";otherTopic;VCAA;2945;NULL;"2025-12-01 14:27:29";"2025-12-01 14:27:29"
019adaf4-8713-70c4-a068-f32cde6a2b4d;"arte persa";otherTopic;VCAA;3012;NULL;"2025-12-01 14:27:29";"2025-12-01 14:27:29"
019adaf4-877f-7362-9bf7-ab0296c075f1;"arte romana";otherTopic;VCAA;3108;NULL;"2025-12-01 14:27:29";"2025-12-01 14:27:29"
019adaf4-87ee-7208-93fc-451802d8628d;"arte sumeriana";otherTopic;VCAA;3114;NULL;"2025-12-01 14:27:30";"2025-12-01 14:27:30"
019adaf4-8984-70c0-9182-75593b0f8c92;"arte ambiental";otherTopic;VCAA;2818;NULL;"2025-12-01 14:27:30";"2025-12-01 14:27:30"
019adaf4-89ee-704a-98d6-93c1fbfba1bf;"arte computador";otherTopic;VCAA;2841;NULL;"2025-12-01 14:27:30";"2025-12-01 14:27:30"
019adaf4-8a5c-7280-b203-748b0094dd61;"arte de rua";otherTopic;VCAA;2901;NULL;"2025-12-01 14:27:30";"2025-12-01 14:27:30"
019adaf4-8aca-7160-8ae0-79c7177c2583;"arte efêmera";otherTopic;VCAA;2976;NULL;"2025-12-01 14:27:30";"2025-12-01 14:27:30"
019adaf4-8b38-7035-ab5d-eec11152a7de;"arte objetual";otherTopic;VCAA;3008;NULL;"2025-12-01 14:27:30";"2025-12-01 14:27:30"
019adaf4-8ba7-7058-b74a-ea86e139f0c5;"arte povera";otherTopic;VCAA;3014;NULL;"2025-12-01 14:27:30";"2025-12-01 14:27:30"
019adaf4-8c15-71ad-886b-65ca5ea4c8be;body-art;otherTopic;VCAA;3214;NULL;"2025-12-01 14:27:31";"2025-12-01 14:27:31"
019adaf4-8c81-70fd-a9d6-dcfcbb0a371d;"land art";otherTopic;VCAA;4371;NULL;"2025-12-01 14:27:31";"2025-12-01 14:27:31"
019adaf4-8cee-7276-ac9b-95edcb9dfb31;"op art";otherTopic;VCAA;4725;NULL;"2025-12-01 14:27:31";"2025-12-01 14:27:31"
019adaf4-8d5b-723b-a6ff-e71898d7e706;"site specific";otherTopic;VCAA;4895;NULL;"2025-12-01 14:27:31";"2025-12-01 14:27:31"
019adaf4-8f24-732f-a54e-f6eaf0eef487;"arte bizantina";otherTopic;VCAA;2830;NULL;"2025-12-01 14:27:31";"2025-12-01 14:27:31"
019adaf4-8f91-70d6-bfb5-491bfe1c29e7;"arte carolíngia";otherTopic;VCAA;2889;NULL;"2025-12-01 14:27:31";"2025-12-01 14:27:31"
019adaf4-8fff-73ea-bfe4-ecbd18f91a39;"arte copta";otherTopic;VCAA;2851;NULL;"2025-12-01 14:27:32";"2025-12-01 14:27:32"
019adaf4-906b-706a-9898-0950aea6a6fb;"arte cristã-primitiva";otherTopic;VCAA;2854;NULL;"2025-12-01 14:27:32";"2025-12-01 14:27:32"
019adaf4-90d9-7382-b919-f4af8fe8900c;"arte mecânica";otherTopic;VCAA;2929;NULL;"2025-12-01 14:27:32";"2025-12-01 14:27:32"
019adaf4-9146-73ea-be9d-2a8b9e1f4782;"arte merovíngia";otherTopic;VCAA;2931;NULL;"2025-12-01 14:27:32";"2025-12-01 14:27:32"
019adaf4-91b2-70bb-b149-5bf907404cca;"arte muçulmana";otherTopic;VCAA;2938;NULL;"2025-12-01 14:27:32";"2025-12-01 14:27:32"
019adaf4-9220-706d-8330-f2ff007d28d5;"arte otomana";otherTopic;VCAA;3009;NULL;"2025-12-01 14:27:32";"2025-12-01 14:27:32"
019adaf4-928e-7236-a733-1d48b800b0f1;"arte românica";otherTopic;VCAA;3023;NULL;"2025-12-01 14:27:32";"2025-12-01 14:27:32"
019adaf4-92fc-71f1-917b-431df8d4f69b;"arte viking";otherTopic;VCAA;3119;NULL;"2025-12-01 14:27:32";"2025-12-01 14:27:32"
019adaf4-94a6-71c6-adf0-9236709b4811;"action painting";otherTopic;VCAA;2591;NULL;"2025-12-01 14:27:33";"2025-12-01 14:27:33"
019adaf4-951e-7235-a77a-b7e4c9565596;"arte abstrata";otherTopic;VCAA;2721;NULL;"2025-12-01 14:27:33";"2025-12-01 14:27:33"
019adaf4-958b-733e-97dc-bb1b1b85b24c;"arte cinética";otherTopic;VCAA;2892;NULL;"2025-12-01 14:27:33";"2025-12-01 14:27:33"
019adaf4-95fa-73c7-9ef1-ca9ed499c464;"arte degenerada";otherTopic;VCAA;2856;NULL;"2025-12-01 14:27:33";"2025-12-01 14:27:33"
019adaf4-9667-73a1-afe4-8287dbf6e3e6;"arte tecnológica";otherTopic;VCAA;7094;NULL;"2025-12-01 14:27:33";"2025-12-01 14:27:33"
019adaf4-96d5-706e-bb64-07059d964299;cloutage;otherTopic;VCAA;3340;NULL;"2025-12-01 14:27:33";"2025-12-01 14:27:33"
019adaf4-9741-711a-8aba-2771a97b57f2;"de stijl";otherTopic;VCAA;3455;NULL;"2025-12-01 14:27:33";"2025-12-01 14:27:33"
019adaf4-97ae-708b-8798-29bd7782a671;deconstrutivismo;otherTopic;VCAA;3856;NULL;"2025-12-01 14:27:34";"2025-12-01 14:27:34"
019adaf4-981b-71ff-b44d-0e794b527220;elementarismo;otherTopic;VCAA;3979;NULL;"2025-12-01 14:27:34";"2025-12-01 14:27:34"
019adaf4-9888-708a-96a1-442afe5a61ee;especialismo;otherTopic;VCAA;4038;NULL;"2025-12-01 14:27:34";"2025-12-01 14:27:34"
019adaf4-98f6-718b-abdc-59fd2a836fd7;"figuração narrativa";otherTopic;VCAA;4091;NULL;"2025-12-01 14:27:34";"2025-12-01 14:27:34"
019adaf4-9962-710f-b0a4-19b5e59f9c12;fluxus;otherTopic;VCAA;3906;NULL;"2025-12-01 14:27:34";"2025-12-01 14:27:34"
019adaf4-99cf-7278-80ad-aeacc3f2c188;hiper-realismo;otherTopic;VCAA;4222;NULL;"2025-12-01 14:27:34";"2025-12-01 14:27:34"
019adaf4-9a3b-73a6-8c89-b8335d7a11b7;letrismo;otherTopic;VCAA;4356;NULL;"2025-12-01 14:27:34";"2025-12-01 14:27:34"
019adaf4-9aa8-73af-b52e-9f411ce54a18;minimalismo;otherTopic;VCAA;4441;NULL;"2025-12-01 14:27:34";"2025-12-01 14:27:34"
019adaf4-9b15-7159-be96-dc9c5f9b569f;"nova imagem";otherTopic;VCAA;4518;NULL;"2025-12-01 14:27:34";"2025-12-01 14:27:34"
019adaf4-9b82-72d5-89f6-794a25f51914;novecento;otherTopic;VCAA;4713;NULL;"2025-12-01 14:27:35";"2025-12-01 14:27:35"
019adaf4-9bef-71c2-8859-f32cb6828cc4;orfismo;otherTopic;VCAA;4643;NULL;"2025-12-01 14:27:35";"2025-12-01 14:27:35"
019adaf4-9c5c-73f4-997b-af83302165bb;simulacionismo;otherTopic;VCAA;4892;NULL;"2025-12-01 14:27:35";"2025-12-01 14:27:35"
019adaf4-9cca-7289-b0b0-88bd0ff70eb9;"soft style";otherTopic;VCAA;4900;NULL;"2025-12-01 14:27:35";"2025-12-01 14:27:35"
019adaf4-9d3a-71b1-b64a-36388208c269;transfigurismo;otherTopic;VCAA;5203;NULL;"2025-12-01 14:27:35";"2025-12-01 14:27:35"
019adaf4-9daa-7398-8ed1-8947fccf7af8;transvanguarda;otherTopic;VCAA;4974;NULL;"2025-12-01 14:27:35";"2025-12-01 14:27:35"
019adaf4-9f66-7247-bfb9-a7982494890e;"arte neolítica";otherTopic;VCAA;2943;NULL;"2025-12-01 14:27:36";"2025-12-01 14:27:36"
019adaf4-9fd9-714e-867c-b984cabf47c6;"arte paleolítica";otherTopic;VCAA;3010;NULL;"2025-12-01 14:27:36";"2025-12-01 14:27:36"
019adaf4-a046-709a-8c7f-0f2e0f880887;"arte parietal";otherTopic;VCAA;3011;NULL;"2025-12-01 14:27:36";"2025-12-01 14:27:36"
019adaf4-a0b4-72b2-9e32-7238a74ad367;"arte rupestre";otherTopic;VCAA;3109;NULL;"2025-12-01 14:27:36";"2025-12-01 14:27:36"
019adaf4-a25f-726f-a281-02ed4ced95cf;"arte flamenga";otherTopic;VCAA;7100;NULL;"2025-12-01 14:27:36";"2025-12-01 14:27:36"
019adaf4-a3f9-73ef-b564-46b11c03a058;Ibêji;otherTopic;VCAA;7111;NULL;"2025-12-01 14:27:37";"2025-12-01 14:27:37"
019adaf4-a58d-7101-882e-7a2dc8f7ad16;"arte plumária";otherTopic;VCAA;2951;NULL;"2025-12-01 14:27:37";"2025-12-01 14:27:37"
019adaf4-a730-7357-a333-4526c170f0a8;"arte asteca";otherTopic;VCAA;2828;NULL;"2025-12-01 14:27:38";"2025-12-01 14:27:38"
019adaf4-a7a2-7267-8db2-aaeb065af717;"arte chancay";otherTopic;VCAA;2890;NULL;"2025-12-01 14:27:38";"2025-12-01 14:27:38"
019adaf4-a80f-7184-800f-eccb40f93559;"arte chavin";otherTopic;VCAA;2833;NULL;"2025-12-01 14:27:38";"2025-12-01 14:27:38"
019adaf4-a87d-7334-bb1c-a711ad16c676;"arte chimu";otherTopic;VCAA;2891;NULL;"2025-12-01 14:27:38";"2025-12-01 14:27:38"
019adaf4-a8ea-738f-90ca-67e2f71d1631;"arte inca";otherTopic;VCAA;2925;NULL;"2025-12-01 14:27:38";"2025-12-01 14:27:38"
019adaf4-a957-7184-9df1-9716346878ff;"arte maia";otherTopic;VCAA;2928;NULL;"2025-12-01 14:27:38";"2025-12-01 14:27:38"
019adaf4-a9c5-72ed-92f3-1a81f5408a06;"arte marajoara";otherTopic;VCAA;2995;NULL;"2025-12-01 14:27:38";"2025-12-01 14:27:38"
019adaf4-aa33-719c-bf4d-8e1129346e3b;"arte mixteca";otherTopic;VCAA;2935;NULL;"2025-12-01 14:27:38";"2025-12-01 14:27:38"
019adaf4-aa9f-7017-a93a-3e0e507b7a8c;"arte mochica";otherTopic;VCAA;2937;NULL;"2025-12-01 14:27:38";"2025-12-01 14:27:38"
019adaf4-ab0c-712b-8209-335412dc0375;"arte nasca";otherTopic;VCAA;2942;NULL;"2025-12-01 14:27:39";"2025-12-01 14:27:39"
019adaf4-ab7a-7143-8965-c9a4ad227ba5;"arte olmeca";otherTopic;VCAA;4630;NULL;"2025-12-01 14:27:39";"2025-12-01 14:27:39"
019adaf4-abe7-7208-aebb-a69156143228;"arte paracas";otherTopic;VCAA;2946;NULL;"2025-12-01 14:27:39";"2025-12-01 14:27:39"
019adaf4-ac56-7201-ba30-1e39e36557e5;"arte tiahuanaco";otherTopic;VCAA;3029;NULL;"2025-12-01 14:27:39";"2025-12-01 14:27:39"
019adaf4-acc3-704d-94bf-ebc9a18a9a3f;"arte tolteca";otherTopic;VCAA;3118;NULL;"2025-12-01 14:27:39";"2025-12-01 14:27:39"
019adaf4-ad30-71d1-8b3b-0b07e6274ef1;"arte totonaca";otherTopic;VCAA;3030;NULL;"2025-12-01 14:27:39";"2025-12-01 14:27:39"
019adaf4-ad9e-715b-9900-282d24f977f0;"arte zapoteca";otherTopic;VCAA;3120;NULL;"2025-12-01 14:27:39";"2025-12-01 14:27:39"
019adaf4-af3c-7213-969d-6e98aac6627a;presépios;otherTopic;VCAA;4801;NULL;"2025-12-01 14:27:40";"2025-12-01 14:27:40"
019adaf4-b0ce-72fe-9a34-2e8bbc3424b2;batik;otherTopic;VCAA;3194;NULL;"2025-12-01 14:27:40";"2025-12-01 14:27:40"
019adaf4-b13d-70a9-95da-463769654bbc;tecelagem;otherTopic;VCAA;4946;NULL;"2025-12-01 14:27:40";"2025-12-01 14:27:40"
019adaf4-b1ab-7383-b1b7-f2cdc7b25759;tecidos;otherTopic;VCAA;5304;NULL;"2025-12-01 14:27:40";"2025-12-01 14:27:40"
019adaf4-b338-70ff-ad34-85211ae187a5;jóias;otherTopic;VCAA;4366;NULL;"2025-12-01 14:27:41";"2025-12-01 14:27:41"
019adaf4-b526-7058-b02b-44e69578659e;performance;otherTopic;VCAA;4755;NULL;"2025-12-01 14:27:41";"2025-12-01 14:27:41"
019adaf4-b6b6-7363-90cc-ca7f55d56289;acrobacia;otherTopic;VCAA;2611;NULL;"2025-12-01 14:27:42";"2025-12-01 14:27:42"
019adaf4-b729-71f3-999e-6cd933f881e4;circos;otherTopic;VCAA;3325;NULL;"2025-12-01 14:27:42";"2025-12-01 14:27:42"
019adaf4-b794-728c-b5a4-d6d8c550a635;picadeiro;otherTopic;VCAA;4680;NULL;"2025-12-01 14:27:42";"2025-12-01 14:27:42"
019adaf4-b929-700a-9300-b27a54891d27;adereços;otherTopic;VCAA;2614;NULL;"2025-12-01 14:27:42";"2025-12-01 14:27:42"
019adaf4-b99b-7092-a749-e463fb9eb34e;"casas mal-assombradas";otherTopic;VCAA;3259;NULL;"2025-12-01 14:27:42";"2025-12-01 14:27:42"
019adaf4-ba08-7196-9110-370f251568e0;cenários;otherTopic;VCAA;3266;NULL;"2025-12-01 14:27:42";"2025-12-01 14:27:42"
019adaf4-bba9-70c7-9d40-cc0a698f5597;"cinema (exibição)";otherTopic;VCAA;7293;NULL;"2025-12-01 14:27:43";"2025-12-01 14:27:43"
019adaf4-bc1d-73c9-b834-9f5f02cca861;"crítica cinematográfica";otherTopic;VCAA;3374;NULL;"2025-12-01 14:27:43";"2025-12-01 14:27:43"
019adaf4-bc8a-7317-8760-2ef096fe3abf;"direção cinematográfica";otherTopic;VCAA;3477;NULL;"2025-12-01 14:27:43";"2025-12-01 14:27:43"
019adaf4-bcf7-7128-9e5e-56a7689b37de;"equipamentos de cinema";otherTopic;VCAA;3996;NULL;"2025-12-01 14:27:43";"2025-12-01 14:27:43"
019adaf4-bd63-718f-91a0-d99910eca306;"filosofia do cinema";otherTopic;VCAA;4119;NULL;"2025-12-01 14:27:43";"2025-12-01 14:27:43"
019adaf4-bdd1-7054-b009-14c81ef3399e;"gêneros cinematográficos";otherTopic;VCAA;4159;NULL;"2025-12-01 14:27:43";"2025-12-01 14:27:43"
019adaf4-be3e-7159-878a-4629f5e19770;"história do cinema";otherTopic;VCAA;4228;NULL;"2025-12-01 14:27:43";"2025-12-01 14:27:43"
019adaf4-beac-71cd-b7f4-6a5efe52cbef;"legislação cinematográfica";otherTopic;VCAA;4376;NULL;"2025-12-01 14:27:44";"2025-12-01 14:27:44"
019adaf4-bf19-73bf-af49-6f074dece929;"mercado cinematográfico";otherTopic;VCAA;4435;NULL;"2025-12-01 14:27:44";"2025-12-01 14:27:44"
019adaf4-bf87-73f6-9fab-51827cb6e8f7;"preservação e restauração de filmes";otherTopic;VCAA;5090;NULL;"2025-12-01 14:27:44";"2025-12-01 14:27:44"
019adaf4-bff4-7012-8930-0c28dc4465bc;roteiros;otherTopic;VCAA;5134;NULL;"2025-12-01 14:27:44";"2025-12-01 14:27:44"
019adaf4-c062-72ed-9aaa-df63be98f028;story-board;otherTopic;VCAA;5175;NULL;"2025-12-01 14:27:44";"2025-12-01 14:27:44"
019adaf4-c0d0-72d6-8ece-ad47c171df83;"técnica cinematográfica";otherTopic;VCAA;4950;NULL;"2025-12-01 14:27:44";"2025-12-01 14:27:44"
019adaf4-c13d-713c-9148-87155c808cbe;"teoria do cinema";otherTopic;VCAA;4962;NULL;"2025-12-01 14:27:44";"2025-12-01 14:27:44"
019adaf4-c2e3-71ae-9300-00ee4a8b09d0;"academias de dança";otherTopic;VCAA;2575;NULL;"2025-12-01 14:27:45";"2025-12-01 14:27:45"
019adaf4-c34f-714c-aa46-b3341de209e3;"companhias de dança";otherTopic;VCAA;3350;NULL;"2025-12-01 14:27:45";"2025-12-01 14:27:45"
019adaf4-c3bd-7342-9f07-46f4be62c020;"estética da dança";otherTopic;VCAA;4042;NULL;"2025-12-01 14:27:45";"2025-12-01 14:27:45"
019adaf4-c42b-708c-84b2-7e9462f31637;"gêneros de dança";otherTopic;VCAA;4163;NULL;"2025-12-01 14:27:45";"2025-12-01 14:27:45"
019adaf4-c499-7219-ac11-7850f264f460;"história da dança";otherTopic;VCAA;4241;NULL;"2025-12-01 14:27:45";"2025-12-01 14:27:45"
019adaf4-c507-73b3-bd0f-2e2fc41dacb0;"técnicas de dança";otherTopic;VCAA;4954;NULL;"2025-12-01 14:27:45";"2025-12-01 14:27:45"
019adaf4-c6ac-7162-9219-414a651b451f;improvisação;otherTopic;VCAA;4315;NULL;"2025-12-01 14:27:46";"2025-12-01 14:27:46"
019adaf4-c71c-70d1-ab53-f3593b0c9bbb;"leitura dramática";otherTopic;VCAA;4354;NULL;"2025-12-01 14:27:46";"2025-12-01 14:27:46"
019adaf4-c8d5-7036-89a9-fd5b23e41fee;"adaptação teatral";otherTopic;VCAA;2613;NULL;"2025-12-01 14:27:46";"2025-12-01 14:27:46"
019adaf4-c94f-7362-982e-5d28b21cefd6;arremedo;otherTopic;VCAA;2809;NULL;"2025-12-01 14:27:46";"2025-12-01 14:27:46"
019adaf4-c9bd-7046-b6cc-e5bd5a485d52;"caracterização do ator";otherTopic;VCAA;3614;NULL;"2025-12-01 14:27:46";"2025-12-01 14:27:46"
019adaf4-ca2b-73a2-9aad-f6cb35eba6d6;"categoria teatral";otherTopic;VCAA;4161;NULL;"2025-12-01 14:27:46";"2025-12-01 14:27:46"
019adaf4-ca99-7032-8402-eb23e8fde0e8;"companhias teatrais";otherTopic;VCAA;3783;NULL;"2025-12-01 14:27:47";"2025-12-01 14:27:47"
019adaf4-cb06-72e8-91c2-1be9d59ea4b5;"crítica teatral";otherTopic;VCAA;3829;NULL;"2025-12-01 14:27:47";"2025-12-01 14:27:47"
019adaf4-cb72-713f-8bf3-c840c7f69ae7;"direção teatral";otherTopic;VCAA;3478;NULL;"2025-12-01 14:27:47";"2025-12-01 14:27:47"
019adaf4-cbde-70a2-b1e7-00eb5a210d39;dramaturgia;otherTopic;VCAA;3491;NULL;"2025-12-01 14:27:47";"2025-12-01 14:27:47"
019adaf4-cc4c-7269-aa1e-82faa36d0f6b;elenco;otherTopic;VCAA;3983;NULL;"2025-12-01 14:27:47";"2025-12-01 14:27:47"
019adaf4-ccb9-71a4-83c7-2ae15ec28365;"enredo teatral";otherTopic;VCAA;3551;NULL;"2025-12-01 14:27:47";"2025-12-01 14:27:47"
019adaf4-cd28-731e-8587-37d16b09b1b9;"espaço cênico";otherTopic;VCAA;3675;NULL;"2025-12-01 14:27:47";"2025-12-01 14:27:47"
019adaf4-cd96-70af-9de4-0ebd12f6fc93;"evento teatral";otherTopic;VCAA;4067;NULL;"2025-12-01 14:27:47";"2025-12-01 14:27:47"
019adaf4-ce02-72db-9255-735e8490dce9;"expressão corporal";otherTopic;VCAA;3723;NULL;"2025-12-01 14:27:47";"2025-12-01 14:27:47"
019adaf4-ce6e-71c3-94ac-cd74a506bf5b;"gêneros teatrais";otherTopic;VCAA;3264;NULL;"2025-12-01 14:27:48";"2025-12-01 14:27:48"
019adaf4-cedb-72d7-9944-fc1bed062a76;"história do teatro";otherTopic;VCAA;4229;NULL;"2025-12-01 14:27:48";"2025-12-01 14:27:48"
019adaf4-cf4a-73e8-accc-93b0a2af1d93;"legislação teatral";otherTopic;VCAA;4352;NULL;"2025-12-01 14:27:48";"2025-12-01 14:27:48"
019adaf4-cfb8-7041-96fc-fccfd6cfa5cc;"linguagem teatral";otherTopic;VCAA;4361;NULL;"2025-12-01 14:27:48";"2025-12-01 14:27:48"
019adaf4-d024-71ee-9e90-2fadc6a14fa2;"produção teatral";otherTopic;VCAA;4829;NULL;"2025-12-01 14:27:48";"2025-12-01 14:27:48"
019adaf4-d091-7237-a4c0-94351f6c3417;sainete;otherTopic;VCAA;4873;NULL;"2025-12-01 14:27:48";"2025-12-01 14:27:48"
019adaf4-d0fe-7056-8653-7e4fce5d7a5f;"som (teatro)";otherTopic;VCAA;5170;NULL;"2025-12-01 14:27:48";"2025-12-01 14:27:48"
019adaf4-d16c-725d-b4ed-481283550147;"sonoplastia (teatro)";otherTopic;VCAA;5173;NULL;"2025-12-01 14:27:48";"2025-12-01 14:27:48"
019adaf4-d1da-70be-8ff1-0ef2b0a1f967;"teatro e educação";otherTopic;VCAA;7339;NULL;"2025-12-01 14:27:48";"2025-12-01 14:27:48"
019adaf4-d247-70b2-95e7-ea1ec853d238;"técnica teatral";otherTopic;VCAA;5311;NULL;"2025-12-01 14:27:49";"2025-12-01 14:27:49"
019adaf4-d2b3-729e-a815-00e52c9c62c5;"teoria teatral";otherTopic;VCAA;4963;NULL;"2025-12-01 14:27:49";"2025-12-01 14:27:49"
019adaf4-d457-7268-a863-f772d085f418;criblê;otherTopic;VCAA;3373;NULL;"2025-12-01 14:27:49";"2025-12-01 14:27:49"
019adaf4-d4ca-7167-a4f4-6dd6c81e8121;"impressão em técnicas mistas";otherTopic;VCAA;4314;NULL;"2025-12-01 14:27:49";"2025-12-01 14:27:49"
019adaf4-d539-71e9-a194-689246d18186;pochoir;otherTopic;VCAA;4784;NULL;"2025-12-01 14:27:49";"2025-12-01 14:27:49"
019adaf4-d5a7-7237-87b4-bbb243efdcbd;reprografia;otherTopic;VCAA;5125;NULL;"2025-12-01 14:27:49";"2025-12-01 14:27:49"
019adaf4-d616-715d-b769-df52332b18e9;tipografia;otherTopic;VCAA;5195;NULL;"2025-12-01 14:27:50";"2025-12-01 14:27:50"
019adaf4-d685-728d-941e-4ab1739a999f;zincografia;otherTopic;VCAA;5256;NULL;"2025-12-01 14:27:50";"2025-12-01 14:27:50"
019adaf4-d835-7291-915f-acbb5be70725;cerâmica;otherTopic;VCAA;7264;NULL;"2025-12-01 14:27:50";"2025-12-01 14:27:50"
019adaf4-d8a7-7104-adb8-cb0a53c4262c;desenho;otherTopic;VCAA;35;NULL;"2025-12-01 14:27:50";"2025-12-01 14:27:50"
019adaf4-d916-70ab-b3e5-9242fad49c5c;design;otherTopic;VCAA;49;NULL;"2025-12-01 14:27:50";"2025-12-01 14:27:50"
019adaf4-d982-73bd-bed2-ef36578eb4c9;escultura;otherTopic;VCAA;7272;NULL;"2025-12-01 14:27:50";"2025-12-01 14:27:50"
019adaf4-d9f0-73b8-ae29-0b32697d1621;gravura;otherTopic;VCAA;40;NULL;"2025-12-01 14:27:51";"2025-12-01 14:27:51"
019adaf4-da5d-73c9-9cd0-492d256e9e03;pintura;otherTopic;VCAA;37;NULL;"2025-12-01 14:27:51";"2025-12-01 14:27:51"
019adaf4-dc0a-737e-8b3b-339502e039a0;"acessórios fotográficos";otherTopic;VCAA;2590;NULL;"2025-12-01 14:27:51";"2025-12-01 14:27:51"
019adaf4-dc74-7084-9122-bff09f1f3940;"ampliadores fotográficos";otherTopic;VCAA;2675;NULL;"2025-12-01 14:27:51";"2025-12-01 14:27:51"
019adaf4-dce1-71cf-bbfe-177293fa45d9;"câmaras escuras";otherTopic;VCAA;3238;NULL;"2025-12-01 14:27:51";"2025-12-01 14:27:51"
019adaf4-dd4e-72d6-8985-932bd7bab59b;"câmera escura";otherTopic;VCAA;3605;NULL;"2025-12-01 14:27:51";"2025-12-01 14:27:51"
019adaf4-ddba-7129-85c4-4ed4daf277ea;"câmeras fotográficas";otherTopic;VCAA;3606;NULL;"2025-12-01 14:27:51";"2025-12-01 14:27:51"
019adaf4-de29-73a2-b56f-33a4d461033f;"equipamento de processamento fotográfico";otherTopic;VCAA;3558;NULL;"2025-12-01 14:27:52";"2025-12-01 14:27:52"
019adaf4-de95-73ea-b18f-6929f3e6b7d0;"filtros fotográficos";otherTopic;VCAA;3902;NULL;"2025-12-01 14:27:52";"2025-12-01 14:27:52"
019adaf4-df03-73ac-a5b6-ba6ce8a04907;"flashes fotográficos";otherTopic;VCAA;3904;NULL;"2025-12-01 14:27:52";"2025-12-01 14:27:52"
019adaf4-df6f-70b5-8ea1-3568dfdc9e7c;fotômetros;otherTopic;VCAA;4149;NULL;"2025-12-01 14:27:52";"2025-12-01 14:27:52"
019adaf4-dfdc-73f4-8754-7c4890bf1d06;"fuzil fotográfico";otherTopic;VCAA;4158;NULL;"2025-12-01 14:27:52";"2025-12-01 14:27:52"
019adaf4-e049-73d0-b395-c15eaa29bba4;"lentes fotográficas";otherTopic;VCAA;4382;NULL;"2025-12-01 14:27:52";"2025-12-01 14:27:52"
019adaf4-e1e5-701f-af77-5d3998557a15;fotocolagens;otherTopic;VCAA;4131;NULL;"2025-12-01 14:27:53";"2025-12-01 14:27:53"
019adaf4-e381-7155-95de-14423224e849;"fotografia arquitetônica";otherTopic;VCAA;3917;NULL;"2025-12-01 14:27:53";"2025-12-01 14:27:53"
019adaf4-e3f1-7154-a949-97f669cabdf2;"fotografia artística";otherTopic;VCAA;4137;NULL;"2025-12-01 14:27:53";"2025-12-01 14:27:53"
019adaf4-e45d-72df-b68e-4eb8e5973441;"fotografia cinematográfica";otherTopic;VCAA;3919;NULL;"2025-12-01 14:27:53";"2025-12-01 14:27:53"
019adaf4-e4cb-7271-b079-43e54878e464;"fotografia de cena";otherTopic;VCAA;3921;NULL;"2025-12-01 14:27:53";"2025-12-01 14:27:53"
019adaf4-e539-70b1-9ae9-9d9a730ab770;"fotografia de moda";otherTopic;VCAA;4139;NULL;"2025-12-01 14:27:53";"2025-12-01 14:27:53"
019adaf4-e5a5-7091-9e91-48f186405b06;"fotografia documentária";otherTopic;VCAA;3922;NULL;"2025-12-01 14:27:54";"2025-12-01 14:27:54"
019adaf4-e614-7172-81b2-36aeba35dfb4;"fotografia noturna";otherTopic;VCAA;4144;NULL;"2025-12-01 14:27:54";"2025-12-01 14:27:54"
019adaf4-e681-71a1-8254-f04fb315a0e2;"fotografia publicitária";otherTopic;VCAA;3927;NULL;"2025-12-01 14:27:54";"2025-12-01 14:27:54"
019adaf4-e6f0-73b5-b0c9-4b2e83894cea;"fotografia subjetiva";otherTopic;VCAA;3929;NULL;"2025-12-01 14:27:54";"2025-12-01 14:27:54"
019adaf4-e75c-70c8-b09e-d8c265639dfd;"fotografia submarina";otherTopic;VCAA;3928;NULL;"2025-12-01 14:27:54";"2025-12-01 14:27:54"
019adaf4-e7ca-73f5-a92f-9e88681c2cd2;fotogravura;otherTopic;VCAA;3935;NULL;"2025-12-01 14:27:54";"2025-12-01 14:27:54"
019adaf4-e838-7265-90f9-6827f721f5c4;fotojornalismo;otherTopic;VCAA;4147;NULL;"2025-12-01 14:27:54";"2025-12-01 14:27:54"
019adaf4-e8a7-7380-a64a-55c33e5802c1;selfie;otherTopic;VCAA;5141;NULL;"2025-12-01 14:27:54";"2025-12-01 14:27:54"
019adaf4-ea52-71f1-90ec-bffea0b1d056;fotossecessão;otherTopic;VCAA;3944;NULL;"2025-12-01 14:27:55";"2025-12-01 14:27:55"
019adaf4-eabd-715c-b75f-8f0e43e2d086;"invenção da fotografia";otherTopic;VCAA;4337;NULL;"2025-12-01 14:27:55";"2025-12-01 14:27:55"
019adaf4-eb2b-72a7-bf16-491b0636ac37;pictorialismo;otherTopic;VCAA;4760;NULL;"2025-12-01 14:27:55";"2025-12-01 14:27:55"
019adaf4-ece0-712c-9157-76bceba32b6e;"filmes fotográficos";otherTopic;VCAA;4116;NULL;"2025-12-01 14:27:55";"2025-12-01 14:27:55"
019adaf4-ed58-70bb-9823-79e26daf88c8;"fotograma de filmes";otherTopic;VCAA;4146;NULL;"2025-12-01 14:27:55";"2025-12-01 14:27:55"
019adaf4-edc5-71ed-a943-4bc94f76bbc5;"negativos fotográficos";otherTopic;VCAA;4505;NULL;"2025-12-01 14:27:56";"2025-12-01 14:27:56"
019adaf4-ee33-7138-a093-4780a7e5702d;"papéis fotográficos";otherTopic;VCAA;4745;NULL;"2025-12-01 14:27:56";"2025-12-01 14:27:56"
019adaf4-eea0-716d-b7e9-99da54caee77;"química fotográfica";otherTopic;VCAA;5108;NULL;"2025-12-01 14:27:56";"2025-12-01 14:27:56"
019adaf4-f04d-7291-92d9-54f81fd688d9;"acondicionamento de fotografias";otherTopic;VCAA;2588;NULL;"2025-12-01 14:27:56";"2025-12-01 14:27:56"
019adaf4-f0c4-708d-9a11-d1f5d5c4b8c6;"arquivamento de fotografias";otherTopic;VCAA;2717;NULL;"2025-12-01 14:27:56";"2025-12-01 14:27:56"
019adaf4-f132-7211-b53b-428b24123a5f;fotolivros;otherTopic;VCAA;3942;NULL;"2025-12-01 14:27:56";"2025-12-01 14:27:56"
019adaf4-f1a0-7075-913f-feb2061d48ca;"limpeza de fotografias";otherTopic;VCAA;4357;NULL;"2025-12-01 14:27:57";"2025-12-01 14:27:57"
019adaf4-f336-717a-b423-49d4458d48d9;"acabamento fotográfico";otherTopic;VCAA;2587;NULL;"2025-12-01 14:27:57";"2025-12-01 14:27:57"
019adaf4-f3a2-705b-b313-423bc99dc2a5;ambrotipia;otherTopic;VCAA;2673;NULL;"2025-12-01 14:27:57";"2025-12-01 14:27:57"
019adaf4-f412-706b-83de-ae2c2ea5a09a;"ampliação fotográfica";otherTopic;VCAA;2649;NULL;"2025-12-01 14:27:57";"2025-12-01 14:27:57"
019adaf4-f47e-7174-86fe-1dbb051fd673;calotipagem;otherTopic;VCAA;6365;NULL;"2025-12-01 14:27:57";"2025-12-01 14:27:57"
019adaf4-f4ea-71a7-aba2-8c4ca78af460;calotipias;otherTopic;VCAA;3237;NULL;"2025-12-01 14:27:57";"2025-12-01 14:27:57"
019adaf4-f557-7320-bfec-dfff3be2cc5b;"composição fotográfica";otherTopic;VCAA;3784;NULL;"2025-12-01 14:27:58";"2025-12-01 14:27:58"
019adaf4-f5c5-7339-a3a4-d1af799aac39;cronofotografia;otherTopic;VCAA;5892;NULL;"2025-12-01 14:27:58";"2025-12-01 14:27:58"
019adaf4-f632-7024-9879-ca4536ba52e6;daguerreotipia;otherTopic;VCAA;3442;NULL;"2025-12-01 14:27:58";"2025-12-01 14:27:58"
019adaf4-f69e-7267-b772-008686e94575;"efeitos especiais (fotografia)";otherTopic;VCAA;3504;NULL;"2025-12-01 14:27:58";"2025-12-01 14:27:58"
019adaf4-f70b-7272-b3a6-a21c3ce6f34b;estereoscopia;otherTopic;VCAA;4041;NULL;"2025-12-01 14:27:58";"2025-12-01 14:27:58"
019adaf4-f778-70b6-9027-9d26029e8245;ferrotipia;otherTopic;VCAA;4088;NULL;"2025-12-01 14:27:58";"2025-12-01 14:27:58"
019adaf4-f7e6-71f2-8468-70b6b746e2b1;"focalização fotográfica";otherTopic;VCAA;4125;NULL;"2025-12-01 14:27:58";"2025-12-01 14:27:58"
019adaf4-f853-71b9-a777-aafbba36767b;"fotografia colorida";otherTopic;VCAA;4138;NULL;"2025-12-01 14:27:58";"2025-12-01 14:27:58"
019adaf4-f8c1-73c4-92df-0f682858b47b;"fotografia em preto e branco";otherTopic;VCAA;4143;NULL;"2025-12-01 14:27:58";"2025-12-01 14:27:58"
019adaf4-f92d-7201-bfba-742a6eec709b;"fotografia infravermelha";otherTopic;VCAA;3924;NULL;"2025-12-01 14:27:59";"2025-12-01 14:27:59"
019adaf4-f999-70fd-8614-28c1f22139ba;"fotografia pinhole";otherTopic;VCAA;3925;NULL;"2025-12-01 14:27:59";"2025-12-01 14:27:59"
019adaf4-fa07-72cd-a13a-d6dac8688b7f;"fotografia ultravioleta";otherTopic;VCAA;3930;NULL;"2025-12-01 14:27:59";"2025-12-01 14:27:59"
019adaf4-fa74-7383-bffa-40a994db2828;fotolitografia;otherTopic;VCAA;4148;NULL;"2025-12-01 14:27:59";"2025-12-01 14:27:59"
019adaf4-fae3-738f-80ef-fd65e673110d;fotomontagens;otherTopic;VCAA;3938;NULL;"2025-12-01 14:27:59";"2025-12-01 14:27:59"
019adaf4-fb50-7227-8640-858389c3e833;holografia;otherTopic;VCAA;4249;NULL;"2025-12-01 14:27:59";"2025-12-01 14:27:59"
019adaf4-fbbd-71dc-aad4-2ffd23540e38;"iluminação fotográfica";otherTopic;VCAA;4305;NULL;"2025-12-01 14:27:59";"2025-12-01 14:27:59"
019adaf4-fc2b-711d-9681-9f54bb200e04;lomografia;otherTopic;VCAA;4535;NULL;"2025-12-01 14:27:59";"2025-12-01 14:27:59"
019adaf4-fc98-73a2-ace4-921168295253;microfotografias;otherTopic;VCAA;4564;NULL;"2025-12-01 14:27:59";"2025-12-01 14:27:59"
019adaf4-fd05-73c0-863b-4f7a6e677ed0;"processamento fotográfico";otherTopic;VCAA;5097;NULL;"2025-12-01 14:28:00";"2025-12-01 14:28:00"
019adaf4-fd73-72ae-aa7b-319b80011339;"técnicas de estúdio (fotografia)";otherTopic;VCAA;5313;NULL;"2025-12-01 14:28:00";"2025-12-01 14:28:00"
019adaf4-fde0-73c6-a9aa-3c2bbe5c5974;"técnicas digitais (fotografia)";otherTopic;VCAA;4957;NULL;"2025-12-01 14:28:00";"2025-12-01 14:28:00"
019adaf4-ff9b-73db-ae82-dff169760df5;"contos de fadas";otherTopic;VCAA;3808;NULL;"2025-12-01 14:28:00";"2025-12-01 14:28:00"
019adaf5-0137-73e5-984e-4c33ddd81a9e;"poesia concreta";otherTopic;VCAA;5077;NULL;"2025-12-01 14:28:01";"2025-12-01 14:28:01"
019adaf5-01a6-716b-b75f-7e5dadb424b4;"poesia visual";otherTopic;VCAA;4788;NULL;"2025-12-01 14:28:01";"2025-12-01 14:28:01"
019adaf5-035f-72a7-9e71-f07e879c6604;"arranjo musical";otherTopic;VCAA;2718;NULL;"2025-12-01 14:28:01";"2025-12-01 14:28:01"
019adaf5-03da-710a-96db-0f229dee0d86;"canções (composições musicais)";otherTopic;VCAA;6375;NULL;"2025-12-01 14:28:01";"2025-12-01 14:28:01"
019adaf5-0449-73dd-be58-cecaa4c29b97;cantatas;otherTopic;VCAA;3611;NULL;"2025-12-01 14:28:01";"2025-12-01 14:28:01"
019adaf5-04b8-7281-ac42-3ee63843d5b6;contraponto;otherTopic;VCAA;3810;NULL;"2025-12-01 14:28:01";"2025-12-01 14:28:01"
019adaf5-0525-7006-bcde-e8a2597f24a1;cromatismo;otherTopic;VCAA;3830;NULL;"2025-12-01 14:28:02";"2025-12-01 14:28:02"
019adaf5-0593-712b-90c4-28d0bc69bd2b;"improvisação (música)";otherTopic;VCAA;4274;NULL;"2025-12-01 14:28:02";"2025-12-01 14:28:02"
019adaf5-0600-72f6-a81a-ab8f9d0a39ff;madrigal;otherTopic;VCAA;4411;NULL;"2025-12-01 14:28:02";"2025-12-01 14:28:02"
019adaf5-066d-7301-a1b2-db82a4055fec;"notação musical";otherTopic;VCAA;4516;NULL;"2025-12-01 14:28:02";"2025-12-01 14:28:02"
019adaf5-06db-7072-abc1-34c1035a2256;sinfonia;otherTopic;VCAA;4893;NULL;"2025-12-01 14:28:02";"2025-12-01 14:28:02"
019adaf5-0749-70b2-be3a-748f40a6e77a;tocata;otherTopic;VCAA;4969;NULL;"2025-12-01 14:28:02";"2025-12-01 14:28:02"
019adaf5-08d8-7034-9e76-c829578aa2e9;"ditado musical";otherTopic;VCAA;3960;NULL;"2025-12-01 14:28:03";"2025-12-01 14:28:03"
019adaf5-0951-7287-bd0b-c1fdcc41263b;"educação vocal";otherTopic;VCAA;3502;NULL;"2025-12-01 14:28:03";"2025-12-01 14:28:03"
019adaf5-0ae6-70c8-9a66-a6676dd57b0e;consonância;otherTopic;VCAA;3802;NULL;"2025-12-01 14:28:03";"2025-12-01 14:28:03"
019adaf5-0b55-71ee-8b64-37ce6111657b;dissonância;otherTopic;VCAA;3482;NULL;"2025-12-01 14:28:03";"2025-12-01 14:28:03"
019adaf5-0bc3-7344-a0ec-cd155b58ee47;"escala musical";otherTopic;VCAA;3999;NULL;"2025-12-01 14:28:03";"2025-12-01 14:28:03"
019adaf5-0c30-737d-b4ff-82a004753203;"espaço (elemento musical)";otherTopic;VCAA;4037;NULL;"2025-12-01 14:28:03";"2025-12-01 14:28:03"
019adaf5-0c9e-72ed-9202-6742b9fd8954;"harmonia (elemento musical)";otherTopic;VCAA;4190;NULL;"2025-12-01 14:28:03";"2025-12-01 14:28:03"
019adaf5-0d0b-713e-add7-52794cbf3430;"intervalo (música)";otherTopic;VCAA;4296;NULL;"2025-12-01 14:28:04";"2025-12-01 14:28:04"
019adaf5-0d77-70d9-adca-9e5e84926b09;melodia;otherTopic;VCAA;4434;NULL;"2025-12-01 14:28:04";"2025-12-01 14:28:04"
019adaf5-0de4-72f8-b905-b7d2c2534055;"ritmo (elemento musical)";otherTopic;VCAA;4867;NULL;"2025-12-01 14:28:04";"2025-12-01 14:28:04"
019adaf5-0e51-73a8-9546-0a09c9800773;solfejo;otherTopic;VCAA;4902;NULL;"2025-12-01 14:28:04";"2025-12-01 14:28:04"
019adaf5-0ec0-712e-85b5-2f92aa932b16;"tempo (elemento musical)";otherTopic;VCAA;5187;NULL;"2025-12-01 14:28:04";"2025-12-01 14:28:04"
019adaf5-0f2d-719d-9a05-4999b07f1ea0;"textura (elemento musical)";otherTopic;VCAA;5193;NULL;"2025-12-01 14:28:04";"2025-12-01 14:28:04"
019adaf5-0f9b-72c7-8394-fbf32a921792;"timbre (elemento musical)";otherTopic;VCAA;4967;NULL;"2025-12-01 14:28:04";"2025-12-01 14:28:04"
019adaf5-112b-705b-84b8-0acf8ca1fb41;"audição (evento musical)";otherTopic;VCAA;3522;NULL;"2025-12-01 14:28:05";"2025-12-01 14:28:05"
019adaf5-11a1-73e3-a567-ac7256a569c6;recital;otherTopic;VCAA;4849;NULL;"2025-12-01 14:28:05";"2025-12-01 14:28:05"
019adaf5-1333-7089-aebf-ee6174f22208;"estética da música";otherTopic;VCAA;3684;NULL;"2025-12-01 14:28:05";"2025-12-01 14:28:05"
019adaf5-14cb-727f-9f46-11b1e5e96124;cânone;otherTopic;VCAA;3244;NULL;"2025-12-01 14:28:06";"2025-12-01 14:28:06"
019adaf5-1536-71c4-8963-0a6eb1c665b8;elegias;otherTopic;VCAA;3506;NULL;"2025-12-01 14:28:06";"2025-12-01 14:28:06"
019adaf5-15a4-73be-8521-157142605899;"forma instrumental";otherTopic;VCAA;4127;NULL;"2025-12-01 14:28:06";"2025-12-01 14:28:06"
019adaf5-1611-710e-9878-aa7e8bcba7ae;"forma vocal";otherTopic;VCAA;3911;NULL;"2025-12-01 14:28:06";"2025-12-01 14:28:06"
019adaf5-167f-7382-a6f1-56aad55a9cd3;jôruri;otherTopic;VCAA;4368;NULL;"2025-12-01 14:28:06";"2025-12-01 14:28:06"
019adaf5-16ed-7152-93f1-55c4496277a8;"missa (forma musical)";otherTopic;VCAA;4447;NULL;"2025-12-01 14:28:06";"2025-12-01 14:28:06"
019adaf5-175a-7120-a09f-ea3eebc4c3f7;"oratório (forma musical)";otherTopic;VCAA;4727;NULL;"2025-12-01 14:28:06";"2025-12-01 14:28:06"
019adaf5-17c6-71d6-8c02-a8ddef4003b6;"salmo (forma musical)";otherTopic;VCAA;5136;NULL;"2025-12-01 14:28:06";"2025-12-01 14:28:06"
019adaf5-1833-7120-896b-b77ca42c425b;"suite (forma musical)";otherTopic;VCAA;5177;NULL;"2025-12-01 14:28:06";"2025-12-01 14:28:06"
019adaf5-18a1-7372-a830-4756eafcf9cf;"variação (forma musical)";otherTopic;VCAA;5218;NULL;"2025-12-01 14:28:07";"2025-12-01 14:28:07"
019adaf5-1a70-71ee-8aae-805318bd0660;atonalidade;otherTopic;VCAA;3521;NULL;"2025-12-01 14:28:07";"2025-12-01 14:28:07"
019adaf5-1ae5-71be-94b0-f15f4b4412a6;blues;otherTopic;VCAA;3586;NULL;"2025-12-01 14:28:07";"2025-12-01 14:28:07"
019adaf5-1b51-73c2-a752-d498e1f6a310;bolero;otherTopic;VCAA;3587;NULL;"2025-12-01 14:28:07";"2025-12-01 14:28:07"
019adaf5-1bbd-7170-813c-605abad9bf5d;"bossa nova";otherTopic;VCAA;3219;NULL;"2025-12-01 14:28:07";"2025-12-01 14:28:07"
019adaf5-1c2b-7228-baf1-ee8364f950c8;calipso;otherTopic;VCAA;3601;NULL;"2025-12-01 14:28:07";"2025-12-01 14:28:07"
019adaf5-1c97-7244-b046-f90b0b4b4cc9;"canção de protesto";otherTopic;VCAA;3609;NULL;"2025-12-01 14:28:08";"2025-12-01 14:28:08"
019adaf5-1d06-72db-895f-1cf1714fce1f;"coco (gênero musical)";otherTopic;VCAA;3769;NULL;"2025-12-01 14:28:08";"2025-12-01 14:28:08"
019adaf5-1d73-728c-8273-52f484f99cc8;cúmbia;otherTopic;VCAA;3839;NULL;"2025-12-01 14:28:08";"2025-12-01 14:28:08"
019adaf5-1de1-71a6-9b0b-3f69d77ad1d4;fado;otherTopic;VCAA;4075;NULL;"2025-12-01 14:28:08";"2025-12-01 14:28:08"
019adaf5-1e4f-723c-8ec4-0e7788a0d390;"flamenco (música)";otherTopic;VCAA;4121;NULL;"2025-12-01 14:28:08";"2025-12-01 14:28:08"
019adaf5-1ebc-70cb-bf16-97a072cce3fe;"forró (gênero musical)";otherTopic;VCAA;3915;NULL;"2025-12-01 14:28:08";"2025-12-01 14:28:08"
019adaf5-1f29-7368-902a-0822833e02d8;funk;otherTopic;VCAA;4152;NULL;"2025-12-01 14:28:08";"2025-12-01 14:28:08"
019adaf5-1f97-72d5-a1a9-b40180d1e564;guarânia;otherTopic;VCAA;4181;NULL;"2025-12-01 14:28:08";"2025-12-01 14:28:08"
019adaf5-2005-70fb-8ad8-545d5dfc466f;habanera;otherTopic;VCAA;4214;NULL;"2025-12-01 14:28:08";"2025-12-01 14:28:08"
019adaf5-2074-724a-b764-dd750cd913ff;jazz;otherTopic;VCAA;4341;NULL;"2025-12-01 14:28:09";"2025-12-01 14:28:09"
019adaf5-20e0-725c-a22d-473d435c38b5;"marcha (gênero musical)";otherTopic;VCAA;4420;NULL;"2025-12-01 14:28:09";"2025-12-01 14:28:09"
019adaf5-214d-7185-a13e-ef8c7309dbc8;"maxixe (gênero musical)";otherTopic;VCAA;4551;NULL;"2025-12-01 14:28:09";"2025-12-01 14:28:09"
019adaf5-21bb-73ad-a109-130502dac33b;"música caipira";otherTopic;VCAA;4601;NULL;"2025-12-01 14:28:09";"2025-12-01 14:28:09"
019adaf5-222a-7384-af23-3d75e1454634;"música computacional";otherTopic;VCAA;4602;NULL;"2025-12-01 14:28:09";"2025-12-01 14:28:09"
019adaf5-2299-72e6-bdcb-4bafaba463a7;"música concreta";otherTopic;VCAA;4488;NULL;"2025-12-01 14:28:09";"2025-12-01 14:28:09"
019adaf5-2306-700c-92ee-c7041ca2f58c;"música country";otherTopic;VCAA;4489;NULL;"2025-12-01 14:28:09";"2025-12-01 14:28:09"
019adaf5-2374-70aa-bcce-74f5772ebdab;"música de câmara";otherTopic;VCAA;4604;NULL;"2025-12-01 14:28:09";"2025-12-01 14:28:09"
019adaf5-23e2-70c7-ba7a-444fe96b0c1d;"música de carnaval";otherTopic;VCAA;3251;NULL;"2025-12-01 14:28:09";"2025-12-01 14:28:09"
019adaf5-244f-737c-8d09-94875c9643ec;"música de cena";otherTopic;VCAA;4490;NULL;"2025-12-01 14:28:10";"2025-12-01 14:28:10"
019adaf5-24bd-727a-a420-455cc3215cd2;"música dodecafônica";otherTopic;VCAA;4605;NULL;"2025-12-01 14:28:10";"2025-12-01 14:28:10"
019adaf5-252a-716b-9de5-3a949f8e7ed6;"música eletroacústica";otherTopic;VCAA;4491;NULL;"2025-12-01 14:28:10";"2025-12-01 14:28:10"
019adaf5-2597-7253-b5e8-2a220e7c2326;"música eletrônica";otherTopic;VCAA;4607;NULL;"2025-12-01 14:28:10";"2025-12-01 14:28:10"
019adaf5-2604-707a-89de-8dbd6524e254;"música experimental";otherTopic;VCAA;4492;NULL;"2025-12-01 14:28:10";"2025-12-01 14:28:10"
019adaf5-2672-7300-9115-8627c84011b1;"música instrumental";otherTopic;VCAA;4609;NULL;"2025-12-01 14:28:10";"2025-12-01 14:28:10"
019adaf5-26df-7287-a5fc-5a0584f19dde;"música militar";otherTopic;VCAA;4610;NULL;"2025-12-01 14:28:10";"2025-12-01 14:28:10"
019adaf5-274c-7310-9e91-4448e95b115b;"música popular";otherTopic;VCAA;4495;NULL;"2025-12-01 14:28:10";"2025-12-01 14:28:10"
019adaf5-27bc-71c2-af6a-b4272309632d;"música religiosa";otherTopic;VCAA;4612;NULL;"2025-12-01 14:28:10";"2025-12-01 14:28:10"
019adaf5-2829-7161-8958-c00193995e48;"música serialista";otherTopic;VCAA;4497;NULL;"2025-12-01 14:28:11";"2025-12-01 14:28:11"
019adaf5-2896-70b9-9aa3-81f7ce483371;"música sertaneja";otherTopic;VCAA;4613;NULL;"2025-12-01 14:28:11";"2025-12-01 14:28:11"
019adaf5-2904-72a6-a61b-1aa46317e267;"música tradicional";otherTopic;VCAA;4498;NULL;"2025-12-01 14:28:11";"2025-12-01 14:28:11"
019adaf5-2971-7257-832d-8957664103c7;"música vocal";otherTopic;VCAA;4614;NULL;"2025-12-01 14:28:11";"2025-12-01 14:28:11"
019adaf5-29db-71d3-aac8-70ea6b37b382;ópera;otherTopic;VCAA;4632;NULL;"2025-12-01 14:28:11";"2025-12-01 14:28:11"
019adaf5-2a48-72b8-aa1c-5410833e71e0;"polca paraguaia";otherTopic;VCAA;4790;NULL;"2025-12-01 14:28:11";"2025-12-01 14:28:11"
019adaf5-2ab5-72db-a301-bfdc34b827b9;ragtime;otherTopic;VCAA;5111;NULL;"2025-12-01 14:28:11";"2025-12-01 14:28:11"
019adaf5-2b22-714b-ab87-c9213a6354a0;rap;otherTopic;VCAA;7234;NULL;"2025-12-01 14:28:11";"2025-12-01 14:28:11"
019adaf5-2b90-7246-9753-fb8668bc3fef;reggae;otherTopic;VCAA;5120;NULL;"2025-12-01 14:28:11";"2025-12-01 14:28:11"
019adaf5-2bfd-716b-9742-221ae626a9c6;rock;otherTopic;VCAA;5131;NULL;"2025-12-01 14:28:12";"2025-12-01 14:28:12"
019adaf5-2c6b-71ad-a4e0-2ed83d5781c9;rumba;otherTopic;VCAA;5135;NULL;"2025-12-01 14:28:12";"2025-12-01 14:28:12"
019adaf5-2cd8-709b-8891-be74bb0d3ddd;"salsa (gênero musical)";otherTopic;VCAA;5137;NULL;"2025-12-01 14:28:12";"2025-12-01 14:28:12"
019adaf5-2d46-7077-92ad-3e0d1f96405c;samba;otherTopic;VCAA;4877;NULL;"2025-12-01 14:28:12";"2025-12-01 14:28:12"
019adaf5-2db4-7375-a240-6e77a5a6041e;soul;otherTopic;VCAA;4909;NULL;"2025-12-01 14:28:12";"2025-12-01 14:28:12"
019adaf5-2e21-7010-b0c5-30c233b82f79;tango;otherTopic;VCAA;5184;NULL;"2025-12-01 14:28:12";"2025-12-01 14:28:12"
019adaf5-2e8e-722b-8bcc-a65d8559f683;valsa;otherTopic;VCAA;5217;NULL;"2025-12-01 14:28:12";"2025-12-01 14:28:12"
019adaf5-2efa-72be-b4f8-b4f1220b583d;zarzuela;otherTopic;VCAA;5055;NULL;"2025-12-01 14:28:12";"2025-12-01 14:28:12"
019adaf5-30ef-7255-96a3-cb8792ef4421;"banda de pífanos";otherTopic;VCAA;3188;NULL;"2025-12-01 14:28:13";"2025-12-01 14:28:13"
019adaf5-315d-72db-8d50-aa84a284bf53;"bandas de música";otherTopic;VCAA;3187;NULL;"2025-12-01 14:28:13";"2025-12-01 14:28:13"
019adaf5-31ca-708a-b875-3148352f2124;"big bands";otherTopic;VCAA;3209;NULL;"2025-12-01 14:28:13";"2025-12-01 14:28:13"
019adaf5-3238-7079-9eb9-18c0d4082c53;duo;otherTopic;VCAA;3967;NULL;"2025-12-01 14:28:13";"2025-12-01 14:28:13"
019adaf5-32a5-7065-87b8-83994c3a26ce;noneto;otherTopic;VCAA;4515;NULL;"2025-12-01 14:28:13";"2025-12-01 14:28:13"
019adaf5-3313-71cf-8cdf-39c85d4c882b;octeto;otherTopic;VCAA;4629;NULL;"2025-12-01 14:28:13";"2025-12-01 14:28:13"
019adaf5-3382-7035-858a-7f374e2264d0;orquestras;otherTopic;VCAA;4732;NULL;"2025-12-01 14:28:13";"2025-12-01 14:28:13"
019adaf5-33ed-7089-a23f-ef304c622a10;quarteto;otherTopic;VCAA;5107;NULL;"2025-12-01 14:28:14";"2025-12-01 14:28:14"
019adaf5-345a-72f8-9ed6-10a0bc8ca0c2;quinteto;otherTopic;VCAA;5109;NULL;"2025-12-01 14:28:14";"2025-12-01 14:28:14"
019adaf5-34c7-7023-9438-61cf9e240741;septeto;otherTopic;VCAA;4888;NULL;"2025-12-01 14:28:14";"2025-12-01 14:28:14"
019adaf5-3536-71c3-a214-e95ca8c06c5f;sexteto;otherTopic;VCAA;4891;NULL;"2025-12-01 14:28:14";"2025-12-01 14:28:14"
019adaf5-35a3-723b-9952-10eb61da3093;trio;otherTopic;VCAA;5206;NULL;"2025-12-01 14:28:14";"2025-12-01 14:28:14"
019adaf5-3737-703e-a91e-77b34adf23f0;"ars antiqua";otherTopic;VCAA;2720;NULL;"2025-12-01 14:28:14";"2025-12-01 14:28:14"
019adaf5-37a7-739a-9ee7-8bc35ff5d066;"ars nova";otherTopic;VCAA;2811;NULL;"2025-12-01 14:28:15";"2025-12-01 14:28:15"
019adaf5-3815-7087-a256-4b7230fddb17;"música antiga";otherTopic;VCAA;4600;NULL;"2025-12-01 14:28:15";"2025-12-01 14:28:15"
019adaf5-3881-73b2-b257-852bd75456ba;"música colonial";otherTopic;VCAA;4487;NULL;"2025-12-01 14:28:15";"2025-12-01 14:28:15"
019adaf5-38ed-71c5-9ce5-1985d71accd0;"música contemporânea";otherTopic;VCAA;4603;NULL;"2025-12-01 14:28:15";"2025-12-01 14:28:15"
019adaf5-395b-702c-8c00-e8e1d777f146;"música medieval";otherTopic;VCAA;4494;NULL;"2025-12-01 14:28:15";"2025-12-01 14:28:15"
019adaf5-39c7-7085-a66a-b2286f38cbed;"música primitiva";otherTopic;VCAA;4611;NULL;"2025-12-01 14:28:15";"2025-12-01 14:28:15"
019adaf5-3a34-72e9-b0df-82e6eb687d99;"nuove musiche";otherTopic;VCAA;4718;NULL;"2025-12-01 14:28:15";"2025-12-01 14:28:15"
019adaf5-3aa3-71aa-984f-f90697c39573;polifonia;otherTopic;VCAA;4791;NULL;"2025-12-01 14:28:15";"2025-12-01 14:28:15"
019adaf5-3c39-709e-9070-5e7fed3843d5;"afinação de instrumentos musicais";otherTopic;VCAA;2602;NULL;"2025-12-01 14:28:16";"2025-12-01 14:28:16"
019adaf5-3ca5-71f2-80f0-d9454fa44e4d;"construção de instrumentos musicais";otherTopic;VCAA;3357;NULL;"2025-12-01 14:28:16";"2025-12-01 14:28:16"
019adaf5-3d11-71b8-ba09-787d0366c82f;"instrumento musical de corda";otherTopic;VCAA;4286;NULL;"2025-12-01 14:28:16";"2025-12-01 14:28:16"
019adaf5-3d80-721b-95df-7595ff82cd26;"instrumento musical de madeira";otherTopic;VCAA;4329;NULL;"2025-12-01 14:28:16";"2025-12-01 14:28:16"
019adaf5-3def-707c-85bd-ccdb21320088;"instrumento musical de metal";otherTopic;VCAA;4287;NULL;"2025-12-01 14:28:16";"2025-12-01 14:28:16"
019adaf5-3e5d-7292-9bbb-f42763839164;"instrumento musical eletrônico";otherTopic;VCAA;4292;NULL;"2025-12-01 14:28:16";"2025-12-01 14:28:16"
019adaf5-3eca-7188-b9df-cd76bbb08656;"instrumentos musicais de percussão";otherTopic;VCAA;4330;NULL;"2025-12-01 14:28:16";"2025-12-01 14:28:16"
019adaf5-3f38-7064-842c-2c238ea1e825;"instrumentos musicais de sopro";otherTopic;VCAA;4291;NULL;"2025-12-01 14:28:16";"2025-12-01 14:28:16"
019adaf5-3fa5-7222-9747-595686b462e6;"instrumentos musicais de teclado";otherTopic;VCAA;4331;NULL;"2025-12-01 14:28:17";"2025-12-01 14:28:17"
019adaf5-4012-701f-87c8-c3ee1eddad0d;"instrumentos musicais mecânicos";otherTopic;VCAA;4332;NULL;"2025-12-01 14:28:17";"2025-12-01 14:28:17"
019adaf5-407e-709f-96dd-9e1ce51dfc49;"manutenção de instrumentos musicais";otherTopic;VCAA;4418;NULL;"2025-12-01 14:28:17";"2025-12-01 14:28:17"
019adaf5-40eb-7176-9f94-8fcf46cbbb31;telharmonium;otherTopic;VCAA;4959;NULL;"2025-12-01 14:28:17";"2025-12-01 14:28:17"
019adaf5-4159-72db-914c-128cacac4520;"voz (música)";otherTopic;VCAA;5248;NULL;"2025-12-01 14:28:17";"2025-12-01 14:28:17"
019adaf5-4313-7082-b2c6-433ae61e52cb;"acompanhamento musical";otherTopic;VCAA;2609;NULL;"2025-12-01 14:28:17";"2025-12-01 14:28:17"
019adaf5-4380-7335-a1e8-e5ec973b66c7;"canções (performance)";otherTopic;VCAA;3242;NULL;"2025-12-01 14:28:18";"2025-12-01 14:28:18"
019adaf5-43ec-72eb-b37a-996ad559d43f;"expressão vocal";otherTopic;VCAA;4073;NULL;"2025-12-01 14:28:18";"2025-12-01 14:28:18"
019adaf5-445b-70d9-929d-5caab0f586eb;"instrumentação (música)";otherTopic;VCAA;4328;NULL;"2025-12-01 14:28:18";"2025-12-01 14:28:18"
019adaf5-45fc-7195-94c1-1e996ffd8cd9;"leitura à primeira vista";otherTopic;VCAA;4378;NULL;"2025-12-01 14:28:18";"2025-12-01 14:28:18"
019adaf5-47a4-73e8-9d41-f19cf14e76e1;"bienais de arte";otherTopic;VCAA;3580;NULL;"2025-12-01 14:28:19";"2025-12-01 14:28:19"
019adaf5-493d-7285-80b4-a2d7525c071c;"acessórios pessoais";otherTopic;VCAA;2595;NULL;"2025-12-01 14:28:19";"2025-12-01 14:28:19"
019adaf5-4acf-70c2-a6b7-cceabb2d8532;hologramas;otherTopic;VCAA;4233;NULL;"2025-12-01 14:28:19";"2025-12-01 14:28:19"
019adaf5-4b42-7295-9953-e45cdd7c2c5f;"imagens digitais";otherTopic;VCAA;4269;NULL;"2025-12-01 14:28:20";"2025-12-01 14:28:20"
019adaf5-4cdf-733d-9aef-4d20dfb698ac;livro-objeto;otherTopic;VCAA;4403;NULL;"2025-12-01 14:28:20";"2025-12-01 14:28:20"
019adaf5-4e78-73d2-9049-9f276ac198a1;anamorfoses;otherTopic;VCAA;2676;NULL;"2025-12-01 14:28:20";"2025-12-01 14:28:20"
019adaf5-4eee-709a-a0aa-dbbccbb1faa9;assemblage;otherTopic;VCAA;5748;NULL;"2025-12-01 14:28:20";"2025-12-01 14:28:20"
019adaf5-4f59-7213-a783-726aa9503458;bricolage;otherTopic;VCAA;3593;NULL;"2025-12-01 14:28:21";"2025-12-01 14:28:21"
019adaf5-4fc6-70d7-87a8-950a7f969360;calendários;otherTopic;VCAA;3796;NULL;"2025-12-01 14:28:21";"2025-12-01 14:28:21"
019adaf5-5034-714d-8876-796cedc776c0;cartazes;otherTopic;VCAA;3618;NULL;"2025-12-01 14:28:21";"2025-12-01 14:28:21"
019adaf5-50a1-705d-95e6-90f03f11c7a5;colagens;otherTopic;VCAA;5873;NULL;"2025-12-01 14:28:21";"2025-12-01 14:28:21"
019adaf5-510c-731f-bf8c-73ca4763427f;empaquetages;otherTopic;VCAA;3984;NULL;"2025-12-01 14:28:21";"2025-12-01 14:28:21"
019adaf5-5179-7384-b2b1-36e0e892c9b3;esculturas;otherTopic;VCAA;2481;NULL;"2025-12-01 14:28:21";"2025-12-01 14:28:21"
019adaf5-51e7-7092-a1f8-487d39010193;ex-voto;otherTopic;VCAA;3739;NULL;"2025-12-01 14:28:21";"2025-12-01 14:28:21"
019adaf5-5254-71e9-b6bc-111865f21c64;"happening (arte)";otherTopic;VCAA;4216;NULL;"2025-12-01 14:28:21";"2025-12-01 14:28:21"
019adaf5-52c2-7117-9446-2c47b9083d05;"hard edge";otherTopic;VCAA;4188;NULL;"2025-12-01 14:28:21";"2025-12-01 14:28:21"
019adaf5-532e-723d-bdcb-18f9fcda601b;instalações;otherTopic;VCAA;4285;NULL;"2025-12-01 14:28:22";"2025-12-01 14:28:22"
019adaf5-539c-7160-b672-22660950f310;"intervenções artísticas";otherTopic;VCAA;4336;NULL;"2025-12-01 14:28:22";"2025-12-01 14:28:22"
019adaf5-540b-7245-a96f-1e8211fed3df;molduras;otherTopic;VCAA;4465;NULL;"2025-12-01 14:28:22";"2025-12-01 14:28:22"
019adaf5-5479-70e9-bfb1-f9765fbe935a;múltiplos;otherTopic;VCAA;4473;NULL;"2025-12-01 14:28:22";"2025-12-01 14:28:22"
019adaf5-54e7-70e1-95e2-fa87d87ce3ed;"obras de arte fina";otherTopic;VCAA;6172;NULL;"2025-12-01 14:28:22";"2025-12-01 14:28:22"
019adaf5-5554-72c8-a89c-b223f9fb99d1;"obras sobre papel";otherTopic;VCAA;4627;NULL;"2025-12-01 14:28:22";"2025-12-01 14:28:22"
019adaf5-55c1-7183-9f7c-8a4abe4f0273;zines;otherTopic;VCAA;5056;NULL;"2025-12-01 14:28:22";"2025-12-01 14:28:22"
019adaf5-576d-710a-9072-ce871b102050;"seção de ouro";otherTopic;VCAA;4882;NULL;"2025-12-01 14:28:23";"2025-12-01 14:28:23"
019adaf5-590e-704d-b0d6-2312be028422;"concreto aparente";otherTopic;VCAA;389;NULL;"2025-12-01 14:28:23";"2025-12-01 14:28:23"
019adaf5-597b-72fd-9352-85a841f2e212;"concreto desempenado";otherTopic;VCAA;1768;NULL;"2025-12-01 14:28:23";"2025-12-01 14:28:23"
019adaf5-59e8-7120-8df8-7b67cf508563;"concreto estampado";otherTopic;VCAA;1769;NULL;"2025-12-01 14:28:23";"2025-12-01 14:28:23"
019adaf5-5a56-72b5-ba2d-7567c99cdf7d;"concreto pintado";otherTopic;VCAA;1770;NULL;"2025-12-01 14:28:23";"2025-12-01 14:28:23"
019adaf5-5ac4-71b8-a6f0-1dbb16ae6fae;"concreto pré-moldado";otherTopic;VCAA;1771;NULL;"2025-12-01 14:28:24";"2025-12-01 14:28:24"
019adaf5-5c5d-73bd-b445-cdc52fdca577;"argamassa armada";otherTopic;VCAA;98;NULL;"2025-12-01 14:28:24";"2025-12-01 14:28:24"
019adaf5-5e00-70af-8d0b-4d26d4965f84;"cal terçada";otherTopic;VCAA;279;NULL;"2025-12-01 14:28:24";"2025-12-01 14:28:24"
019adaf5-5f97-710c-aa81-ccf7a55f0f5d;"cimento estampado";otherTopic;VCAA;1759;NULL;"2025-12-01 14:28:25";"2025-12-01 14:28:25"
019adaf5-6005-710c-ae0c-9572b89200da;"cimento pintado";otherTopic;VCAA;1760;NULL;"2025-12-01 14:28:25";"2025-12-01 14:28:25"
019adaf5-6074-7056-8e34-8991b93f9bd1;"cimento portland";otherTopic;VCAA;1761;NULL;"2025-12-01 14:28:25";"2025-12-01 14:28:25"
019adaf5-60e0-71c4-b604-edca90066a93;"cimento queimado";otherTopic;VCAA;1762;NULL;"2025-12-01 14:28:25";"2025-12-01 14:28:25"
019adaf5-614e-71ec-a9ee-31531390365e;fibrocimento;otherTopic;VCAA;1763;NULL;"2025-12-01 14:28:25";"2025-12-01 14:28:25"
019adaf5-62da-7029-bcc0-46eba64470dc;"pastilha cerâmica";otherTopic;VCAA;866;NULL;"2025-12-01 14:28:26";"2025-12-01 14:28:26"
019adaf5-6474-7296-8771-569d0e5cedc7;compensado;otherTopic;VCAA;1689;NULL;"2025-12-01 14:28:26";"2025-12-01 14:28:26"
019adaf5-64e9-7290-99f3-dd859ca93596;tábua;otherTopic;VCAA;1099;NULL;"2025-12-01 14:28:26";"2025-12-01 14:28:26"
019adaf5-6557-708c-ad78-6153d23ae7f7;toro;otherTopic;VCAA;1164;NULL;"2025-12-01 14:28:26";"2025-12-01 14:28:26"
019adaf5-66e9-70d5-a460-0d9fc7a2516c;catálogos;otherTopic;VCAA;3703;NULL;"2025-12-01 14:28:27";"2025-12-01 14:28:27"
019adaf5-6895-71bf-9684-b5fabc83f5e3;"serviços de indexação e resumos";otherTopic;VCAA;4319;NULL;"2025-12-01 14:28:27";"2025-12-01 14:28:27"
019adaf5-6a61-713f-9499-77c050b07f58;álbuns;otherTopic;VCAA;2635;NULL;"2025-12-01 14:28:28";"2025-12-01 14:28:28"
019adaf5-6ad4-730e-9aad-e5705989c91e;audiovisuais;otherTopic;VCAA;3174;NULL;"2025-12-01 14:28:28";"2025-12-01 14:28:28"
019adaf5-6b43-71d8-84e8-51b567ace8e4;"cartões postais";otherTopic;VCAA;3253;NULL;"2025-12-01 14:28:28";"2025-12-01 14:28:28"
019adaf5-6bb0-7367-8ca1-f8ada5f13260;incunábulos;otherTopic;VCAA;4316;NULL;"2025-12-01 14:28:28";"2025-12-01 14:28:28"
019adaf5-6c1d-73ad-8b7a-7e463b0188a2;listas;otherTopic;VCAA;4363;NULL;"2025-12-01 14:28:28";"2025-12-01 14:28:28"
019adaf5-6c8b-724c-9e91-e0635b2f8249;livros;otherTopic;VCAA;4530;NULL;"2025-12-01 14:28:28";"2025-12-01 14:28:28"
019adaf5-6cf6-73d2-a120-601d7cda1549;"livros de horas";otherTopic;VCAA;4532;NULL;"2025-12-01 14:28:28";"2025-12-01 14:28:28"
019adaf5-6d64-7016-af4d-2ae00e5a0d2f;"livros raros";otherTopic;VCAA;4406;NULL;"2025-12-01 14:28:28";"2025-12-01 14:28:28"
019adaf5-6dd1-72a8-b1f4-6d0f32a84b2e;manuscritos;otherTopic;VCAA;4542;NULL;"2025-12-01 14:28:28";"2025-12-01 14:28:28"
019adaf5-6f6e-7087-8c91-66f554739a2a;"habitação comunitária";otherTopic;VCAA;5065;NULL;"2025-12-01 14:28:29";"2025-12-01 14:28:29"
019adaf5-6fd9-71d6-823d-4349c6752900;"habitação de baixo custo";otherTopic;VCAA;6084;NULL;"2025-12-01 14:28:29";"2025-12-01 14:28:29"
019adaf5-7168-72f1-8250-4724437d8bbd;"sistema financeiro da habitação";otherTopic;VCAA;5064;NULL;"2025-12-01 14:28:29";"2025-12-01 14:28:29"
019adaf5-7309-7309-97bb-7593a02a69a1;outdoors;otherTopic;VCAA;4734;NULL;"2025-12-01 14:28:30";"2025-12-01 14:28:30"
019adaf5-7374-73db-8ee4-40c66f12a365;propaganda;otherTopic;VCAA;5100;NULL;"2025-12-01 14:28:30";"2025-12-01 14:28:30"
019adaf5-74ff-737f-bb84-881984d50273;pau-brasil;otherTopic;VCAA;4670;NULL;"2025-12-01 14:28:30";"2025-12-01 14:28:30"
019adaf5-76a4-73e0-b9c4-8430af4f1db0;"rodas d'água";otherTopic;VCAA;1045;NULL;"2025-12-01 14:28:31";"2025-12-01 14:28:31"
019adaf5-7843-71bc-92d6-e0038cd80afe;"alambiques de cachaça";otherTopic;VCAA;117;NULL;"2025-12-01 14:28:31";"2025-12-01 14:28:31"
019adaf5-79d8-7111-bb2f-b3166a937859;"fios de eletricidade";otherTopic;VCAA;572;NULL;"2025-12-01 14:28:31";"2025-12-01 14:28:31"
019adaf5-7a4b-72a2-a023-230b01743dfc;"painéis solares";otherTopic;VCAA;2737;NULL;"2025-12-01 14:28:32";"2025-12-01 14:28:32"
019adaf5-7bf8-70e0-b522-cc5905f1e1fe;"caixas d'água";otherTopic;VCAA;273;NULL;"2025-12-01 14:28:32";"2025-12-01 14:28:32"
019adaf5-7c6e-73c8-bbbe-9eb4e37cd7c7;calhas;otherTopic;VCAA;286;NULL;"2025-12-01 14:28:32";"2025-12-01 14:28:32"
019adaf5-7cdb-739e-a477-9800b1efbccb;"canal de drenagem";otherTopic;VCAA;297;NULL;"2025-12-01 14:28:32";"2025-12-01 14:28:32"
019adaf5-7d49-7202-826d-256c65f2a3de;coletor;otherTopic;VCAA;376;NULL;"2025-12-01 14:28:32";"2025-12-01 14:28:32"
019adaf5-7db6-72f5-afbe-5d856928bbc1;encanamento;otherTopic;VCAA;478;NULL;"2025-12-01 14:28:32";"2025-12-01 14:28:32"
019adaf5-7f9f-7313-9ad9-45b3acf3b28d;"mobiliário doméstico";otherTopic;VCAA;3096;NULL;"2025-12-01 14:28:33";"2025-12-01 14:28:33"
019adaf5-8014-72d1-bb4e-8d5cc1a28f70;"mobiliário escolar";otherTopic;VCAA;3097;NULL;"2025-12-01 14:28:33";"2025-12-01 14:28:33"
019adaf5-8081-7196-9d81-a75935b28cde;"mobiliário infantil";otherTopic;VCAA;3098;NULL;"2025-12-01 14:28:33";"2025-12-01 14:28:33"
019adaf5-80f0-706f-a079-1da035b1517c;"mobiliário para bibliotecas";otherTopic;VCAA;3099;NULL;"2025-12-01 14:28:33";"2025-12-01 14:28:33"
019adaf5-815e-70d6-9ab1-c2bed3c95e66;"mobiliário para informática";otherTopic;VCAA;3100;NULL;"2025-12-01 14:28:33";"2025-12-01 14:28:33"
019adaf5-82f0-701e-962e-2200d3532c7b;azulejos;otherTopic;VCAA;1739;NULL;"2025-12-01 14:28:34";"2025-12-01 14:28:34"
019adaf5-8361-7077-a250-7319475fd057;carpete;otherTopic;VCAA;312;NULL;"2025-12-01 14:28:34";"2025-12-01 14:28:34"
019adaf5-83ce-73ef-87ed-f4f9dc1a28d7;ladrilhos;otherTopic;VCAA;2170;NULL;"2025-12-01 14:28:34";"2025-12-01 14:28:34"
019adaf5-843c-71f0-bc17-585b345b7e2c;lambris;otherTopic;VCAA;2176;NULL;"2025-12-01 14:28:34";"2025-12-01 14:28:34"
019adaf5-84a9-726f-b4a1-4cfe049275f5;mosaicos;otherTopic;VCAA;779;NULL;"2025-12-01 14:28:34";"2025-12-01 14:28:34"
019adaf5-8517-7040-bb48-ccf9471ba3e1;"papel de parede";otherTopic;VCAA;2174;NULL;"2025-12-01 14:28:34";"2025-12-01 14:28:34"
019adaf5-8585-7086-8d75-7a7a35c93afc;"pintura (revestimento)";otherTopic;VCAA;2175;NULL;"2025-12-01 14:28:34";"2025-12-01 14:28:34"
019adaf5-85f3-7253-b3ba-82fbe550baca;pisos;otherTopic;VCAA;2160;NULL;"2025-12-01 14:28:35";"2025-12-01 14:28:35"
019adaf5-8661-7132-931b-c4c416dc7ee0;soalho;otherTopic;VCAA;1090;NULL;"2025-12-01 14:28:35";"2025-12-01 14:28:35"
019adaf5-86d0-734f-80dc-93cbe38b7bf8;"tecido (revestimento)";otherTopic;VCAA;1112;NULL;"2025-12-01 14:28:35";"2025-12-01 14:28:35"
019adaf5-873e-73bd-87ed-0bf9110326e5;tinta;otherTopic;VCAA;1157;NULL;"2025-12-01 14:28:35";"2025-12-01 14:28:35"
019adaf5-87ad-702a-9540-6d63dd8336e9;verniz;otherTopic;VCAA;1809;NULL;"2025-12-01 14:28:35";"2025-12-01 14:28:35"
019adaf5-8951-7096-a745-f059d2c30a55;acrotério;otherTopic;VCAA;64;NULL;"2025-12-01 14:28:35";"2025-12-01 14:28:35"
019adaf5-89c0-72c4-be3b-fe2ec3288c9b;caminhos;otherTopic;VCAA;2155;NULL;"2025-12-01 14:28:36";"2025-12-01 14:28:36"
019adaf5-8a2d-72d2-993c-13948082a89f;canteiros;otherTopic;VCAA;1328;NULL;"2025-12-01 14:28:36";"2025-12-01 14:28:36"
019adaf5-8a99-712c-8802-c3b535a1a822;caramanchão;otherTopic;VCAA;310;NULL;"2025-12-01 14:28:36";"2025-12-01 14:28:36"
019adaf5-8b06-710c-891f-662c381ed4b1;cascatas;otherTopic;VCAA;1937;NULL;"2025-12-01 14:28:36";"2025-12-01 14:28:36"
019adaf5-8b75-7106-a314-cc5b68245e24;chafarizes;otherTopic;VCAA;339;NULL;"2025-12-01 14:28:36";"2025-12-01 14:28:36"
019adaf5-8be1-72e2-93be-888a28c9b54c;coretos;otherTopic;VCAA;3426;NULL;"2025-12-01 14:28:36";"2025-12-01 14:28:36"
019adaf5-8c4f-718f-8208-e8fca51d0b0b;"espelho d'água";otherTopic;VCAA;518;NULL;"2025-12-01 14:28:36";"2025-12-01 14:28:36"
019adaf5-8cbb-7182-8b0b-139d1dfdc140;estufas;otherTopic;VCAA;553;NULL;"2025-12-01 14:28:36";"2025-12-01 14:28:36"
019adaf5-8d29-7368-9bd9-5e1b5ebc7dc7;fonte;otherTopic;VCAA;4126;NULL;"2025-12-01 14:28:36";"2025-12-01 14:28:36"
019adaf5-8d95-71c8-91d9-24e8118fa360;gramado;otherTopic;VCAA;1943;NULL;"2025-12-01 14:28:37";"2025-12-01 14:28:37"
019adaf5-8e02-7378-8da7-06aaf01d6e75;hera;otherTopic;VCAA;1941;NULL;"2025-12-01 14:28:37";"2025-12-01 14:28:37"
019adaf5-8e6e-737d-8adc-d690c5a0208e;jardineiras;otherTopic;VCAA;1922;NULL;"2025-12-01 14:28:37";"2025-12-01 14:28:37"
019adaf5-8edb-7310-b4ed-946007f3895a;lagos;otherTopic;VCAA;698;NULL;"2025-12-01 14:28:37";"2025-12-01 14:28:37"
019adaf5-8f47-7341-8d48-65206340e302;palmeiras;otherTopic;VCAA;1939;NULL;"2025-12-01 14:28:37";"2025-12-01 14:28:37"
019adaf5-8fb4-7366-aecd-72fc21e23dcd;pérgola;otherTopic;VCAA;890;NULL;"2025-12-01 14:28:37";"2025-12-01 14:28:37"
019adaf5-9024-731d-a481-d29cfd7c38d9;"tanque ornamental";otherTopic;VCAA;1106;NULL;"2025-12-01 14:28:37";"2025-12-01 14:28:37"
019adaf5-920d-71f5-bffc-88f904f56354;"canais (arquitetura paisagística)";otherTopic;VCAA;3425;NULL;"2025-12-01 14:28:38";"2025-12-01 14:28:38"
019adaf5-9284-7138-b313-094e267410f2;"cinturões verdes";otherTopic;VCAA;3424;NULL;"2025-12-01 14:28:38";"2025-12-01 14:28:38"
019adaf5-92f1-70ab-88d8-a5914bc398b3;jardins;otherTopic;VCAA;1902;NULL;"2025-12-01 14:28:38";"2025-12-01 14:28:38"
019adaf5-9360-7260-acfb-ec22d90ffb83;parques;otherTopic;VCAA;1906;NULL;"2025-12-01 14:28:38";"2025-12-01 14:28:38"
019adaf5-93cc-709f-9702-44fec8ddd430;praças;otherTopic;VCAA;1909;NULL;"2025-12-01 14:28:38";"2025-12-01 14:28:38"
019adaf5-9439-7269-a32c-768d85bf10ba;trilhas;otherTopic;VCAA;1184;NULL;"2025-12-01 14:28:38";"2025-12-01 14:28:38"
019adaf5-95cd-7271-a1e1-c765025d2fb5;vegetação;otherTopic;VCAA;1202;NULL;"2025-12-01 14:28:39";"2025-12-01 14:28:39"
019adaf5-9763-737f-801e-4bf72692fc27;abadias;otherTopic;VCAA;782;NULL;"2025-12-01 14:28:39";"2025-12-01 14:28:39"
019adaf5-97d3-7311-91cd-0c0389cac171;basílicas;otherTopic;VCAA;2094;NULL;"2025-12-01 14:28:39";"2025-12-01 14:28:39"
019adaf5-983f-73d7-8fe6-25ca89e6462b;batistérios;otherTopic;VCAA;239;NULL;"2025-12-01 14:28:39";"2025-12-01 14:28:39"
019adaf5-98ad-7312-810a-47167476bbb4;capelas;otherTopic;VCAA;2095;NULL;"2025-12-01 14:28:39";"2025-12-01 14:28:39"
019adaf5-991a-72eb-9968-6f24627475ce;"casas paroquiais";otherTopic;VCAA;6393;NULL;"2025-12-01 14:28:39";"2025-12-01 14:28:39"
019adaf5-9988-707e-820c-c91ea7d4b8e9;catedral;otherTopic;VCAA;325;NULL;"2025-12-01 14:28:40";"2025-12-01 14:28:40"
019adaf5-99f7-709d-8c95-fa605a111c4f;"centros espíritas";otherTopic;VCAA;2807;NULL;"2025-12-01 14:28:40";"2025-12-01 14:28:40"
019adaf5-9a63-73e5-a001-8a6ff100f55f;claustros;otherTopic;VCAA;3338;NULL;"2025-12-01 14:28:40";"2025-12-01 14:28:40"
019adaf5-9ad2-72f7-8ec1-998a9905019d;conventos;otherTopic;VCAA;2093;NULL;"2025-12-01 14:28:40";"2025-12-01 14:28:40"
019adaf5-9b41-722f-ae53-d7fb58a31c1d;"igrejas (edifício)";otherTopic;VCAA;2086;NULL;"2025-12-01 14:28:40";"2025-12-01 14:28:40"
019adaf5-9bad-70a1-8ce5-bdac3d427342;mesquitas;otherTopic;VCAA;2091;NULL;"2025-12-01 14:28:40";"2025-12-01 14:28:40"
019adaf5-9c19-736e-a276-c9ff5f3c68eb;monastérios;otherTopic;VCAA;6700;NULL;"2025-12-01 14:28:40";"2025-12-01 14:28:40"
019adaf5-9c87-7285-9715-b1eed23229cf;presbitério;otherTopic;VCAA;991;NULL;"2025-12-01 14:28:40";"2025-12-01 14:28:40"
019adaf5-9cf5-7246-b5a0-497bc54e684d;santuários;otherTopic;VCAA;6782;NULL;"2025-12-01 14:28:40";"2025-12-01 14:28:40"
019adaf5-9d62-7350-a625-35038067fe5d;sinagoga;otherTopic;VCAA;1082;NULL;"2025-12-01 14:28:41";"2025-12-01 14:28:41"
019adaf5-9dd0-7095-9deb-a2e56ed323b0;templos;otherTopic;VCAA;2092;NULL;"2025-12-01 14:28:41";"2025-12-01 14:28:41"
019adaf5-9e3e-733b-99cf-082dfabaa909;terreiro;otherTopic;VCAA;2100;NULL;"2025-12-01 14:28:41";"2025-12-01 14:28:41"
019adaf5-9fe2-70b9-ac92-babb94b2d8f5;memorial;otherTopic;VCAA;2103;NULL;"2025-12-01 14:28:41";"2025-12-01 14:28:41"
019adaf5-a055-7048-bf0f-e39cad014b91;"monumentos funerários";otherTopic;VCAA;3404;NULL;"2025-12-01 14:28:41";"2025-12-01 14:28:41"
019adaf5-a0c1-73a5-85a7-e174941e5dcc;"monumentos históricos";otherTopic;VCAA;6703;NULL;"2025-12-01 14:28:41";"2025-12-01 14:28:41"
019adaf5-a12f-714d-a023-7d07bd4fd0a0;obelisco;otherTopic;VCAA;2102;NULL;"2025-12-01 14:28:42";"2025-12-01 14:28:42"
019adaf5-a2d6-70f1-9e5b-f294d95e7bf8;"academias de ginástica";otherTopic;VCAA;3088;NULL;"2025-12-01 14:28:42";"2025-12-01 14:28:42"
019adaf5-a350-7257-a330-61fafa07b31b;autódromos;otherTopic;VCAA;3089;NULL;"2025-12-01 14:28:42";"2025-12-01 14:28:42"
019adaf5-a3be-72aa-8641-f9abe12b5428;"campos de golfe";otherTopic;VCAA;6370;NULL;"2025-12-01 14:28:42";"2025-12-01 14:28:42"
019adaf5-a42b-7279-801c-c9d25bdf58a5;"centros esportivos";otherTopic;VCAA;3092;NULL;"2025-12-01 14:28:42";"2025-12-01 14:28:42"
019adaf5-a499-71ff-806e-f3229142b958;ciclovias;otherTopic;VCAA;346;NULL;"2025-12-01 14:28:42";"2025-12-01 14:28:42"
019adaf5-a507-7208-b4e3-cdd3e3179f16;clube;otherTopic;VCAA;365;NULL;"2025-12-01 14:28:43";"2025-12-01 14:28:43"
019adaf5-a574-7073-a7d7-751fa23319f2;estádios;otherTopic;VCAA;529;NULL;"2025-12-01 14:28:43";"2025-12-01 14:28:43"
019adaf5-a5e2-728b-b066-f00fa340a2e3;"ginásio de esportes";otherTopic;VCAA;613;NULL;"2025-12-01 14:28:43";"2025-12-01 14:28:43"
019adaf5-a651-708a-beff-3f8f7294b2e9;hipódromo;otherTopic;VCAA;642;NULL;"2025-12-01 14:28:43";"2025-12-01 14:28:43"
019adaf5-a6bf-7189-a363-f62c9a4acc51;piscinas;otherTopic;VCAA;913;NULL;"2025-12-01 14:28:43";"2025-12-01 14:28:43"
019adaf5-a72d-7156-ab61-314ee69c760b;"pistas de cooper";otherTopic;VCAA;925;NULL;"2025-12-01 14:28:43";"2025-12-01 14:28:43"
019adaf5-a79b-72d4-953f-3115430c1a84;"pistas de corrida";otherTopic;VCAA;926;NULL;"2025-12-01 14:28:43";"2025-12-01 14:28:43"
019adaf5-a809-71a7-9c88-5c12a972f76c;"pistas de patinação";otherTopic;VCAA;3085;NULL;"2025-12-01 14:28:43";"2025-12-01 14:28:43"
019adaf5-a877-7275-b47e-994fad385845;"pistas de skate";otherTopic;VCAA;927;NULL;"2025-12-01 14:28:43";"2025-12-01 14:28:43"
019adaf5-a8e3-73c9-aa96-e42fd4eacec9;"quadras poliesportivas";otherTopic;VCAA;2111;NULL;"2025-12-01 14:28:44";"2025-12-01 14:28:44"
019adaf5-a950-70d0-b074-f4f8a3991b1d;saunas;otherTopic;VCAA;3087;NULL;"2025-12-01 14:28:44";"2025-12-01 14:28:44"
019adaf5-a9bf-713d-b380-b9e316cae060;velódromo;otherTopic;VCAA;3090;NULL;"2025-12-01 14:28:44";"2025-12-01 14:28:44"
019adaf5-aa2c-7323-9e21-f4b0023b9a0d;vestiários;otherTopic;VCAA;1210;NULL;"2025-12-01 14:28:44";"2025-12-01 14:28:44"
019adaf5-aa9c-7053-9fec-d1639f534550;"vilas olímpicas";otherTopic;VCAA;3091;NULL;"2025-12-01 14:28:44";"2025-12-01 14:28:44"
019adaf5-ac27-729d-a3a6-92415095a93f;bienais;otherTopic;VCAA;2306;NULL;"2025-12-01 14:28:44";"2025-12-01 14:28:44"
019adaf5-ac94-7039-bcca-c44c4ecaffbf;planetários;otherTopic;VCAA;2129;NULL;"2025-12-01 14:28:44";"2025-12-01 14:28:44"
019adaf5-ad00-717b-8168-b15748012fc3;zoológicos;otherTopic;VCAA;2132;NULL;"2025-12-01 14:28:45";"2025-12-01 14:28:45"
019adaf5-ae99-71be-86be-a97b40d3d92a;"casa bandeirante";otherTopic;VCAA;225;NULL;"2025-12-01 14:28:45";"2025-12-01 14:28:45"
019adaf5-af12-710e-bb33-75fdb19dfdf9;"casa de câmara e cadeia";otherTopic;VCAA;314;NULL;"2025-12-01 14:28:45";"2025-12-01 14:28:45"
019adaf5-af81-7154-bc25-5d79196a5dd7;"casa grande";otherTopic;VCAA;2769;NULL;"2025-12-01 14:28:45";"2025-12-01 14:28:45"
019adaf5-afec-73e9-8054-831ed9a5a713;castelos;otherTopic;VCAA;1342;NULL;"2025-12-01 14:28:45";"2025-12-01 14:28:45"
019adaf5-b05a-7026-9c63-a99a1a6dbc16;"edifícios tombados";otherTopic;VCAA;6492;NULL;"2025-12-01 14:28:45";"2025-12-01 14:28:45"
019adaf5-b0c9-7051-b617-3a0e62582a8c;engenhos;otherTopic;VCAA;5937;NULL;"2025-12-01 14:28:46";"2025-12-01 14:28:46"
019adaf5-b137-70d2-a5f9-10a5f4c2ab68;palácios;otherTopic;VCAA;2052;NULL;"2025-12-01 14:28:46";"2025-12-01 14:28:46"
019adaf5-b1a7-7366-a377-20ee6fb2f265;senzala;otherTopic;VCAA;1073;NULL;"2025-12-01 14:28:46";"2025-12-01 14:28:46"
019adaf5-b342-706c-9f15-3290499e1445;camarins;otherTopic;VCAA;287;NULL;"2025-12-01 14:28:46";"2025-12-01 14:28:46"
019adaf5-b3bc-7270-96a5-84bc20168b5b;foyer;otherTopic;VCAA;587;NULL;"2025-12-01 14:28:46";"2025-12-01 14:28:46"
019adaf5-b428-70f0-a9e4-772ad42326a9;proscênio;otherTopic;VCAA;999;NULL;"2025-12-01 14:28:46";"2025-12-01 14:28:46"
019adaf5-b5bc-731b-97ac-8da0dd9382c4;"escolas (edifícios)";otherTopic;VCAA;5945;NULL;"2025-12-01 14:28:47";"2025-12-01 14:28:47"
019adaf5-b62f-717b-8642-36ce65cbb6c2;faculdades;otherTopic;VCAA;560;NULL;"2025-12-01 14:28:47";"2025-12-01 14:28:47"
019adaf5-b69c-7110-a8ac-dfdb18204cb6;universidades;otherTopic;VCAA;2131;NULL;"2025-12-01 14:28:47";"2025-12-01 14:28:47"
019adaf5-b848-73f9-add3-15f604908857;bibliotecas;otherTopic;VCAA;2305;NULL;"2025-12-01 14:28:47";"2025-12-01 14:28:47"
019adaf5-b8b3-70b5-a56a-4bb8585a9bfd;"institutos de pesquisa";otherTopic;VCAA;6678;NULL;"2025-12-01 14:28:48";"2025-12-01 14:28:48"
019adaf5-b91e-735b-a2a7-b3d407ddd24e;laboratórios;otherTopic;VCAA;691;NULL;"2025-12-01 14:28:48";"2025-12-01 14:28:48"
019adaf5-b98d-7240-a69b-7978cb73b3f6;observatório;otherTopic;VCAA;2314;NULL;"2025-12-01 14:28:48";"2025-12-01 14:28:48"
019adaf5-bb26-730d-a0d5-f13d13fa12fd;"edifícios residenciais (dependências)";otherTopic;VCAA;2507;NULL;"2025-12-01 14:28:48";"2025-12-01 14:28:48"
019adaf5-bb94-70c7-9d11-60b70d525831;"edifícios residenciais (processos construtivos)";otherTopic;VCAA;2510;NULL;"2025-12-01 14:28:48";"2025-12-01 14:28:48"
019adaf5-bc01-7162-a01b-68f142c56b50;"edifícios residenciais (tipologia)";otherTopic;VCAA;1818;NULL;"2025-12-01 14:28:48";"2025-12-01 14:28:48"
019adaf5-bda0-7228-853c-2d6fd17365ab;"usinas  de energia";otherTopic;VCAA;6293;NULL;"2025-12-01 14:28:49";"2025-12-01 14:28:49"
019adaf5-be18-7145-b7f2-cca184eb0375;"usinas hidrelétricas";otherTopic;VCAA;2266;NULL;"2025-12-01 14:28:49";"2025-12-01 14:28:49"
019adaf5-bfa5-71a9-bb83-e5236891c22f;"albergues noturnos";otherTopic;VCAA;2541;NULL;"2025-12-01 14:28:49";"2025-12-01 14:28:49"
019adaf5-c013-70a1-946e-ccec84b10cb9;"casas de repouso";otherTopic;VCAA;2543;NULL;"2025-12-01 14:28:49";"2025-12-01 14:28:49"
019adaf5-c07f-7255-87f3-ca9c0c3e498c;creches;otherTopic;VCAA;422;NULL;"2025-12-01 14:28:50";"2025-12-01 14:28:50"
019adaf5-c0ec-7303-8ffd-d681559e9ac7;orfanatos;otherTopic;VCAA;2125;NULL;"2025-12-01 14:28:50";"2025-12-01 14:28:50"
019adaf5-c27d-7156-85c3-b02cf775d0ef;ambulatórios;otherTopic;VCAA;2756;NULL;"2025-12-01 14:28:50";"2025-12-01 14:28:50"
019adaf5-c2ef-7173-8fab-08e367491cf5;"centros de reabilitação";otherTopic;VCAA;2757;NULL;"2025-12-01 14:28:50";"2025-12-01 14:28:50"
019adaf5-c35c-7017-8171-937245100303;"clínicas médicas";otherTopic;VCAA;2759;NULL;"2025-12-01 14:28:50";"2025-12-01 14:28:50"
019adaf5-c3ca-7343-9148-daaf31758c1a;hospitais;otherTopic;VCAA;645;NULL;"2025-12-01 14:28:50";"2025-12-01 14:28:50"
019adaf5-c55f-70ac-9db9-adb4e41da1df;fortificações;otherTopic;VCAA;4813;NULL;"2025-12-01 14:28:51";"2025-12-01 14:28:51"
019adaf5-c5ce-72c2-aaee-4a3c5a1e7249;guarita;otherTopic;VCAA;2286;NULL;"2025-12-01 14:28:51";"2025-12-01 14:28:51"
019adaf5-c63c-70f9-ae23-8c97759f804d;quartel;otherTopic;VCAA;1010;NULL;"2025-12-01 14:28:51";"2025-12-01 14:28:51"
019adaf5-c6aa-70d5-b41d-4e1bb4c3a2bd;tenalha;otherTopic;VCAA;2289;NULL;"2025-12-01 14:28:51";"2025-12-01 14:28:51"
019adaf5-c845-7147-acd5-ecb277a11108;cadeias;otherTopic;VCAA;6361;NULL;"2025-12-01 14:28:52";"2025-12-01 14:28:52"
019adaf5-c8b0-72af-9a43-04cedd8fc483;"centros de detenção";otherTopic;VCAA;6664;NULL;"2025-12-01 14:28:52";"2025-12-01 14:28:52"
019adaf5-c91b-71dd-8b15-3e47f4d4cc8a;penitenciárias;otherTopic;VCAA;2790;NULL;"2025-12-01 14:28:52";"2025-12-01 14:28:52"
019adaf5-c989-7350-bbe3-8f4a71f2f6f2;prisões;otherTopic;VCAA;998;NULL;"2025-12-01 14:28:52";"2025-12-01 14:28:52"
019adaf5-c9f5-70c0-9a19-53f655aa0bf8;reformatórios;otherTopic;VCAA;6772;NULL;"2025-12-01 14:28:52";"2025-12-01 14:28:52"
019adaf5-cbb0-7016-ab86-685079f986c4;"casas rurais";otherTopic;VCAA;3094;NULL;"2025-12-01 14:28:52";"2025-12-01 14:28:52"
019adaf5-cc29-736e-a9c0-959137cb3fa7;curral;otherTopic;VCAA;141;NULL;"2025-12-01 14:28:53";"2025-12-01 14:28:53"
019adaf5-cc96-72e7-ae9b-3bdd817f5901;estábulos;otherTopic;VCAA;6508;NULL;"2025-12-01 14:28:53";"2025-12-01 14:28:53"
019adaf5-cd04-7196-86ff-1688f14f8f3c;fazendas;otherTopic;VCAA;2268;NULL;"2025-12-01 14:28:53";"2025-12-01 14:28:53"
019adaf5-cd71-72bc-81af-097cae528897;rancho;otherTopic;VCAA;1018;NULL;"2025-12-01 14:28:53";"2025-12-01 14:28:53"
019adaf5-cddd-7346-868c-1288068293f5;silo;otherTopic;VCAA;1080;NULL;"2025-12-01 14:28:53";"2025-12-01 14:28:53"
019adaf5-cf6e-7307-b7c9-7d0a0e30df89;"agências bancárias";otherTopic;VCAA;2150;NULL;"2025-12-01 14:28:53";"2025-12-01 14:28:53"
019adaf5-cfe3-72ba-aa82-8cb69f390505;armazéns;otherTopic;VCAA;2739;NULL;"2025-12-01 14:28:53";"2025-12-01 14:28:53"
019adaf5-d04f-72ea-a2b9-e4c765debf25;bancas;otherTopic;VCAA;219;NULL;"2025-12-01 14:28:54";"2025-12-01 14:28:54"
019adaf5-d0ba-70fd-80e6-bede691dcb13;bares;otherTopic;VCAA;2742;NULL;"2025-12-01 14:28:54";"2025-12-01 14:28:54"
019adaf5-d128-7028-a3de-3b76d6b5b0a2;borracharias;otherTopic;VCAA;2750;NULL;"2025-12-01 14:28:54";"2025-12-01 14:28:54"
019adaf5-d196-73c7-931c-f35e5aff38b1;cafeterias;otherTopic;VCAA;267;NULL;"2025-12-01 14:28:54";"2025-12-01 14:28:54"
019adaf5-d205-718c-a129-ca9636f8c5f0;"casas noturnas";otherTopic;VCAA;2751;NULL;"2025-12-01 14:28:54";"2025-12-01 14:28:54"
019adaf5-d273-7200-aaa3-592e0ed1ad6b;cassinos;otherTopic;VCAA;323;NULL;"2025-12-01 14:28:54";"2025-12-01 14:28:54"
019adaf5-d2e1-72d8-87a8-284a6846e2f1;depósitos;otherTopic;VCAA;437;NULL;"2025-12-01 14:28:54";"2025-12-01 14:28:54"
019adaf5-d34f-70bd-abfc-a18dad091451;docas;otherTopic;VCAA;446;NULL;"2025-12-01 14:28:54";"2025-12-01 14:28:54"
019adaf5-d3bd-7086-90fd-8bcf20d63d22;editoras;otherTopic;VCAA;2746;NULL;"2025-12-01 14:28:54";"2025-12-01 14:28:54"
019adaf5-d428-71c9-bb64-d238e97e8e93;farmácias;otherTopic;VCAA;6515;NULL;"2025-12-01 14:28:55";"2025-12-01 14:28:55"
019adaf5-d498-7176-b05f-7d0bc3c2e299;flats;otherTopic;VCAA;2741;NULL;"2025-12-01 14:28:55";"2025-12-01 14:28:55"
019adaf5-d506-7294-9c37-b1bed44d6ff4;galpões;otherTopic;VCAA;606;NULL;"2025-12-01 14:28:55";"2025-12-01 14:28:55"
019adaf5-d573-70af-a782-8401724fa262;"garagens comerciais";otherTopic;VCAA;2743;NULL;"2025-12-01 14:28:55";"2025-12-01 14:28:55"
019adaf5-d5e1-7131-a053-20ac3b5358d4;gráficas;otherTopic;VCAA;2747;NULL;"2025-12-01 14:28:55";"2025-12-01 14:28:55"
019adaf5-d64f-73ab-9cf6-0fb49b34991f;hospedaria;otherTopic;VCAA;644;NULL;"2025-12-01 14:28:55";"2025-12-01 14:28:55"
019adaf5-d6bf-721f-a430-06dcee029d2c;hostel;otherTopic;VCAA;647;NULL;"2025-12-01 14:28:55";"2025-12-01 14:28:55"
019adaf5-d72e-72bb-873b-975658825589;hotéis;otherTopic;VCAA;6537;NULL;"2025-12-01 14:28:55";"2025-12-01 14:28:55"
019adaf5-d79b-7040-89f6-55e6b03da033;lanchonete;otherTopic;VCAA;712;NULL;"2025-12-01 14:28:55";"2025-12-01 14:28:55"
019adaf5-d809-7314-9199-97eeb4bb47ac;lavanderias;otherTopic;VCAA;715;NULL;"2025-12-01 14:28:56";"2025-12-01 14:28:56"
019adaf5-d876-70d7-901e-f3cb55135447;livrarias;otherTopic;VCAA;6565;NULL;"2025-12-01 14:28:56";"2025-12-01 14:28:56"
019adaf5-d8e4-727f-8ca7-7518e1772a37;lojas;otherTopic;VCAA;2744;NULL;"2025-12-01 14:28:56";"2025-12-01 14:28:56"
019adaf5-d950-7113-86fb-5878b1224fee;mercados;otherTopic;VCAA;755;NULL;"2025-12-01 14:28:56";"2025-12-01 14:28:56"
019adaf5-d9bc-7347-9121-163fae151fde;moteis;otherTopic;VCAA;2740;NULL;"2025-12-01 14:28:56";"2025-12-01 14:28:56"
019adaf5-da2a-72e2-9201-1e2303300159;oficinas;otherTopic;VCAA;807;NULL;"2025-12-01 14:28:56";"2025-12-01 14:28:56"
019adaf5-da97-71ce-ae42-235e62c4121e;olarias;otherTopic;VCAA;2754;NULL;"2025-12-01 14:28:56";"2025-12-01 14:28:56"
019adaf5-db06-72c3-9ca5-730929ea250f;padarias;otherTopic;VCAA;2748;NULL;"2025-12-01 14:28:56";"2025-12-01 14:28:56"
019adaf5-db74-73e8-a994-86c7d094fbd3;pavilhão;otherTopic;VCAA;875;NULL;"2025-12-01 14:28:56";"2025-12-01 14:28:56"
019adaf5-dbdf-7104-a0d9-27c172df8cc9;"postos de combustíveis";otherTopic;VCAA;981;NULL;"2025-12-01 14:28:57";"2025-12-01 14:28:57"
019adaf5-dc4c-72f7-a5b3-5096652e1930;pousadas;otherTopic;VCAA;982;NULL;"2025-12-01 14:28:57";"2025-12-01 14:28:57"
019adaf5-dcb7-717f-b704-7963b4d9e664;quiosques;otherTopic;VCAA;6769;NULL;"2025-12-01 14:28:57";"2025-12-01 14:28:57"
019adaf5-dd24-7066-8b3d-d8f77a458b10;restaurantes;otherTopic;VCAA;1037;NULL;"2025-12-01 14:28:57";"2025-12-01 14:28:57"
019adaf5-dd91-7101-a398-dfca388caa00;"shopping centers";otherTopic;VCAA;2752;NULL;"2025-12-01 14:28:57";"2025-12-01 14:28:57"
019adaf5-ddfd-72ce-8dcb-92da39d417b0;supermercados;otherTopic;VCAA;2753;NULL;"2025-12-01 14:28:57";"2025-12-01 14:28:57"
019adaf5-dff4-71ea-9d9a-474b6417a4e4;"cozinhas industriais";otherTopic;VCAA;2770;NULL;"2025-12-01 14:28:58";"2025-12-01 14:28:58"
019adaf5-e060-7020-ad39-fce31bb88314;destilarias;otherTopic;VCAA;6457;NULL;"2025-12-01 14:28:58";"2025-12-01 14:28:58"
019adaf5-e0cf-70ca-a8f1-e1d69fb612f0;indústrias;otherTopic;VCAA;660;NULL;"2025-12-01 14:28:58";"2025-12-01 14:28:58"
019adaf5-e13e-71ea-a921-6dc7a3bd04ef;marcenaria;otherTopic;VCAA;740;NULL;"2025-12-01 14:28:58";"2025-12-01 14:28:58"
019adaf5-e1aa-716a-8034-a922538feba2;serrarias;otherTopic;VCAA;6804;NULL;"2025-12-01 14:28:58";"2025-12-01 14:28:58"
019adaf5-e35d-70e1-b0ea-3af27d14b516;"centrais telefônicas";otherTopic;VCAA;2772;NULL;"2025-12-01 14:28:58";"2025-12-01 14:28:58"
019adaf5-e3cf-7362-a126-50c62d580393;correios;otherTopic;VCAA;2773;NULL;"2025-12-01 14:28:59";"2025-12-01 14:28:59"
019adaf5-e43d-7324-bd52-74d8ba0e8631;"edifícios de rádio e televisão";otherTopic;VCAA;2774;NULL;"2025-12-01 14:28:59";"2025-12-01 14:28:59"
019adaf5-e5da-73a5-9221-574c6511e5a2;alfândegas;otherTopic;VCAA;122;NULL;"2025-12-01 14:28:59";"2025-12-01 14:28:59"
019adaf5-e653-7309-9474-dda7beaff136;"edifícios cívicos e sociais";otherTopic;VCAA;6470;NULL;"2025-12-01 14:28:59";"2025-12-01 14:28:59"
019adaf5-e6c2-736c-a988-6b703dded8ea;"edifícios governamentais";otherTopic;VCAA;2795;NULL;"2025-12-01 14:28:59";"2025-12-01 14:28:59"
019adaf5-e72f-701d-8fbb-f9a8b6c4c889;"edifícios judiciários";otherTopic;VCAA;2797;NULL;"2025-12-01 14:28:59";"2025-12-01 14:28:59"
019adaf5-e79d-72ab-b882-064bb7edabc9;"edifícios legislativos";otherTopic;VCAA;2799;NULL;"2025-12-01 14:29:00";"2025-12-01 14:29:00"
019adaf5-e80c-734b-acf7-aed0b9482b19;"edifícios militares";otherTopic;VCAA;2798;NULL;"2025-12-01 14:29:00";"2025-12-01 14:29:00"
019adaf5-e87b-7264-bac5-79ce31bbf430;embaixadas;otherTopic;VCAA;472;NULL;"2025-12-01 14:29:00";"2025-12-01 14:29:00"
019adaf5-e8e8-70fc-93bb-87afb2ac7b7c;fórum;otherTopic;VCAA;586;NULL;"2025-12-01 14:29:00";"2025-12-01 14:29:00"
019adaf5-e956-7256-82ba-a56ee51de62e;ministérios;otherTopic;VCAA;2291;NULL;"2025-12-01 14:29:00";"2025-12-01 14:29:00"
019adaf5-e9c3-70b7-b2cf-7a1b526641c5;paço;otherTopic;VCAA;2295;NULL;"2025-12-01 14:29:00";"2025-12-01 14:29:00"
019adaf5-ea31-7038-a029-92f4b09bb1e9;prefeituras;otherTopic;VCAA;996;NULL;"2025-12-01 14:29:00";"2025-12-01 14:29:00"
019adaf5-ea9d-7318-a2c6-a55770389f42;secretarias;otherTopic;VCAA;2301;NULL;"2025-12-01 14:29:00";"2025-12-01 14:29:00"
019adaf5-eb0c-73a5-8c82-d4a6f0849a26;supremo;otherTopic;VCAA;2293;NULL;"2025-12-01 14:29:00";"2025-12-01 14:29:00"
019adaf5-eb7b-7237-a070-4902ad5e03c5;tribunal;otherTopic;VCAA;2294;NULL;"2025-12-01 14:29:01";"2025-12-01 14:29:01"
019adaf5-ed21-700c-8f7a-92b6f06e3d3d;"abrigos de ônibus";otherTopic;VCAA;5643;NULL;"2025-12-01 14:29:01";"2025-12-01 14:29:01"
019adaf5-ed93-7014-acb4-c0923fce1e67;aeroportos;otherTopic;VCAA;112;NULL;"2025-12-01 14:29:01";"2025-12-01 14:29:01"
019adaf5-ee00-7003-bbd6-8935375ff879;ancoradouros;otherTopic;VCAA;135;NULL;"2025-12-01 14:29:01";"2025-12-01 14:29:01"
019adaf5-ee6c-725a-915a-e914712790de;"estações ferroviárias";otherTopic;VCAA;525;NULL;"2025-12-01 14:29:01";"2025-12-01 14:29:01"
019adaf5-eeda-70b9-952d-aab686ef6d0f;"estações metroviárias";otherTopic;VCAA;526;NULL;"2025-12-01 14:29:01";"2025-12-01 14:29:01"
019adaf5-ef48-722b-ac14-06b12761fd64;"estações rodoviárias";otherTopic;VCAA;7591;NULL;"2025-12-01 14:29:02";"2025-12-01 14:29:02"
019adaf5-efb6-736e-baeb-c11203c93342;hangares;otherTopic;VCAA;638;NULL;"2025-12-01 14:29:02";"2025-12-01 14:29:02"
019adaf5-f023-71f4-bcff-d847ba1fd1a4;heliponto;otherTopic;VCAA;640;NULL;"2025-12-01 14:29:02";"2025-12-01 14:29:02"
019adaf5-f091-71d7-94ee-ca9ac5b6aaa1;marinas;otherTopic;VCAA;6685;NULL;"2025-12-01 14:29:02";"2025-12-01 14:29:02"
019adaf5-f0ff-714b-80bd-fe60975acb4c;portos;otherTopic;VCAA;975;NULL;"2025-12-01 14:29:02";"2025-12-01 14:29:02"
019adaf5-f16c-72f3-8b5c-eff87bd2997a;"terminal rodoviário";otherTopic;VCAA;1133;NULL;"2025-12-01 14:29:02";"2025-12-01 14:29:02"
019adaf5-f322-7379-8ec4-5b0170e43463;estacas;otherTopic;VCAA;522;NULL;"2025-12-01 14:29:03";"2025-12-01 14:29:03"
019adaf5-f393-73b4-b7d1-c30c01e384bf;plataforma;otherTopic;VCAA;943;NULL;"2025-12-01 14:29:03";"2025-12-01 14:29:03"
019adaf5-f3ff-72ba-9fb2-9c341d43dfcd;sapatas;otherTopic;VCAA;1066;NULL;"2025-12-01 14:29:03";"2025-12-01 14:29:03"
019adaf5-f46b-734e-98c4-d49037c5e713;talude;otherTopic;VCAA;1105;NULL;"2025-12-01 14:29:03";"2025-12-01 14:29:03"
019adaf5-f4d8-7072-8773-d61f2d6c77be;travação;otherTopic;VCAA;1176;NULL;"2025-12-01 14:29:03";"2025-12-01 14:29:03"
019adaf5-f66f-70c2-8b70-484942aed71c;módulos;otherTopic;VCAA;772;NULL;"2025-12-01 14:29:03";"2025-12-01 14:29:03"
019adaf5-f81e-70d9-a349-304dc39c4855;"calçamento pé-de-moleque";otherTopic;VCAA;2154;NULL;"2025-12-01 14:29:04";"2025-12-01 14:29:04"
019adaf5-f890-7094-aaa0-be08fe997f54;paralelepípedos;otherTopic;VCAA;850;NULL;"2025-12-01 14:29:04";"2025-12-01 14:29:04"
019adaf5-fa2a-70b1-8289-ac99eb886e76;"reciclagem de edifícios";otherTopic;VCAA;1021;NULL;"2025-12-01 14:29:04";"2025-12-01 14:29:04"
019adaf5-fa97-701f-b5b2-cc0294465176;"reciclagem urbana";otherTopic;VCAA;3148;NULL;"2025-12-01 14:29:04";"2025-12-01 14:29:04"
019adaf5-fb04-701a-8f87-35f35e73baca;retrofit;otherTopic;VCAA;1040;NULL;"2025-12-01 14:29:05";"2025-12-01 14:29:05"
019adaf5-fca2-729e-92ff-021317fa391d;"acústica arquitetônica";otherTopic;VCAA;2706;NULL;"2025-12-01 14:29:05";"2025-12-01 14:29:05"
019adaf5-fd18-712b-968f-f484ebdf426f;iluminação;otherTopic;VCAA;655;NULL;"2025-12-01 14:29:05";"2025-12-01 14:29:05"
019adaf5-fd84-707e-b744-e4fd1e9d27c2;luminotécnica;otherTopic;VCAA;729;NULL;"2025-12-01 14:29:05";"2025-12-01 14:29:05"
019adaf5-ff11-70f7-930f-616c50780949;anteprojeto;otherTopic;VCAA;75;NULL;"2025-12-01 14:29:06";"2025-12-01 14:29:06"
019adaf5-ff87-704d-acde-f143147d2f19;"corte longitudinal";otherTopic;VCAA;419;NULL;"2025-12-01 14:29:06";"2025-12-01 14:29:06"
019adaf5-fff4-7059-987a-b0674dca6920;croquis;otherTopic;VCAA;423;NULL;"2025-12-01 14:29:06";"2025-12-01 14:29:06"
019adaf6-0063-7159-98af-11115fce76b9;"desenhos de piso";otherTopic;VCAA;2695;NULL;"2025-12-01 14:29:06";"2025-12-01 14:29:06"
019adaf6-00cf-710e-adee-d9289f812bcc;detalhes;otherTopic;VCAA;444;NULL;"2025-12-01 14:29:06";"2025-12-01 14:29:06"
019adaf6-013c-708f-acf0-bbfc572d2a46;"detalhes artísticos";otherTopic;VCAA;2038;NULL;"2025-12-01 14:29:06";"2025-12-01 14:29:06"
019adaf6-01a9-714a-9956-abf10c425aa7;escala;otherTopic;VCAA;504;NULL;"2025-12-01 14:29:06";"2025-12-01 14:29:06"
019adaf6-0217-7232-a19e-9084f44ced60;fachadas;otherTopic;VCAA;557;NULL;"2025-12-01 14:29:06";"2025-12-01 14:29:06"
019adaf6-0284-70da-b975-bb13abe33ac5;implantação;otherTopic;VCAA;659;NULL;"2025-12-01 14:29:06";"2025-12-01 14:29:06"
019adaf6-02f0-7025-8772-571a20cef660;modulor;otherTopic;VCAA;773;NULL;"2025-12-01 14:29:07";"2025-12-01 14:29:07"
019adaf6-035e-714b-83c9-f471f79dff2e;perspectiva;otherTopic;VCAA;897;NULL;"2025-12-01 14:29:07";"2025-12-01 14:29:07"
019adaf6-03ca-71a5-acbb-4806cbb2cce0;"plantas baixa";otherTopic;VCAA;938;NULL;"2025-12-01 14:29:07";"2025-12-01 14:29:07"
019adaf6-0437-7131-8bb6-8ff9ac2bafd6;"plantas cruciforme";otherTopic;VCAA;939;NULL;"2025-12-01 14:29:07";"2025-12-01 14:29:07"
019adaf6-04a4-70d8-9ff4-cb7ec71dc5a6;simetria;otherTopic;VCAA;1081;NULL;"2025-12-01 14:29:07";"2025-12-01 14:29:07"
019adaf6-0510-73b4-87e5-32c640d08898;sobreposição;otherTopic;VCAA;1093;NULL;"2025-12-01 14:29:07";"2025-12-01 14:29:07"
019adaf6-057f-7355-9eab-707c8f18e471;térreo;otherTopic;VCAA;1141;NULL;"2025-12-01 14:29:07";"2025-12-01 14:29:07"
019adaf6-05eb-7050-99d9-648296f27d51;topografia;otherTopic;VCAA;1162;NULL;"2025-12-01 14:29:07";"2025-12-01 14:29:07"
019adaf6-0659-70f3-b64f-ef70aa8aa2b8;vista;otherTopic;VCAA;1227;NULL;"2025-12-01 14:29:07";"2025-12-01 14:29:07"
019adaf6-082e-7234-8292-77c23ad861ea;"cor na arquitetura";otherTopic;VCAA;2704;NULL;"2025-12-01 14:29:08";"2025-12-01 14:29:08"
019adaf6-09e5-721a-bfe6-d8f9549e6d50;maquetaria;otherTopic;VCAA;737;NULL;"2025-12-01 14:29:08";"2025-12-01 14:29:08"
019adaf6-0b7e-7227-adbd-5239b867c2b8;acesso;otherTopic;VCAA;2144;NULL;"2025-12-01 14:29:09";"2025-12-01 14:29:09"
019adaf6-0bee-72ba-842f-251b8c7f79a6;"alvenaria estrutural";otherTopic;VCAA;1737;NULL;"2025-12-01 14:29:09";"2025-12-01 14:29:09"
019adaf6-0c5c-7345-851f-3dc326bc1f85;coberturas;otherTopic;VCAA;1950;NULL;"2025-12-01 14:29:09";"2025-12-01 14:29:09"
019adaf6-0ccb-71c0-a51d-3c48accd76ce;"elementos balanceados";otherTopic;VCAA;1969;NULL;"2025-12-01 14:29:09";"2025-12-01 14:29:09"
019adaf6-0d38-72ee-8898-d321579eef59;"elementos elevados";otherTopic;VCAA;1976;NULL;"2025-12-01 14:29:09";"2025-12-01 14:29:09"
019adaf6-0da7-73c7-8c95-c8041c4a94ac;"elementos ornamentais";otherTopic;VCAA;1980;NULL;"2025-12-01 14:29:09";"2025-12-01 14:29:09"
019adaf6-0e17-73a0-87fd-c605b4dd06e0;"elementos reentrantes";otherTopic;VCAA;2956;NULL;"2025-12-01 14:29:09";"2025-12-01 14:29:09"
019adaf6-0e84-7184-aa31-fca096c4d6f3;"elementos sustentados";otherTopic;VCAA;1983;NULL;"2025-12-01 14:29:10";"2025-12-01 14:29:10"
019adaf6-0ef1-70d5-8437-51ed693712fa;"elementos sustentantes";otherTopic;VCAA;2538;NULL;"2025-12-01 14:29:10";"2025-12-01 14:29:10"
019adaf6-0f5e-7168-89a5-46dc4c549954;"estruturas aparentes";otherTopic;VCAA;2020;NULL;"2025-12-01 14:29:10";"2025-12-01 14:29:10"
019adaf6-0fcc-7072-aa05-9dacb22068b0;"estruturas de aço";otherTopic;VCAA;2022;NULL;"2025-12-01 14:29:10";"2025-12-01 14:29:10"
019adaf6-1039-7168-b798-b52714224426;"estruturas de cabo duplo";otherTopic;VCAA;5974;NULL;"2025-12-01 14:29:10";"2025-12-01 14:29:10"
019adaf6-10a5-7360-bf89-8999a7502467;"estruturas de cabos";otherTopic;VCAA;5976;NULL;"2025-12-01 14:29:10";"2025-12-01 14:29:10"
019adaf6-1113-7129-839d-c4f4a20da388;"estruturas de concreto";otherTopic;VCAA;2023;NULL;"2025-12-01 14:29:10";"2025-12-01 14:29:10"
019adaf6-1180-707a-a1b7-b6a879069acf;"estruturas de grande vão";otherTopic;VCAA;5980;NULL;"2025-12-01 14:29:10";"2025-12-01 14:29:10"
019adaf6-11ec-73ee-80b4-16a4d63f3b86;"estruturas de madeira";otherTopic;VCAA;2024;NULL;"2025-12-01 14:29:10";"2025-12-01 14:29:10"
019adaf6-1259-7283-bf84-c356ca40b39c;"estruturas de placa";otherTopic;VCAA;5983;NULL;"2025-12-01 14:29:11";"2025-12-01 14:29:11"
019adaf6-12c8-70fd-9274-771c413993d4;"estruturas de placas dobradas";otherTopic;VCAA;5986;NULL;"2025-12-01 14:29:11";"2025-12-01 14:29:11"
019adaf6-1334-71c9-bce6-348a5423328d;"estruturas de rede de cabos";otherTopic;VCAA;5989;NULL;"2025-12-01 14:29:11";"2025-12-01 14:29:11"
019adaf6-13a2-71f2-96ba-b72faa0467e3;"estruturas de tração";otherTopic;VCAA;5992;NULL;"2025-12-01 14:29:11";"2025-12-01 14:29:11"
019adaf6-1410-71f8-b810-73a7cedfbcfe;"estruturas de vedação";otherTopic;VCAA;2974;NULL;"2025-12-01 14:29:11";"2025-12-01 14:29:11"
019adaf6-147d-7101-9bf6-ae9596c482dd;"estruturas em postes e vigas";otherTopic;VCAA;5995;NULL;"2025-12-01 14:29:11";"2025-12-01 14:29:11"
019adaf6-14eb-7074-a9c8-2c6f809bc203;"estruturas esféricas";otherTopic;VCAA;2025;NULL;"2025-12-01 14:29:11";"2025-12-01 14:29:11"
019adaf6-1558-714a-8f96-b4f1a509c8a2;"estruturas estaiadas";otherTopic;VCAA;5998;NULL;"2025-12-01 14:29:11";"2025-12-01 14:29:11"
019adaf6-15c8-7292-9a1c-56ed64eef5ec;"estruturas estaticamente determinadas";otherTopic;VCAA;6001;NULL;"2025-12-01 14:29:11";"2025-12-01 14:29:11"
019adaf6-1635-730e-9710-4bc80cb713a2;"estruturas estaticamente indeterminadas";otherTopic;VCAA;6004;NULL;"2025-12-01 14:29:11";"2025-12-01 14:29:11"
019adaf6-16a3-73f3-9aab-6d38803b2444;"estruturas flexíveis";otherTopic;VCAA;6007;NULL;"2025-12-01 14:29:12";"2025-12-01 14:29:12"
019adaf6-1712-7103-bdde-035ed5a6fbcd;"estruturas metálicas";otherTopic;VCAA;2027;NULL;"2025-12-01 14:29:12";"2025-12-01 14:29:12"
019adaf6-1781-72cf-a3e8-67d26b0c3bc2;"estruturas modulares";otherTopic;VCAA;2973;NULL;"2025-12-01 14:29:12";"2025-12-01 14:29:12"
019adaf6-17ef-71de-9980-3a30986f18ec;"estruturas móveis";otherTopic;VCAA;2029;NULL;"2025-12-01 14:29:12";"2025-12-01 14:29:12"
019adaf6-185c-7384-8c01-f50c6acf28c5;"estruturas por localização ou contexto";otherTopic;VCAA;6010;NULL;"2025-12-01 14:29:12";"2025-12-01 14:29:12"
019adaf6-18cc-72b5-81ce-56a5bc68bc6b;"estruturas por propriedades";otherTopic;VCAA;6013;NULL;"2025-12-01 14:29:12";"2025-12-01 14:29:12"
019adaf6-193b-7363-a3af-962dfcd2f0a9;"estruturas pré-fabricadas";otherTopic;VCAA;3044;NULL;"2025-12-01 14:29:12";"2025-12-01 14:29:12"
019adaf6-19a9-71fc-ab4e-46ed7700855b;"estruturas rígidas";otherTopic;VCAA;6015;NULL;"2025-12-01 14:29:12";"2025-12-01 14:29:12"
019adaf6-1a19-722e-8b3d-3d9bbd3f450f;"estruturas suspensas";otherTopic;VCAA;6018;NULL;"2025-12-01 14:29:12";"2025-12-01 14:29:12"
019adaf6-1a88-70fa-8437-5f8bc8d97980;"estruturas tubulares";otherTopic;VCAA;6021;NULL;"2025-12-01 14:29:13";"2025-12-01 14:29:13"
019adaf6-1af6-7071-af8b-395e0b9dc2dd;"ordens arquitetônicas";otherTopic;VCAA;6709;NULL;"2025-12-01 14:29:13";"2025-12-01 14:29:13"
019adaf6-1b65-7166-869f-371219af6b8a;pavimentos;otherTopic;VCAA;2002;NULL;"2025-12-01 14:29:13";"2025-12-01 14:29:13"
019adaf6-1bd2-7011-b62f-26c22016e1a5;"placa de gesso";otherTopic;VCAA;6755;NULL;"2025-12-01 14:29:13";"2025-12-01 14:29:13"
019adaf6-1c40-726c-a3cd-c9fc204f24f9;"pré fabricados";otherTopic;VCAA;988;NULL;"2025-12-01 14:29:13";"2025-12-01 14:29:13"
019adaf6-1cae-7016-8689-6004fe9d1942;vão;otherTopic;VCAA;1198;NULL;"2025-12-01 14:29:13";"2025-12-01 14:29:13"
019adaf6-1e7d-7056-a9ad-508ce2c0ea0a;avenidas-parque;otherTopic;VCAA;3388;NULL;"2025-12-01 14:29:14";"2025-12-01 14:29:14"
019adaf6-2044-7080-81e2-bedcba395477;"condomínios de uso múltiplo";otherTopic;VCAA;3397;NULL;"2025-12-01 14:29:14";"2025-12-01 14:29:14"
019adaf6-21e2-7154-aec2-a716ef4ad968;"áreas de lazer";otherTopic;VCAA;149;NULL;"2025-12-01 14:29:14";"2025-12-01 14:29:14"
019adaf6-225c-70ed-a50f-7318112c04a3;portaria;otherTopic;VCAA;970;NULL;"2025-12-01 14:29:15";"2025-12-01 14:29:15"
019adaf6-22c9-725e-81c3-2b3995c1efc6;subsolo;otherTopic;VCAA;1096;NULL;"2025-12-01 14:29:15";"2025-12-01 14:29:15"
019adaf6-2467-70ac-b2c0-da275e16020a;bairros-jardim;otherTopic;VCAA;3401;NULL;"2025-12-01 14:29:15";"2025-12-01 14:29:15"
019adaf6-2618-72d0-b833-bdef3d5ec178;"comunidades satélite";otherTopic;VCAA;5879;NULL;"2025-12-01 14:29:16";"2025-12-01 14:29:16"
019adaf6-27c3-73e4-ba8e-1f065622fece;"vila operária";otherTopic;VCAA;1226;NULL;"2025-12-01 14:29:16";"2025-12-01 14:29:16"
019adaf6-295b-7092-9922-bbf1109a1f98;"poste de luz";otherTopic;VCAA;978;NULL;"2025-12-01 14:29:16";"2025-12-01 14:29:16"
019adaf6-2b02-737f-bb3f-871e9d4879f5;tubulão;otherTopic;VCAA;1187;NULL;"2025-12-01 14:29:17";"2025-12-01 14:29:17"
019adaf6-2c99-7221-8e9d-b1d6ada4a58d;monotrilho;otherTopic;VCAA;2335;NULL;"2025-12-01 14:29:17";"2025-12-01 14:29:17"
019adaf6-2e83-7220-9d90-1f9ac85a9dc6;"linha férrea";otherTopic;VCAA;2364;NULL;"2025-12-01 14:29:18";"2025-12-01 14:29:18"
019adaf6-2efa-7221-b9a7-66952dc34efc;"pátio de manobra";otherTopic;VCAA;871;NULL;"2025-12-01 14:29:18";"2025-12-01 14:29:18"
019adaf6-2f67-7046-bacb-c452feb7cd1c;trem;otherTopic;VCAA;1181;NULL;"2025-12-01 14:29:18";"2025-12-01 14:29:18"
019adaf6-315d-73dd-9022-fbdae2aef457;hidrovias;otherTopic;VCAA;3384;NULL;"2025-12-01 14:29:18";"2025-12-01 14:29:18"
019adaf6-3312-71a4-ad18-5b8b2a5b459b;rodovias;otherTopic;VCAA;2372;NULL;"2025-12-01 14:29:19";"2025-12-01 14:29:19"
019adaf6-34a7-7260-93f2-ed10e720745c;metrô;otherTopic;VCAA;2323;NULL;"2025-12-01 14:29:19";"2025-12-01 14:29:19"
019adaf6-3658-73f6-97f9-5fbefc41cf99;"sistema viário";otherTopic;VCAA;2318;NULL;"2025-12-01 14:29:20";"2025-12-01 14:29:20"
019adaf6-37f6-73b9-a874-03e59071fc5a;"arte grega arcaica";otherTopic;VCAA;2923;NULL;"2025-12-01 14:29:20";"2025-12-01 14:29:20"
019adaf6-3860-72f8-92cc-f54e917f7e8d;"arte grega clássica";otherTopic;VCAA;2990;NULL;"2025-12-01 14:29:20";"2025-12-01 14:29:20"
019adaf6-38cd-7172-9fbe-3567af2883f5;"arte helenística";otherTopic;VCAA;2924;NULL;"2025-12-01 14:29:20";"2025-12-01 14:29:20"
019adaf6-3a82-7042-89cf-28a60e5476df;"arte ecológica";otherTopic;VCAA;5741;NULL;"2025-12-01 14:29:21";"2025-12-01 14:29:21"
019adaf6-3c33-7087-801d-a547eca1322b;ready-mades;otherTopic;VCAA;4842;NULL;"2025-12-01 14:29:21";"2025-12-01 14:29:21"
019adaf6-3dd2-73c2-88e2-31d89fd3acee;"arte moçárabe";otherTopic;VCAA;2936;NULL;"2025-12-01 14:29:22";"2025-12-01 14:29:22"
019adaf6-3e4a-7316-ba3f-be34e994995a;"arte mudejar";otherTopic;VCAA;3005;NULL;"2025-12-01 14:29:22";"2025-12-01 14:29:22"
019adaf6-3fe0-710e-82ad-a4bc550f956e;"abstração geométrica";otherTopic;VCAA;2572;NULL;"2025-12-01 14:29:22";"2025-12-01 14:29:22"
019adaf6-4052-70bf-bcaf-3e7c07073bf7;"abstracionismo lírico";otherTopic;VCAA;6806;NULL;"2025-12-01 14:29:22";"2025-12-01 14:29:22"
019adaf6-40c0-7361-889d-a8d953f50214;"desenho abstrato";otherTopic;VCAA;6810;NULL;"2025-12-01 14:29:22";"2025-12-01 14:29:22"
019adaf6-413e-736b-b491-dabaff3e96f8;informalismo;otherTopic;VCAA;4283;NULL;"2025-12-01 14:29:23";"2025-12-01 14:29:23"
019adaf6-42f3-70ab-9458-72d8ba0aab7e;"mixed media";otherTopic;VCAA;4460;NULL;"2025-12-01 14:29:23";"2025-12-01 14:29:23"
019adaf6-4366-72b7-a583-875897d519c5;"sky art";otherTopic;VCAA;5156;NULL;"2025-12-01 14:29:23";"2025-12-01 14:29:23"
019adaf6-43d3-7181-adef-babd68e625ea;vídeo-ambiente;otherTopic;VCAA;5004;NULL;"2025-12-01 14:29:23";"2025-12-01 14:29:23"
019adaf6-4442-73fb-8c9a-b7c0a50ad2ed;vídeo-escultórico;otherTopic;VCAA;5005;NULL;"2025-12-01 14:29:23";"2025-12-01 14:29:23"
019adaf6-44af-73e4-bd5e-89d32ba1fa3b;videoarte;otherTopic;VCAA;5232;NULL;"2025-12-01 14:29:23";"2025-12-01 14:29:23"
019adaf6-4647-712b-8143-ead7bbb0e7b8;"nova figuração";otherTopic;VCAA;4711;NULL;"2025-12-01 14:29:24";"2025-12-01 14:29:24"
019adaf6-47e4-711e-a86e-3b5698df5dbe;"arte sistêmica";otherTopic;VCAA;3025;NULL;"2025-12-01 14:29:24";"2025-12-01 14:29:24"
019adaf6-4857-7049-bf45-d375fccdd115;suporte-superfície;otherTopic;VCAA;4912;NULL;"2025-12-01 14:29:24";"2025-12-01 14:29:24"
019adaf6-49ea-701b-abaf-3f9f231aa01b;"tecidos africanos";otherTopic;VCAA;4948;NULL;"2025-12-01 14:29:25";"2025-12-01 14:29:25"
019adaf6-4a5b-70fb-9bbf-6f5b7d0f211d;"tecidos Bakuba";otherTopic;VCAA;5307;NULL;"2025-12-01 14:29:25";"2025-12-01 14:29:25"
019adaf6-4acb-73ac-abdb-7e10b7f43036;"tecidos kente";otherTopic;VCAA;4949;NULL;"2025-12-01 14:29:25";"2025-12-01 14:29:25"
019adaf6-4b38-7301-b77e-a7792889e372;"tecidos Mande";otherTopic;VCAA;5308;NULL;"2025-12-01 14:29:25";"2025-12-01 14:29:25"
019adaf6-4cc9-71d1-88a4-4b64c66eb200;camafeus;otherTopic;VCAA;3602;NULL;"2025-12-01 14:29:25";"2025-12-01 14:29:25"
019adaf6-4e7c-7303-8b7c-2b5a627992f6;"estátuas vivas";otherTopic;VCAA;4040;NULL;"2025-12-01 14:29:26";"2025-12-01 14:29:26"
019adaf6-4ef1-7069-a435-4f4f32812a07;videoperformance;otherTopic;VCAA;5006;NULL;"2025-12-01 14:29:26";"2025-12-01 14:29:26"
019adaf6-509a-7090-8eda-6b0f57f05760;circo-teatro;otherTopic;VCAA;3763;NULL;"2025-12-01 14:29:26";"2025-12-01 14:29:26"
019adaf6-5262-7076-a098-eeb3b4e00843;"mundos imaginários";otherTopic;VCAA;4586;NULL;"2025-12-01 14:29:27";"2025-12-01 14:29:27"
019adaf6-540e-709c-86fe-19d2cde72226;cineclube;otherTopic;VCAA;3744;NULL;"2025-12-01 14:29:27";"2025-12-01 14:29:27"
019adaf6-5484-70fe-99b3-3c890dfbb642;"cinema na televisão";otherTopic;VCAA;3754;NULL;"2025-12-01 14:29:27";"2025-12-01 14:29:27"
019adaf6-54f0-7227-8947-1ffe99664609;"cinemas ambulantes";otherTopic;VCAA;3758;NULL;"2025-12-01 14:29:28";"2025-12-01 14:29:28"
019adaf6-555b-7149-b128-b65b611be50c;"cinemas ao ar livre";otherTopic;VCAA;3322;NULL;"2025-12-01 14:29:28";"2025-12-01 14:29:28"
019adaf6-55c8-71cb-9da1-4dfbd8277a91;"cinemas paroquiais";otherTopic;VCAA;7214;NULL;"2025-12-01 14:29:28";"2025-12-01 14:29:28"
019adaf6-577d-70bc-9328-b90767ea0751;"direção de arte";otherTopic;VCAA;3955;NULL;"2025-12-01 14:29:28";"2025-12-01 14:29:28"
019adaf6-5929-7244-9606-f12a813a4a48;"câmeras cinematográficas";otherTopic;VCAA;3241;NULL;"2025-12-01 14:29:29";"2025-12-01 14:29:29"
019adaf6-599f-705a-8f3d-6357f67ec80e;cinerama;otherTopic;VCAA;3761;NULL;"2025-12-01 14:29:29";"2025-12-01 14:29:29"
019adaf6-5a0d-73c4-85a9-426459fba94d;"equipamento audiovisual";otherTopic;VCAA;3997;NULL;"2025-12-01 14:29:29";"2025-12-01 14:29:29"
019adaf6-5a7b-7124-9cae-f13803679eb0;"equipamentos de montagem de filmes";otherTopic;VCAA;3557;NULL;"2025-12-01 14:29:29";"2025-12-01 14:29:29"
019adaf6-5aea-709a-a648-7c783019c782;"equipamentos de projeção de filmes";otherTopic;VCAA;7215;NULL;"2025-12-01 14:29:29";"2025-12-01 14:29:29"
019adaf6-5b58-7140-9127-45b7b45f119f;"lentes cinematográficas";otherTopic;VCAA;4355;NULL;"2025-12-01 14:29:29";"2025-12-01 14:29:29"
019adaf6-5bc5-731d-a207-fda741d94129;"película cinematográfica";otherTopic;VCAA;4752;NULL;"2025-12-01 14:29:29";"2025-12-01 14:29:29"
019adaf6-5d77-708b-b71a-0384c93eeb2f;chanchada;otherTopic;VCAA;3280;NULL;"2025-12-01 14:29:30";"2025-12-01 14:29:30"
019adaf6-5de9-7235-afdb-dd97c0022b03;cinejornais;otherTopic;VCAA;3314;NULL;"2025-12-01 14:29:30";"2025-12-01 14:29:30"
019adaf6-5e58-71f1-835e-17c342dd471c;"cinema amador";otherTopic;VCAA;3315;NULL;"2025-12-01 14:29:30";"2025-12-01 14:29:30"
019adaf6-5ec4-7019-ae98-a968ae67e91b;"cinema da boca do lixo";otherTopic;VCAA;3316;NULL;"2025-12-01 14:29:30";"2025-12-01 14:29:30"
019adaf6-5f31-7275-b8b3-5a05c14af60e;"cinema de arte";otherTopic;VCAA;3759;NULL;"2025-12-01 14:29:30";"2025-12-01 14:29:30"
019adaf6-5f9d-7340-9f59-effa7874a213;"cinema experimental";otherTopic;VCAA;3747;NULL;"2025-12-01 14:29:30";"2025-12-01 14:29:30"
019adaf6-600a-732e-a778-5e70ae20bc40;"cinema independente";otherTopic;VCAA;3317;NULL;"2025-12-01 14:29:30";"2025-12-01 14:29:30"
019adaf6-6079-724b-ad40-67eb74cf7e40;"cinema marginal";otherTopic;VCAA;3753;NULL;"2025-12-01 14:29:31";"2025-12-01 14:29:31"
019adaf6-60e7-7158-9833-f52b0fbe9e58;"cinéma verité";otherTopic;VCAA;3320;NULL;"2025-12-01 14:29:31";"2025-12-01 14:29:31"
019adaf6-6155-7334-b60f-4c21cf7bec1a;"documentário cinematográfico";otherTopic;VCAA;3484;NULL;"2025-12-01 14:29:31";"2025-12-01 14:29:31"
019adaf6-61c3-72f7-8f5e-e82c09ce5f6f;"filmes (gênero)";otherTopic;VCAA;7278;NULL;"2025-12-01 14:29:31";"2025-12-01 14:29:31"
019adaf6-6230-7148-b1cd-5df0f4b9998c;melodrama;otherTopic;VCAA;4560;NULL;"2025-12-01 14:29:31";"2025-12-01 14:29:31"
019adaf6-629d-7262-8c61-7361ca4df8be;neorrealismo;otherTopic;VCAA;4706;NULL;"2025-12-01 14:29:31";"2025-12-01 14:29:31"
019adaf6-630c-7008-bb68-f3d71a3f66b8;pornochanchada;otherTopic;VCAA;5083;NULL;"2025-12-01 14:29:31";"2025-12-01 14:29:31"
019adaf6-6378-738a-81ee-5cc1d1bb0260;suspense;otherTopic;VCAA;5181;NULL;"2025-12-01 14:29:31";"2025-12-01 14:29:31"
019adaf6-651c-727b-9766-a2cd3f38c610;"cinema clássico";otherTopic;VCAA;3746;NULL;"2025-12-01 14:29:32";"2025-12-01 14:29:32"
019adaf6-658a-73e0-b0ed-1f0b27523791;"cinema mudo";otherTopic;VCAA;3318;NULL;"2025-12-01 14:29:32";"2025-12-01 14:29:32"
019adaf6-65f6-7274-a47a-18de805e9dbf;"cinema novo";otherTopic;VCAA;3319;NULL;"2025-12-01 14:29:32";"2025-12-01 14:29:32"
019adaf6-6663-707f-a999-a3fddb2c4f41;"cinema sonoro";otherTopic;VCAA;3755;NULL;"2025-12-01 14:29:32";"2025-12-01 14:29:32"
019adaf6-66ce-72fb-b40c-cccfc397665d;"invenção do cinema";otherTopic;VCAA;4298;NULL;"2025-12-01 14:29:32";"2025-12-01 14:29:32"
019adaf6-673b-71be-8b60-c6ca2fdb7dae;pré-cinema;otherTopic;VCAA;5087;NULL;"2025-12-01 14:29:32";"2025-12-01 14:29:32"
019adaf6-67a9-7050-bdce-90eb8343ce3d;"primeiro cinema";otherTopic;VCAA;4804;NULL;"2025-12-01 14:29:32";"2025-12-01 14:29:32"
019adaf6-6943-7056-9a56-e379f7def610;"companhias produtoras de filmes";otherTopic;VCAA;3349;NULL;"2025-12-01 14:29:33";"2025-12-01 14:29:33"
019adaf6-69bb-7070-a1da-01403240e31d;"distribuição de filmes";otherTopic;VCAA;3959;NULL;"2025-12-01 14:29:33";"2025-12-01 14:29:33"
019adaf6-6a29-72f8-8a61-28dde8c88620;"evento cinematográfico";otherTopic;VCAA;4066;NULL;"2025-12-01 14:29:33";"2025-12-01 14:29:33"
019adaf6-6a96-73e2-a02b-f27eb2fc14a1;"free cinema";otherTopic;VCAA;3945;NULL;"2025-12-01 14:29:33";"2025-12-01 14:29:33"
019adaf6-6b03-7275-8141-2241f522c788;"indústria cinematográfica";otherTopic;VCAA;4325;NULL;"2025-12-01 14:29:33";"2025-12-01 14:29:33"
019adaf6-6b70-717f-b7d4-8849220c0f1c;"produção independente de filmes";otherTopic;VCAA;5099;NULL;"2025-12-01 14:29:33";"2025-12-01 14:29:33"
019adaf6-6d2f-7319-b8ad-467a98506742;animação;otherTopic;VCAA;2653;NULL;"2025-12-01 14:29:34";"2025-12-01 14:29:34"
019adaf6-6da3-7245-9115-20bc3066440e;cinemascope;otherTopic;VCAA;3760;NULL;"2025-12-01 14:29:34";"2025-12-01 14:29:34"
019adaf6-6e10-72b8-8589-35f1635ae766;"continuidade (cinema)";otherTopic;VCAA;3358;NULL;"2025-12-01 14:29:34";"2025-12-01 14:29:34"
019adaf6-6e7d-72b2-9ec6-e1995fbcb1ed;"copiagem de filmes";otherTopic;VCAA;3363;NULL;"2025-12-01 14:29:34";"2025-12-01 14:29:34"
019adaf6-6eeb-723e-9b58-42a182fb5b0f;"créditos de filmes";otherTopic;VCAA;3821;NULL;"2025-12-01 14:29:34";"2025-12-01 14:29:34"
019adaf6-6f58-7384-8db6-0b2c0f3effe5;"edição de som (cinema)";otherTopic;VCAA;3499;NULL;"2025-12-01 14:29:34";"2025-12-01 14:29:34"
019adaf6-6fc7-703a-a989-135e3c6ebeae;"efeitos eletrônicos e digitais (cinema)";otherTopic;VCAA;3503;NULL;"2025-12-01 14:29:34";"2025-12-01 14:29:34"
019adaf6-7034-7034-b5a4-c5fbb128f2a8;"efeitos especiais (cinema)";otherTopic;VCAA;3976;NULL;"2025-12-01 14:29:35";"2025-12-01 14:29:35"
019adaf6-70a0-7241-930e-5a7cfd2ab663;"efeitos óticos (cinema)";otherTopic;VCAA;3977;NULL;"2025-12-01 14:29:35";"2025-12-01 14:29:35"
019adaf6-710c-701c-a258-60f6ae7a458f;"estilos de representação";otherTopic;VCAA;4062;NULL;"2025-12-01 14:29:35";"2025-12-01 14:29:35"
019adaf6-717a-7114-823f-5cce21dd4fc2;filmagem;otherTopic;VCAA;4093;NULL;"2025-12-01 14:29:35";"2025-12-01 14:29:35"
019adaf6-71e6-71fd-8929-71887d6d1271;"iluminação cinematográfica";otherTopic;VCAA;4260;NULL;"2025-12-01 14:29:35";"2025-12-01 14:29:35"
019adaf6-7254-70f3-8926-f09146a77524;"locação cinematográfica";otherTopic;VCAA;4534;NULL;"2025-12-01 14:29:35";"2025-12-01 14:29:35"
019adaf6-72c2-71e7-b3ac-5402cb26c2f0;"montagem de filmes";otherTopic;VCAA;4575;NULL;"2025-12-01 14:29:35";"2025-12-01 14:29:35"
019adaf6-732e-7337-8ba0-8278f24d7078;"produção cinematográfica";otherTopic;VCAA;4822;NULL;"2025-12-01 14:29:35";"2025-12-01 14:29:35"
019adaf6-739e-719b-86fd-b321de39e2ec;"roteirização de cinema";otherTopic;VCAA;4871;NULL;"2025-12-01 14:29:35";"2025-12-01 14:29:35"
019adaf6-740b-7237-9919-7f72473b2e0b;"som (cinema)";otherTopic;VCAA;5166;NULL;"2025-12-01 14:29:36";"2025-12-01 14:29:36"
019adaf6-75ad-70d3-809b-ba7a4ef41409;"estética do cinema";otherTopic;VCAA;4043;NULL;"2025-12-01 14:29:36";"2025-12-01 14:29:36"
019adaf6-761c-7377-81cf-a17151f8795f;"semiologia do cinema";otherTopic;VCAA;5144;NULL;"2025-12-01 14:29:36";"2025-12-01 14:29:36"
019adaf6-7688-719b-9e3b-d78771a3ca6d;"sociologia do cinema";otherTopic;VCAA;4899;NULL;"2025-12-01 14:29:36";"2025-12-01 14:29:36"
019adaf6-7832-7231-b6cb-8bdb4c37ee82;balé;otherTopic;VCAA;3183;NULL;"2025-12-01 14:29:37";"2025-12-01 14:29:37"
019adaf6-7934-72f6-b5c1-b76eec6708ff;bugaku;otherTopic;VCAA;3221;NULL;"2025-12-01 14:29:37";"2025-12-01 14:29:37"
019adaf6-79a2-700c-a366-5c760f363c08;butô;otherTopic;VCAA;3598;NULL;"2025-12-01 14:29:37";"2025-12-01 14:29:37"
019adaf6-7a10-70fe-825b-f514dfad0cbf;"dança abstrata";otherTopic;VCAA;7295;NULL;"2025-12-01 14:29:37";"2025-12-01 14:29:37"
019adaf6-7a7e-720e-996a-f0cbad97e424;"dança clássica";otherTopic;VCAA;7296;NULL;"2025-12-01 14:29:37";"2025-12-01 14:29:37"
019adaf6-7aeb-729f-866e-0cf61e4c5c08;"dança concreta";otherTopic;VCAA;7297;NULL;"2025-12-01 14:29:37";"2025-12-01 14:29:37"
019adaf6-7b59-73c2-918a-3d38505906e1;"dança de salão";otherTopic;VCAA;7298;NULL;"2025-12-01 14:29:37";"2025-12-01 14:29:37"
019adaf6-7bc6-73cb-bf84-ca6cd865bf15;"dança do ventre";otherTopic;VCAA;7299;NULL;"2025-12-01 14:29:37";"2025-12-01 14:29:37"
019adaf6-7c35-7344-a6ed-14a9399dac44;"dança e educação";otherTopic;VCAA;7300;NULL;"2025-12-01 14:29:38";"2025-12-01 14:29:38"
019adaf6-7ca3-73c2-8ef4-aec6a89b8ef0;"dança étnica";otherTopic;VCAA;7301;NULL;"2025-12-01 14:29:38";"2025-12-01 14:29:38"
019adaf6-7d11-7086-9037-a2ffbbe29b68;"dança experimental";otherTopic;VCAA;7302;NULL;"2025-12-01 14:29:38";"2025-12-01 14:29:38"
019adaf6-7d7d-7007-8c3d-e9d1905e0aec;"dança guerreira";otherTopic;VCAA;7303;NULL;"2025-12-01 14:29:38";"2025-12-01 14:29:38"
019adaf6-7deb-7136-8220-6bbf1cffa0cd;"dança medieval";otherTopic;VCAA;7304;NULL;"2025-12-01 14:29:38";"2025-12-01 14:29:38"
019adaf6-7e58-7361-ab64-83479a896ea5;"dança moderna";otherTopic;VCAA;7305;NULL;"2025-12-01 14:29:38";"2025-12-01 14:29:38"
019adaf6-7ec5-728a-862a-76fed3c73fc8;"dança pantomímica";otherTopic;VCAA;7306;NULL;"2025-12-01 14:29:38";"2025-12-01 14:29:38"
019adaf6-7f34-7280-825d-8f0cc2dfe4ba;"dança plástica";otherTopic;VCAA;7307;NULL;"2025-12-01 14:29:38";"2025-12-01 14:29:38"
019adaf6-7fa1-73c1-bf55-20362b5b2d38;"dança popular";otherTopic;VCAA;7308;NULL;"2025-12-01 14:29:38";"2025-12-01 14:29:38"
019adaf6-800d-7264-9e4d-7a40338547b2;"dança por computador";otherTopic;VCAA;7309;NULL;"2025-12-01 14:29:39";"2025-12-01 14:29:39"
019adaf6-807a-70a2-9946-4e232b5c0883;"dança primitiva";otherTopic;VCAA;7310;NULL;"2025-12-01 14:29:39";"2025-12-01 14:29:39"
019adaf6-80e8-737c-94b4-6bded616db95;"dança religiosa";otherTopic;VCAA;7311;NULL;"2025-12-01 14:29:39";"2025-12-01 14:29:39"
019adaf6-8157-72eb-a4c0-2bdacc1f4bc0;"dança rítmica";otherTopic;VCAA;7312;NULL;"2025-12-01 14:29:39";"2025-12-01 14:29:39"
019adaf6-81c5-73ab-bc4b-b485d43b2a54;"dança ritual";otherTopic;VCAA;7313;NULL;"2025-12-01 14:29:39";"2025-12-01 14:29:39"
019adaf6-8235-7051-b3fb-a5e4022be48f;"dança teatral";otherTopic;VCAA;7314;NULL;"2025-12-01 14:29:39";"2025-12-01 14:29:39"
019adaf6-82a4-7242-9af3-065130a7f25e;"dança tradicional";otherTopic;VCAA;7315;NULL;"2025-12-01 14:29:39";"2025-12-01 14:29:39"
019adaf6-8312-724b-a24d-d1c1783cc5a9;"dança tribal";otherTopic;VCAA;7316;NULL;"2025-12-01 14:29:39";"2025-12-01 14:29:39"
019adaf6-8380-71c7-93d0-56ab465e0657;dengaku;otherTopic;VCAA;3457;NULL;"2025-12-01 14:29:39";"2025-12-01 14:29:39"
019adaf6-83ed-7247-83fd-0886fd3b9e54;"flamenco (dança)";otherTopic;VCAA;3903;NULL;"2025-12-01 14:29:40";"2025-12-01 14:29:40"
019adaf6-845b-73ea-837a-d67f7c5103fe;lundu;otherTopic;VCAA;4409;NULL;"2025-12-01 14:29:40";"2025-12-01 14:29:40"
019adaf6-860a-7054-b07f-0d51700e7aeb;coreografia;otherTopic;VCAA;3815;NULL;"2025-12-01 14:29:40";"2025-12-01 14:29:40"
019adaf6-8682-7287-8b30-42ab3945731d;"movimento de dança";otherTopic;VCAA;4472;NULL;"2025-12-01 14:29:40";"2025-12-01 14:29:40"
019adaf6-86f2-70e8-8951-9da9539770f9;"notação de dança";otherTopic;VCAA;4709;NULL;"2025-12-01 14:29:40";"2025-12-01 14:29:40"
019adaf6-8762-7224-bb31-e455004e5e10;"passos de dança";otherTopic;VCAA;4748;NULL;"2025-12-01 14:29:40";"2025-12-01 14:29:40"
019adaf6-87d1-7207-b50b-aecb47ee5c81;"posições de dança";otherTopic;VCAA;4794;NULL;"2025-12-01 14:29:41";"2025-12-01 14:29:41"
019adaf6-89a8-73a4-a21c-35837acb6894;figurino;otherTopic;VCAA;3876;NULL;"2025-12-01 14:29:41";"2025-12-01 14:29:41"
019adaf6-8a17-720f-b380-b02730de9439;penteado;otherTopic;VCAA;4753;NULL;"2025-12-01 14:29:41";"2025-12-01 14:29:41"
019adaf6-8bda-71de-b547-7edfcbd29e42;"teatro amador";otherTopic;VCAA;7317;NULL;"2025-12-01 14:29:42";"2025-12-01 14:29:42"
019adaf6-8c4d-708a-bd68-0a334300fb89;"teatro ambiental";otherTopic;VCAA;7318;NULL;"2025-12-01 14:29:42";"2025-12-01 14:29:42"
019adaf6-8cbb-70d8-8796-f2c130686f96;"teatro ambulante";otherTopic;VCAA;7319;NULL;"2025-12-01 14:29:42";"2025-12-01 14:29:42"
019adaf6-8d29-709f-ac7a-5eac75dc84a7;"teatro ao ar livre";otherTopic;VCAA;7321;NULL;"2025-12-01 14:29:42";"2025-12-01 14:29:42"
019adaf6-8d96-71ac-afbd-9242e174afeb;"teatro da crueldade";otherTopic;VCAA;7324;NULL;"2025-12-01 14:29:42";"2025-12-01 14:29:42"
019adaf6-8e03-73b0-852b-49ecb44659f0;"teatro de animação";otherTopic;VCAA;7325;NULL;"2025-12-01 14:29:42";"2025-12-01 14:29:42"
019adaf6-8e6e-7220-b734-4c000e278f9c;"teatro de bonecos";otherTopic;VCAA;5270;NULL;"2025-12-01 14:29:42";"2025-12-01 14:29:42"
019adaf6-8ede-73aa-bcd6-a54bd874e980;"teatro de objetos";otherTopic;VCAA;7327;NULL;"2025-12-01 14:29:42";"2025-12-01 14:29:42"
019adaf6-8f4e-71c0-82a3-0b52afd078ed;"teatro de repertório";otherTopic;VCAA;7328;NULL;"2025-12-01 14:29:42";"2025-12-01 14:29:42"
019adaf6-8fbb-71e8-9030-a6706bba63d3;"teatro de rua";otherTopic;VCAA;7329;NULL;"2025-12-01 14:29:43";"2025-12-01 14:29:43"
019adaf6-902b-729d-92dc-1838d590b6cf;"teatro de sombras";otherTopic;VCAA;5274;NULL;"2025-12-01 14:29:43";"2025-12-01 14:29:43"
019adaf6-909a-73d4-bf66-04c85b482d75;"teatro de vanguarda";otherTopic;VCAA;7331;NULL;"2025-12-01 14:29:43";"2025-12-01 14:29:43"
019adaf6-9106-707f-a9e8-d9e2166046d6;"teatro de variedades";otherTopic;VCAA;5275;NULL;"2025-12-01 14:29:43";"2025-12-01 14:29:43"
019adaf6-9172-7142-aecf-f614ef4f184f;"teatro dialético";otherTopic;VCAA;7333;NULL;"2025-12-01 14:29:43";"2025-12-01 14:29:43"
019adaf6-91e1-72cb-bc33-d409d60048fe;"teatro didático";otherTopic;VCAA;7334;NULL;"2025-12-01 14:29:43";"2025-12-01 14:29:43"
019adaf6-924c-70cb-83b5-0babbf4dac32;"teatro do absurdo";otherTopic;VCAA;4931;NULL;"2025-12-01 14:29:43";"2025-12-01 14:29:43"
019adaf6-92b9-725e-8f7f-fbb357471e7a;"teatro do grotesco";otherTopic;VCAA;7336;NULL;"2025-12-01 14:29:43";"2025-12-01 14:29:43"
019adaf6-9326-705a-ab21-a21f2fcc63e9;"teatro do oprimido";otherTopic;VCAA;4932;NULL;"2025-12-01 14:29:43";"2025-12-01 14:29:43"
019adaf6-9394-711f-9923-05165810357b;"teatro do silêncio";otherTopic;VCAA;7338;NULL;"2025-12-01 14:29:44";"2025-12-01 14:29:44"
019adaf6-9402-722c-910f-032d38d4b4f1;"teatro épico";otherTopic;VCAA;4934;NULL;"2025-12-01 14:29:44";"2025-12-01 14:29:44"
019adaf6-946d-7393-a031-4c09ef5909b5;"teatro flutuante";otherTopic;VCAA;7342;NULL;"2025-12-01 14:29:44";"2025-12-01 14:29:44"
019adaf6-94dc-737c-b364-f410e1fd3551;"teatro folclórico";otherTopic;VCAA;7343;NULL;"2025-12-01 14:29:44";"2025-12-01 14:29:44"
019adaf6-9549-7328-ac3c-d4499d4710c8;"teatro infanto-juvenil";otherTopic;VCAA;5294;NULL;"2025-12-01 14:29:44";"2025-12-01 14:29:44"
019adaf6-95b7-7182-be91-1f82fe070298;"teatro laboratório";otherTopic;VCAA;7349;NULL;"2025-12-01 14:29:44";"2025-12-01 14:29:44"
019adaf6-9624-71a1-808b-7ec2b8c8e8b6;"teatro nacional";otherTopic;VCAA;7352;NULL;"2025-12-01 14:29:44";"2025-12-01 14:29:44"
019adaf6-9692-7020-b6ca-cce7e105ea3b;"teatro operário";otherTopic;VCAA;7353;NULL;"2025-12-01 14:29:44";"2025-12-01 14:29:44"
019adaf6-9700-737c-a7f0-14a5b9ba274f;"teatro pobre";otherTopic;VCAA;7355;NULL;"2025-12-01 14:29:44";"2025-12-01 14:29:44"
019adaf6-976c-71ff-ad11-b07814592959;"teatro poético";otherTopic;VCAA;5299;NULL;"2025-12-01 14:29:45";"2025-12-01 14:29:45"
019adaf6-97da-7326-b5a7-52571bdf5fb5;"teatro político";otherTopic;VCAA;7357;NULL;"2025-12-01 14:29:45";"2025-12-01 14:29:45"
019adaf6-9846-7396-853d-2f65c03cc939;"teatro popular";otherTopic;VCAA;7358;NULL;"2025-12-01 14:29:45";"2025-12-01 14:29:45"
019adaf6-98b2-714f-8876-3f86b8054f2f;"teatro profissional";otherTopic;VCAA;7359;NULL;"2025-12-01 14:29:45";"2025-12-01 14:29:45"
019adaf6-991d-70c7-a7a9-5ac005aaf0d1;"teatro universitário";otherTopic;VCAA;7361;NULL;"2025-12-01 14:29:45";"2025-12-01 14:29:45"
019adaf6-9aef-72c2-82a7-2f994a2c4d55;"grupos teatrais";otherTopic;VCAA;4179;NULL;"2025-12-01 14:29:45";"2025-12-01 14:29:45"
019adaf6-9c98-72df-9a6f-26d49c6207f0;palco;otherTopic;VCAA;837;NULL;"2025-12-01 14:29:46";"2025-12-01 14:29:46"
019adaf6-9e3e-702d-a997-4c258c911912;burlesco;otherTopic;VCAA;3222;NULL;"2025-12-01 14:29:46";"2025-12-01 14:29:46"
019adaf6-9eac-70c4-9642-0765d03e5b64;burleta;otherTopic;VCAA;3597;NULL;"2025-12-01 14:29:46";"2025-12-01 14:29:46"
019adaf6-9f17-73f0-9940-5c924930ba7d;comédia;otherTopic;VCAA;3771;NULL;"2025-12-01 14:29:47";"2025-12-01 14:29:47"
019adaf6-9f83-7186-b2cc-8a76c050c09b;drama;otherTopic;VCAA;3487;NULL;"2025-12-01 14:29:47";"2025-12-01 14:29:47"
019adaf6-9ff3-7066-b93b-6f6ad357c3a2;dramalhão;otherTopic;VCAA;3964;NULL;"2025-12-01 14:29:47";"2025-12-01 14:29:47"
019adaf6-a061-71a6-95e4-ff082cd7eaac;farsa;otherTopic;VCAA;4082;NULL;"2025-12-01 14:29:47";"2025-12-01 14:29:47"
019adaf6-a0d0-7212-af24-601b8df0a679;monólogo;otherTopic;VCAA;4469;NULL;"2025-12-01 14:29:47";"2025-12-01 14:29:47"
019adaf6-a13f-72e5-a26a-c8da31865082;pantomima;otherTopic;VCAA;4659;NULL;"2025-12-01 14:29:47";"2025-12-01 14:29:47"
019adaf6-a1ad-7049-a5f9-dd9f156e030c;sotie;otherTopic;VCAA;5174;NULL;"2025-12-01 14:29:47";"2025-12-01 14:29:47"
019adaf6-a21b-713f-a406-972802edac0d;"tragédia (gênero)";otherTopic;VCAA;4972;NULL;"2025-12-01 14:29:47";"2025-12-01 14:29:47"
019adaf6-a288-731e-9199-865f5d110955;"tragicomédia (gênero)";otherTopic;VCAA;5202;NULL;"2025-12-01 14:29:47";"2025-12-01 14:29:47"
019adaf6-a46e-735e-a7e7-ff2c01350d0c;bufões;otherTopic;VCAA;3594;NULL;"2025-12-01 14:29:48";"2025-12-01 14:29:48"
019adaf6-a4e0-7245-81b2-792b4f6b9f0b;"cômicos primitivos";otherTopic;VCAA;3348;NULL;"2025-12-01 14:29:48";"2025-12-01 14:29:48"
019adaf6-a551-7262-9cd0-2989e17b9bcf;"commedia dell´arte";otherTopic;VCAA;3781;NULL;"2025-12-01 14:29:48";"2025-12-01 14:29:48"
019adaf6-a5c0-71ad-a140-cb8cfa343599;"teatro contemporâneo";otherTopic;VCAA;7323;NULL;"2025-12-01 14:29:48";"2025-12-01 14:29:48"
019adaf6-a630-71c3-a655-61d092b6c52e;"teatro elizabetano";otherTopic;VCAA;5286;NULL;"2025-12-01 14:29:48";"2025-12-01 14:29:48"
019adaf6-a69f-716e-ba13-6d26a538a27d;"teatro grego";otherTopic;VCAA;7344;NULL;"2025-12-01 14:29:48";"2025-12-01 14:29:48"
019adaf6-a70f-70fb-81c1-ea4ae913a0e9;"teatro jesuítico";otherTopic;VCAA;7348;NULL;"2025-12-01 14:29:49";"2025-12-01 14:29:49"
019adaf6-a77d-7104-92b3-8ff07221a4c5;"teatro medieval";otherTopic;VCAA;7350;NULL;"2025-12-01 14:29:49";"2025-12-01 14:29:49"
019adaf6-a7e8-7169-88c2-71b585596589;"teatro oriental";otherTopic;VCAA;7354;NULL;"2025-12-01 14:29:49";"2025-12-01 14:29:49"
019adaf6-a857-7051-babb-7b99f0481575;"teatro romano";otherTopic;VCAA;7360;NULL;"2025-12-01 14:29:49";"2025-12-01 14:29:49"
019adaf6-aa1c-73a6-81c7-18d598130b85;"iluminação teatral";otherTopic;VCAA;4261;NULL;"2025-12-01 14:29:49";"2025-12-01 14:29:49"
019adaf6-aa8d-7083-bed4-462c6b9b43b6;"jogos teatrais";otherTopic;VCAA;4343;NULL;"2025-12-01 14:29:49";"2025-12-01 14:29:49"
019adaf6-aca0-7138-8806-dd85e466e890;"estética do teatro";otherTopic;VCAA;3685;NULL;"2025-12-01 14:29:50";"2025-12-01 14:29:50"
019adaf6-ad13-7030-81a9-98029ea7a956;"semiologia do teatro";otherTopic;VCAA;4887;NULL;"2025-12-01 14:29:50";"2025-12-01 14:29:50"
019adaf6-af9e-71bf-a6ad-17d73e35fdec;"cerâmica etrusca";otherTopic;VCAA;7118;NULL;"2025-12-01 14:29:51";"2025-12-01 14:29:51"
019adaf6-b00a-7362-bc72-4b4351388b2d;"cerâmica grega";otherTopic;VCAA;7201;NULL;"2025-12-01 14:29:51";"2025-12-01 14:29:51"
019adaf6-b077-73fb-bdd3-0ac9bfe4aac2;"cerâmica helenística";otherTopic;VCAA;3275;NULL;"2025-12-01 14:29:51";"2025-12-01 14:29:51"
019adaf6-b0e1-7324-a6dc-568486bb9dd7;"cerâmica indígena";otherTopic;VCAA;7122;NULL;"2025-12-01 14:29:51";"2025-12-01 14:29:51"
019adaf6-b14c-700b-ab9a-05b47f558530;"cerâmica pré-colombiana";otherTopic;VCAA;7126;NULL;"2025-12-01 14:29:51";"2025-12-01 14:29:51"
019adaf6-b1b8-72ad-b67a-32bbc66ea030;"cerâmica romanica";otherTopic;VCAA;7127;NULL;"2025-12-01 14:29:51";"2025-12-01 14:29:51"
019adaf6-b226-7067-89f0-afa7deb737f8;"cerâmicas (tipologia)";otherTopic;VCAA;1741;NULL;"2025-12-01 14:29:51";"2025-12-01 14:29:51"
019adaf6-b293-7315-8864-b0610f9c665b;modelagem;otherTopic;VCAA;4461;NULL;"2025-12-01 14:29:52";"2025-12-01 14:29:52"
019adaf6-b529-73fb-aa60-94f871c16814;caricaturas;otherTopic;VCAA;2553;NULL;"2025-12-01 14:29:52";"2025-12-01 14:29:52"
019adaf6-b59d-7177-8906-9d761781457d;charges;otherTopic;VCAA;2554;NULL;"2025-12-01 14:29:52";"2025-12-01 14:29:52"
019adaf6-b60b-711b-a4c5-7c0e5a7f112e;"desenho (técnica)";otherTopic;VCAA;7365;NULL;"2025-12-01 14:29:52";"2025-12-01 14:29:52"
019adaf6-b679-70df-a96a-870179a29b35;"desenho animado";otherTopic;VCAA;3465;NULL;"2025-12-01 14:29:53";"2025-12-01 14:29:53"
019adaf6-b6e8-7185-8d65-129f57cdf613;"desenho com modelo vivo";otherTopic;VCAA;3867;NULL;"2025-12-01 14:29:53";"2025-12-01 14:29:53"
019adaf6-b756-71bd-8d8a-1e366493f4d2;"desenho de moda";otherTopic;VCAA;3466;NULL;"2025-12-01 14:29:53";"2025-12-01 14:29:53"
019adaf6-b7c5-7184-8a76-f9ca60d12d87;"desenho em fotografia";otherTopic;VCAA;7114;NULL;"2025-12-01 14:29:53";"2025-12-01 14:29:53"
019adaf6-b835-70e7-afe2-5039fd8b8539;"desenho industrial";otherTopic;VCAA;3468;NULL;"2025-12-01 14:29:53";"2025-12-01 14:29:53"
019adaf6-b8a2-72fe-8fe4-c6b2a82f69b7;"desenho ornamental";otherTopic;VCAA;3869;NULL;"2025-12-01 14:29:53";"2025-12-01 14:29:53"
019adaf6-b911-70e7-9b5e-8236b7ca3843;"desenho técnico";otherTopic;VCAA;3469;NULL;"2025-12-01 14:29:53";"2025-12-01 14:29:53"
019adaf6-b980-70b6-b665-c4edfa4fe429;"desenho universal";otherTopic;VCAA;3870;NULL;"2025-12-01 14:29:53";"2025-12-01 14:29:53"
019adaf6-b9ee-7262-896c-ed06100fbd98;"desenhos (obras visuais)";otherTopic;VCAA;5895;NULL;"2025-12-01 14:29:53";"2025-12-01 14:29:53"
019adaf6-ba5c-7063-a15a-9739fced2cae;grafite;otherTopic;VCAA;620;NULL;"2025-12-01 14:29:54";"2025-12-01 14:29:54"
019adaf6-bac8-7358-a7fe-e603f2c54886;"histórias em quadrinhos";otherTopic;VCAA;2555;NULL;"2025-12-01 14:29:54";"2025-12-01 14:29:54"
019adaf6-bb37-731f-8455-4136d077b160;ilustração;otherTopic;VCAA;4264;NULL;"2025-12-01 14:29:54";"2025-12-01 14:29:54"
019adaf6-bba6-71ce-9e5a-7b0a8f80ca37;sketch;otherTopic;VCAA;4901;NULL;"2025-12-01 14:29:54";"2025-12-01 14:29:54"
019adaf6-bd8e-717e-848b-96dd58f4497e;"design de produtos";otherTopic;VCAA;3871;NULL;"2025-12-01 14:29:54";"2025-12-01 14:29:54"
019adaf6-be05-710a-8161-a1cf4637e84a;"design gráfico";otherTopic;VCAA;3470;NULL;"2025-12-01 14:29:54";"2025-12-01 14:29:54"
019adaf6-be75-73c7-a325-5286acd06154;"história do design";otherTopic;VCAA;4245;NULL;"2025-12-01 14:29:55";"2025-12-01 14:29:55"
019adaf6-c087-73fd-afe4-2bd0eb85d688;"escultura (materiais)";otherTopic;VCAA;7147;NULL;"2025-12-01 14:29:55";"2025-12-01 14:29:55"
019adaf6-c0f6-7025-9693-00c28be6bfd3;"escultura arquitetônica";otherTopic;VCAA;6691;NULL;"2025-12-01 14:29:55";"2025-12-01 14:29:55"
019adaf6-c165-7256-a0b4-414459259859;"escultura em baixo relevo";otherTopic;VCAA;510;NULL;"2025-12-01 14:29:55";"2025-12-01 14:29:55"
019adaf6-c1cf-72fe-ac14-9f1f876d27ef;"escultura tumular";otherTopic;VCAA;513;NULL;"2025-12-01 14:29:55";"2025-12-01 14:29:55"
019adaf6-c23c-7062-90dc-7ce01f2a35c4;"história da escultura";otherTopic;VCAA;4225;NULL;"2025-12-01 14:29:56";"2025-12-01 14:29:56"
019adaf6-c2a8-728a-92df-eadade8e06d3;relevo;otherTopic;VCAA;4851;NULL;"2025-12-01 14:29:56";"2025-12-01 14:29:56"
019adaf6-c44e-71fc-b24d-2fafff42513a;água-forte;otherTopic;VCAA;2623;NULL;"2025-12-01 14:29:56";"2025-12-01 14:29:56"
019adaf6-c4be-73d9-83cd-75e1b686e219;água-tinta;otherTopic;VCAA;2629;NULL;"2025-12-01 14:29:56";"2025-12-01 14:29:56"
019adaf6-c52c-7121-ad19-7ceef6b760ca;calcogravura;otherTopic;VCAA;3233;NULL;"2025-12-01 14:29:56";"2025-12-01 14:29:56"
019adaf6-c599-7066-bd9b-49b74bebb08a;"chine collé";otherTopic;VCAA;3737;NULL;"2025-12-01 14:29:56";"2025-12-01 14:29:56"
019adaf6-c608-71ee-afaf-19ee8cc5c71b;cromocalcogravura;otherTopic;VCAA;3377;NULL;"2025-12-01 14:29:57";"2025-12-01 14:29:57"
019adaf6-c676-70c2-a8b9-81983e4c282b;cromolitografia;otherTopic;VCAA;3831;NULL;"2025-12-01 14:29:57";"2025-12-01 14:29:57"
019adaf6-c6e4-71ca-a2c8-62d49892cb58;cromotipia;otherTopic;VCAA;3378;NULL;"2025-12-01 14:29:57";"2025-12-01 14:29:57"
019adaf6-c752-738e-9250-ab7408cc81dd;"gravura comercial";otherTopic;VCAA;4175;NULL;"2025-12-01 14:29:57";"2025-12-01 14:29:57"
019adaf6-c7bd-70e6-a659-717e22e30359;"gravuras (impressões)";otherTopic;VCAA;7568;NULL;"2025-12-01 14:29:57";"2025-12-01 14:29:57"
019adaf6-c82b-71bd-8767-e0619468760b;"gravuras (material)";otherTopic;VCAA;7273;NULL;"2025-12-01 14:29:57";"2025-12-01 14:29:57"
019adaf6-c898-7008-a72c-c045dc431242;"história da gravura";otherTopic;VCAA;4226;NULL;"2025-12-01 14:29:57";"2025-12-01 14:29:57"
019adaf6-c907-7275-b977-dda238701395;lávis;otherTopic;VCAA;4374;NULL;"2025-12-01 14:29:57";"2025-12-01 14:29:57"
019adaf6-c975-722d-b6ca-327846c99489;linoleogravura;otherTopic;VCAA;4394;NULL;"2025-12-01 14:29:57";"2025-12-01 14:29:57"
019adaf6-c9e2-713c-a4d5-787ff4b70a59;litografia;otherTopic;VCAA;4400;NULL;"2025-12-01 14:29:57";"2025-12-01 14:29:57"
019adaf6-ca50-711f-9bf3-c6bc8655be16;monogravura;otherTopic;VCAA;4574;NULL;"2025-12-01 14:29:58";"2025-12-01 14:29:58"
019adaf6-cac0-70b2-a523-c2445a896493;serigrafia;otherTopic;VCAA;4889;NULL;"2025-12-01 14:29:58";"2025-12-01 14:29:58"
019adaf6-cb2d-71f5-8b4d-c62d90ef4028;"técnica dos scratchboard";otherTopic;VCAA;5310;NULL;"2025-12-01 14:29:58";"2025-12-01 14:29:58"
019adaf6-cb9a-70da-b35b-bbfd1d2488d5;xilogravura;otherTopic;VCAA;42;NULL;"2025-12-01 14:29:58";"2025-12-01 14:29:58"
019adaf6-cd52-709a-ac19-f4e455e56448;"história da pintura";otherTopic;VCAA;4227;NULL;"2025-12-01 14:29:58";"2025-12-01 14:29:58"
019adaf6-cdbe-7312-9b06-476e5045a9ff;"pintura (materiais)";otherTopic;VCAA;7210;NULL;"2025-12-01 14:29:58";"2025-12-01 14:29:58"
019adaf6-ce2a-71ce-a175-7b318368be34;"pintura (técnica)";otherTopic;VCAA;6321;NULL;"2025-12-01 14:29:59";"2025-12-01 14:29:59"
019adaf6-ce96-72ee-82ba-63080708820b;"pintura (tipologia)";otherTopic;VCAA;7274;NULL;"2025-12-01 14:29:59";"2025-12-01 14:29:59"
019adaf6-d04d-738f-8a3d-973d8e83a733;"terceira dimensão";otherTopic;VCAA;5189;NULL;"2025-12-01 14:29:59";"2025-12-01 14:29:59"
019adaf6-d1f9-7267-90df-54dcac79e9a7;"chapas molhadas";otherTopic;VCAA;3735;NULL;"2025-12-01 14:30:00";"2025-12-01 14:30:00"
019adaf6-d263-71af-b867-c2a819171e02;"chapas secas";otherTopic;VCAA;3281;NULL;"2025-12-01 14:30:00";"2025-12-01 14:30:00"
019adaf6-d442-71ea-9305-01fd9e8a0ef9;"álbuns de fotografias";otherTopic;VCAA;2639;NULL;"2025-12-01 14:30:00";"2025-12-01 14:30:00"
019adaf6-d5f1-72cd-8250-bea6dc1ab6ea;contraste;otherTopic;VCAA;3362;NULL;"2025-12-01 14:30:01";"2025-12-01 14:30:01"
019adaf6-d65e-72fe-b136-9b7c75ebdcfa;solarização;otherTopic;VCAA;5164;NULL;"2025-12-01 14:30:01";"2025-12-01 14:30:01"
019adaf6-d800-7213-a65c-6983dcd79732;"litografia a cores";otherTopic;VCAA;4528;NULL;"2025-12-01 14:30:01";"2025-12-01 14:30:01"
019adaf6-d9b0-7204-9dd9-5ee308f2f05b;"copiagem de fotografias";otherTopic;VCAA;3812;NULL;"2025-12-01 14:30:02";"2025-12-01 14:30:02"
019adaf6-da1b-7363-aad7-1f15e9841246;"exposição fotográfica";otherTopic;VCAA;3720;NULL;"2025-12-01 14:30:02";"2025-12-01 14:30:02"
019adaf6-da88-7096-ad5a-b9bdd9f16741;"retoques em fotografias";otherTopic;VCAA;4865;NULL;"2025-12-01 14:30:02";"2025-12-01 14:30:02"
019adaf6-daf8-72d8-a664-3c0148092e89;"revelação fotográfica";otherTopic;VCAA;4866;NULL;"2025-12-01 14:30:02";"2025-12-01 14:30:02"
019adaf6-dcb4-7288-97b9-06dbdcf10cc5;"arranjo (gênero)";otherTopic;VCAA;7545;NULL;"2025-12-01 14:30:02";"2025-12-01 14:30:02"
019adaf6-de71-70b8-991c-5a550ef905dc;"canção folclórica";otherTopic;VCAA;3243;NULL;"2025-12-01 14:30:03";"2025-12-01 14:30:03"
019adaf6-dee2-72b9-bffd-96628195bb40;"canção infantil";otherTopic;VCAA;3610;NULL;"2025-12-01 14:30:03";"2025-12-01 14:30:03"
019adaf6-e089-70fb-bc15-43f82ab79030;"edição de partituras";otherTopic;VCAA;3971;NULL;"2025-12-01 14:30:03";"2025-12-01 14:30:03"
019adaf6-e0f9-708c-8516-613b1d2f9447;"ornamentação (música)";otherTopic;VCAA;4645;NULL;"2025-12-01 14:30:03";"2025-12-01 14:30:03"
019adaf6-e2a9-7207-8003-e1f75115eaa2;métrica;otherTopic;VCAA;4438;NULL;"2025-12-01 14:30:04";"2025-12-01 14:30:04"
019adaf6-e455-71b7-9291-cff75841012e;concerto;otherTopic;VCAA;3801;NULL;"2025-12-01 14:30:04";"2025-12-01 14:30:04"
019adaf6-e4c0-7337-b488-aeb7d67b229f;"fuga (forma musical)";otherTopic;VCAA;3946;NULL;"2025-12-01 14:30:04";"2025-12-01 14:30:04"
019adaf6-e52f-71f2-be14-04456eb40290;"poema sinfônico";otherTopic;VCAA;5076;NULL;"2025-12-01 14:30:04";"2025-12-01 14:30:04"
019adaf6-e59d-7269-a1bd-371396100366;prelúdio;otherTopic;VCAA;4799;NULL;"2025-12-01 14:30:05";"2025-12-01 14:30:05"
019adaf6-e60b-70e9-82b9-b1db2f1a7da0;sinfonia;otherTopic;VCAA;4893;NULL;"2025-12-01 14:30:05";"2025-12-01 14:30:05"
019adaf6-e678-729e-b981-ca1102984004;sonata;otherTopic;VCAA;5172;NULL;"2025-12-01 14:30:05";"2025-12-01 14:30:05"
019adaf6-e6e5-7139-ab99-6113ed3a5f5e;sonatina;otherTopic;VCAA;4907;NULL;"2025-12-01 14:30:05";"2025-12-01 14:30:05"
019adaf6-e8a9-7015-bf0f-bcacfb96033e;antífona;otherTopic;VCAA;2780;NULL;"2025-12-01 14:30:05";"2025-12-01 14:30:05"
019adaf6-e919-727f-8e3e-26a925454974;"forma vocal dramática";otherTopic;VCAA;4128;NULL;"2025-12-01 14:30:05";"2025-12-01 14:30:05"
019adaf6-e986-73ae-8c5e-04d27f6283a8;"forma vocal profana";otherTopic;VCAA;3912;NULL;"2025-12-01 14:30:06";"2025-12-01 14:30:06"
019adaf6-e9f6-728b-af3b-6443951977bc;"forma vocal sacra";otherTopic;VCAA;4129;NULL;"2025-12-01 14:30:06";"2025-12-01 14:30:06"
019adaf6-eba4-7287-9269-cab0905fb17d;"marcha rancho";otherTopic;VCAA;4546;NULL;"2025-12-01 14:30:06";"2025-12-01 14:30:06"
019adaf6-ed77-70ba-a74b-0279b9426463;aboio;otherTopic;VCAA;7207;NULL;"2025-12-01 14:30:07";"2025-12-01 14:30:07"
019adaf6-ede1-72a7-a2dc-cb6303acfc94;baião;otherTopic;VCAA;3181;NULL;"2025-12-01 14:30:07";"2025-12-01 14:30:07"
019adaf6-ee50-732f-9f4b-51f751aaa806;chamamé;otherTopic;VCAA;3734;NULL;"2025-12-01 14:30:07";"2025-12-01 14:30:07"
019adaf6-eebe-73bb-b02e-47e6c2b9739c;"choro (gênero musical)";otherTopic;VCAA;3284;NULL;"2025-12-01 14:30:07";"2025-12-01 14:30:07"
019adaf6-ef29-7168-ad83-e00d96791372;"jovem guarda";otherTopic;VCAA;4346;NULL;"2025-12-01 14:30:07";"2025-12-01 14:30:07"
019adaf6-ef98-726d-8e3b-3deeff9610fc;modinha;otherTopic;VCAA;4463;NULL;"2025-12-01 14:30:07";"2025-12-01 14:30:07"
019adaf6-f004-735b-8a52-13fe6cc1f49d;swing;otherTopic;VCAA;4914;NULL;"2025-12-01 14:30:07";"2025-12-01 14:30:07"
019adaf6-f1c2-7004-9175-ef125f1fd50e;cânticos;otherTopic;VCAA;3245;NULL;"2025-12-01 14:30:08";"2025-12-01 14:30:08"
019adaf6-f383-72cc-acee-10ef69f4cccd;"desafios (música tradicional)";otherTopic;VCAA;3859;NULL;"2025-12-01 14:30:08";"2025-12-01 14:30:08"
019adaf6-f3ee-71f2-9294-9e71a63b84ea;"música folclórica";otherTopic;VCAA;4608;NULL;"2025-12-01 14:30:08";"2025-12-01 14:30:08"
019adaf6-f45b-709b-be5a-cfd4047b987d;"música indígena";otherTopic;VCAA;4493;NULL;"2025-12-01 14:30:08";"2025-12-01 14:30:08"
019adaf6-f4c8-711f-a879-9fb15704155d;"música raiz";otherTopic;VCAA;4496;NULL;"2025-12-01 14:30:08";"2025-12-01 14:30:08"
019adaf6-f68c-7134-b4d7-c999ddea4134;canto;otherTopic;VCAA;3612;NULL;"2025-12-01 14:30:09";"2025-12-01 14:30:09"
019adaf6-f6fa-7023-ba3c-fe103d8c3b0b;"coral (música)";otherTopic;VCAA;3365;NULL;"2025-12-01 14:30:09";"2025-12-01 14:30:09"
019adaf6-f899-708b-8867-e2fc836adf27;"ópera de pequim";otherTopic;VCAA;4726;NULL;"2025-12-01 14:30:09";"2025-12-01 14:30:09"
019adaf6-f912-7270-a89a-8337b7f873c5;opereta;otherTopic;VCAA;4642;NULL;"2025-12-01 14:30:10";"2025-12-01 14:30:10"
019adaf6-fada-70b9-82b5-bdc5e58e60de;"orquestra de camara";otherTopic;VCAA;4730;NULL;"2025-12-01 14:30:10";"2025-12-01 14:30:10"
019adaf6-fb45-7173-bb78-33cd8d9b9deb;"orquestra de corda";otherTopic;VCAA;4646;NULL;"2025-12-01 14:30:10";"2025-12-01 14:30:10"
019adaf6-fbb3-7110-85d9-5585de9e39cb;"orquestra de sopro";otherTopic;VCAA;4731;NULL;"2025-12-01 14:30:10";"2025-12-01 14:30:10"
019adaf6-fc21-72de-83a3-39bdebb8d746;orquestração;otherTopic;VCAA;4647;NULL;"2025-12-01 14:30:10";"2025-12-01 14:30:10"
019adaf6-fc90-7373-bc8c-b1f484a07358;"orquestras filarmônicas";otherTopic;VCAA;4648;NULL;"2025-12-01 14:30:10";"2025-12-01 14:30:10"
019adaf6-fcff-725c-bb92-91777667df40;"orquestras sinfônicas";otherTopic;VCAA;4733;NULL;"2025-12-01 14:30:11";"2025-12-01 14:30:11"
019adaf6-fd6d-729e-8c3d-c68f1f4150be;"pedagogia musical";otherTopic;VCAA;4751;NULL;"2025-12-01 14:30:11";"2025-12-01 14:30:11"
019adaf6-fddb-70a8-9920-24a979ff4bc6;"percepção musical";otherTopic;VCAA;4674;NULL;"2025-12-01 14:30:11";"2025-12-01 14:30:11"
019adaf6-ffa6-70b1-8521-f55625e4eed3;"quarteto de cordas";otherTopic;VCAA;4837;NULL;"2025-12-01 14:30:11";"2025-12-01 14:30:11"
019adaf7-014b-708b-9088-67ccd0dd060c;"música aleatória";otherTopic;VCAA;4485;NULL;"2025-12-01 14:30:12";"2025-12-01 14:30:12"
019adaf7-0333-71ae-8507-8be542cdd94a;diapasão;otherTopic;VCAA;3874;NULL;"2025-12-01 14:30:12";"2025-12-01 14:30:12"
019adaf7-04ee-730b-bf3b-fb322839dee7;alaúdes;otherTopic;VCAA;2632;NULL;"2025-12-01 14:30:13";"2025-12-01 14:30:13"
019adaf7-0557-7263-a738-0dd151d2ddc7;bandolim;otherTopic;VCAA;3535;NULL;"2025-12-01 14:30:13";"2025-12-01 14:30:13"
019adaf7-05c4-7005-a5d7-c9ffffe1d792;banjo;otherTopic;VCAA;3189;NULL;"2025-12-01 14:30:13";"2025-12-01 14:30:13"
019adaf7-0633-7093-8a19-b1c4fe791f94;berimbau;otherTopic;VCAA;3198;NULL;"2025-12-01 14:30:13";"2025-12-01 14:30:13"
019adaf7-06a0-7039-befa-f8084a876101;cavaquinho;otherTopic;VCAA;3711;NULL;"2025-12-01 14:30:13";"2025-12-01 14:30:13"
019adaf7-070b-70e2-bb45-f9984662a8b7;contrabaixos;otherTopic;VCAA;3360;NULL;"2025-12-01 14:30:13";"2025-12-01 14:30:13"
019adaf7-0777-739c-a8b3-29a6b5313736;espinetas;otherTopic;VCAA;3676;NULL;"2025-12-01 14:30:13";"2025-12-01 14:30:13"
019adaf7-07e5-7070-8d6e-0ce419225b8d;guitarra;otherTopic;VCAA;4183;NULL;"2025-12-01 14:30:13";"2025-12-01 14:30:13"
019adaf7-0852-73ec-b0df-4982d36f6d3b;harpas;otherTopic;VCAA;4220;NULL;"2025-12-01 14:30:13";"2025-12-01 14:30:13"
019adaf7-08bf-71ea-b32e-8db460f52191;tiorba;otherTopic;VCAA;4968;NULL;"2025-12-01 14:30:14";"2025-12-01 14:30:14"
019adaf7-092b-73ac-9518-f155548909b1;"viola caipira";otherTopic;VCAA;5238;NULL;"2025-12-01 14:30:14";"2025-12-01 14:30:14"
019adaf7-099a-7395-a64e-6e162c89603d;violas;otherTopic;VCAA;5007;NULL;"2025-12-01 14:30:14";"2025-12-01 14:30:14"
019adaf7-0a06-7303-81a1-e0debe24828e;violinos;otherTopic;VCAA;5009;NULL;"2025-12-01 14:30:14";"2025-12-01 14:30:14"
019adaf7-0a73-7044-afbe-7d7be199745a;violões;otherTopic;VCAA;5008;NULL;"2025-12-01 14:30:14";"2025-12-01 14:30:14"
019adaf7-0ae2-7329-b74a-900198fff034;violoncelos;otherTopic;VCAA;5240;NULL;"2025-12-01 14:30:14";"2025-12-01 14:30:14"
019adaf7-0c8f-7094-b4cd-196996e9ded3;"bloco de madeira (instrumento musical)";otherTopic;VCAA;7228;NULL;"2025-12-01 14:30:15";"2025-12-01 14:30:15"
019adaf7-0e3c-71d8-8a32-e97da0312147;cornetas;otherTopic;VCAA;3817;NULL;"2025-12-01 14:30:15";"2025-12-01 14:30:15"
019adaf7-0fca-71f0-b57a-a5eaeedd7331;sintetizador;otherTopic;VCAA;5153;NULL;"2025-12-01 14:30:15";"2025-12-01 14:30:15"
019adaf7-1170-720d-9e10-af496375daa4;adufe;otherTopic;VCAA;2601;NULL;"2025-12-01 14:30:16";"2025-12-01 14:30:16"
019adaf7-11e3-7146-b913-f79c4001ac0e;afoxê;otherTopic;VCAA;2624;NULL;"2025-12-01 14:30:16";"2025-12-01 14:30:16"
019adaf7-124f-731c-a9f1-c197fff4b0f1;agogos;otherTopic;VCAA;3515;NULL;"2025-12-01 14:30:16";"2025-12-01 14:30:16"
019adaf7-12bd-704a-b20b-cf1e8e4b6a88;atabaque;otherTopic;VCAA;3520;NULL;"2025-12-01 14:30:16";"2025-12-01 14:30:16"
019adaf7-132b-721f-9b35-36aaec32584f;bombos;otherTopic;VCAA;3216;NULL;"2025-12-01 14:30:16";"2025-12-01 14:30:16"
019adaf7-1397-7388-8457-cb54e4fd7040;bongôs;otherTopic;VCAA;3218;NULL;"2025-12-01 14:30:16";"2025-12-01 14:30:16"
019adaf7-1406-700d-8381-2f797f2b8f43;bumbos;otherTopic;VCAA;3595;NULL;"2025-12-01 14:30:16";"2025-12-01 14:30:16"
019adaf7-1472-714b-a786-081473b30152;"caixas claras";otherTopic;VCAA;3232;NULL;"2025-12-01 14:30:17";"2025-12-01 14:30:17"
019adaf7-14df-7039-ade0-20d2d6ebaba9;carrilhão;otherTopic;VCAA;3252;NULL;"2025-12-01 14:30:17";"2025-12-01 14:30:17"
019adaf7-154b-71fd-bbb5-6ccce9a887d5;castanholas;otherTopic;VCAA;3624;NULL;"2025-12-01 14:30:17";"2025-12-01 14:30:17"
019adaf7-15b9-72e4-857e-7013035640d9;celesta;otherTopic;VCAA;3265;NULL;"2025-12-01 14:30:17";"2025-12-01 14:30:17"
019adaf7-1627-7100-8b7a-ac8249a2bb03;"chicote (instrumento musical)";otherTopic;VCAA;7230;NULL;"2025-12-01 14:30:17";"2025-12-01 14:30:17"
019adaf7-1693-70ac-9683-428d338464d7;cimbalo;otherTopic;VCAA;3313;NULL;"2025-12-01 14:30:17";"2025-12-01 14:30:17"
019adaf7-16fe-719f-ae33-983bda717f61;cuíca;otherTopic;VCAA;3835;NULL;"2025-12-01 14:30:17";"2025-12-01 14:30:17"
019adaf7-176c-7157-8d27-764a532875d8;glockenspiel;otherTopic;VCAA;4168;NULL;"2025-12-01 14:30:17";"2025-12-01 14:30:17"
019adaf7-17da-717b-8799-c272f87c1112;gonguê;otherTopic;VCAA;4200;NULL;"2025-12-01 14:30:17";"2025-12-01 14:30:17"
019adaf7-1846-7357-9b2c-ae712db6af2c;maraca;otherTopic;VCAA;4545;NULL;"2025-12-01 14:30:18";"2025-12-01 14:30:18"
019adaf7-18b4-7321-adbc-0be91e2b76a1;marimba;otherTopic;VCAA;6322;NULL;"2025-12-01 14:30:18";"2025-12-01 14:30:18"
019adaf7-1920-733c-9e5c-c0b0c4c9cb11;pandeiro;otherTopic;VCAA;4657;NULL;"2025-12-01 14:30:18";"2025-12-01 14:30:18"
019adaf7-198d-707d-a484-71600d49da4d;"percussão corporal";otherTopic;VCAA;4675;NULL;"2025-12-01 14:30:18";"2025-12-01 14:30:18"
019adaf7-19fa-7385-8eea-ec03a0481aed;"prato (instrumento musical)";otherTopic;VCAA;5086;NULL;"2025-12-01 14:30:18";"2025-12-01 14:30:18"
019adaf7-1a67-71e8-991d-ce53a816e690;reco-recos;otherTopic;VCAA;5118;NULL;"2025-12-01 14:30:18";"2025-12-01 14:30:18"
019adaf7-1ad4-71d2-b777-372d36bf739f;tambor;otherTopic;VCAA;5183;NULL;"2025-12-01 14:30:18";"2025-12-01 14:30:18"
019adaf7-1b40-7078-b8bf-88b615540918;tamborim;otherTopic;VCAA;4916;NULL;"2025-12-01 14:30:18";"2025-12-01 14:30:18"
019adaf7-1bad-70e9-b3f4-33d3fbf68014;tantã;otherTopic;VCAA;4917;NULL;"2025-12-01 14:30:18";"2025-12-01 14:30:18"
019adaf7-1c1c-72f6-bc06-133d23f0d4a2;"tímpanos (instrumento musical)";otherTopic;VCAA;5194;NULL;"2025-12-01 14:30:19";"2025-12-01 14:30:19"
019adaf7-1c8c-7026-8b65-284c3b03271d;"triângulos (instrumento musical)";otherTopic;VCAA;5204;NULL;"2025-12-01 14:30:19";"2025-12-01 14:30:19"
019adaf7-1cf9-7054-8a59-577b50342ce6;vibrafones;otherTopic;VCAA;5231;NULL;"2025-12-01 14:30:19";"2025-12-01 14:30:19"
019adaf7-1d67-73ac-9605-bc39abbb1caa;xilofones;otherTopic;VCAA;5054;NULL;"2025-12-01 14:30:19";"2025-12-01 14:30:19"
019adaf7-1efb-7041-8d12-f1999490eddf;clarim;otherTopic;VCAA;3326;NULL;"2025-12-01 14:30:19";"2025-12-01 14:30:19"
019adaf7-1f67-7280-9805-155e811b2ab8;clarineta;otherTopic;VCAA;3764;NULL;"2025-12-01 14:30:19";"2025-12-01 14:30:19"
019adaf7-1fd1-73d8-b062-fb52d849b123;clarone;otherTopic;VCAA;3327;NULL;"2025-12-01 14:30:19";"2025-12-01 14:30:19"
019adaf7-203b-7050-96a1-55fac5fdd617;contrafagotes;otherTopic;VCAA;3809;NULL;"2025-12-01 14:30:20";"2025-12-01 14:30:20"
019adaf7-20a9-71e1-8d7c-66a92bf1d1cc;fagotes;otherTopic;VCAA;3740;NULL;"2025-12-01 14:30:20";"2025-12-01 14:30:20"
019adaf7-2119-7332-9940-6a8811b3fdae;flauta;otherTopic;VCAA;4122;NULL;"2025-12-01 14:30:20";"2025-12-01 14:30:20"
019adaf7-2185-7218-8e92-e4197d15c0aa;flautins;otherTopic;VCAA;3905;NULL;"2025-12-01 14:30:20";"2025-12-01 14:30:20"
019adaf7-21f1-7179-a213-d65c520ba77c;oboés;otherTopic;VCAA;4626;NULL;"2025-12-01 14:30:20";"2025-12-01 14:30:20"
019adaf7-2260-7057-a7ea-bfff0588f645;saxofone;otherTopic;VCAA;4881;NULL;"2025-12-01 14:30:20";"2025-12-01 14:30:20"
019adaf7-22cc-73ac-a424-5871d976d4c0;trombeta;otherTopic;VCAA;4982;NULL;"2025-12-01 14:30:20";"2025-12-01 14:30:20"
019adaf7-233a-72da-829e-820b76cf4b70;trombones;otherTopic;VCAA;5207;NULL;"2025-12-01 14:30:20";"2025-12-01 14:30:20"
019adaf7-23a7-7295-914c-b8a3f3473c3a;"trompa (instrumento musical)";otherTopic;VCAA;4983;NULL;"2025-12-01 14:30:20";"2025-12-01 14:30:20"
019adaf7-2414-720a-b088-805a2557a101;trompetes;otherTopic;VCAA;4984;NULL;"2025-12-01 14:30:21";"2025-12-01 14:30:21"
019adaf7-2480-710d-b8fb-df97e3f06666;tubas;otherTopic;VCAA;4985;NULL;"2025-12-01 14:30:21";"2025-12-01 14:30:21"
019adaf7-2654-7362-b463-c1184ec19ae3;clavicórdio;otherTopic;VCAA;3768;NULL;"2025-12-01 14:30:21";"2025-12-01 14:30:21"
019adaf7-26c3-7385-baed-30d3c983592d;"cravos (instrumento musical)";otherTopic;VCAA;3370;NULL;"2025-12-01 14:30:21";"2025-12-01 14:30:21"
019adaf7-2730-734a-b368-82341aada4e8;"órgão (instrumento musical)";otherTopic;VCAA;4728;NULL;"2025-12-01 14:30:21";"2025-12-01 14:30:21"
019adaf7-27a0-7380-aba7-b17d47f5a7e2;pianola;otherTopic;VCAA;4759;NULL;"2025-12-01 14:30:21";"2025-12-01 14:30:21"
019adaf7-280b-71d0-b4c4-81960d862df0;pianos;otherTopic;VCAA;4679;NULL;"2025-12-01 14:30:22";"2025-12-01 14:30:22"
019adaf7-2877-7361-a464-1c95dff9c30a;virginal;otherTopic;VCAA;5010;NULL;"2025-12-01 14:30:22";"2025-12-01 14:30:22"
019adaf7-2a2b-7385-a369-f8ce541dc73e;"caixas de música";otherTopic;VCAA;3600;NULL;"2025-12-01 14:30:22";"2025-12-01 14:30:22"
019adaf7-2a9b-72ac-8469-0ca76a8a1de4;realejo;otherTopic;VCAA;5113;NULL;"2025-12-01 14:30:22";"2025-12-01 14:30:22"
019adaf7-2c7c-70f6-b05f-b5e1df99be1c;"baixo (voz masculina)";otherTopic;VCAA;3182;NULL;"2025-12-01 14:30:23";"2025-12-01 14:30:23"
019adaf7-2cef-7212-9e92-2b05a699ccb8;barítono;otherTopic;VCAA;3536;NULL;"2025-12-01 14:30:23";"2025-12-01 14:30:23"
019adaf7-2d5f-72d7-9051-a9d7cf1e2be3;castrato;otherTopic;VCAA;3625;NULL;"2025-12-01 14:30:23";"2025-12-01 14:30:23"
019adaf7-2dce-7321-b996-fc5b952f33fe;contralto;otherTopic;VCAA;3361;NULL;"2025-12-01 14:30:23";"2025-12-01 14:30:23"
019adaf7-2e3d-7278-9466-4f5c37709947;contratenor;otherTopic;VCAA;3811;NULL;"2025-12-01 14:30:23";"2025-12-01 14:30:23"
019adaf7-2eac-7148-82a5-5aea381bdef6;coros;otherTopic;VCAA;3367;NULL;"2025-12-01 14:30:23";"2025-12-01 14:30:23"
019adaf7-2f1b-7135-b9ac-6560fe67d676;"meio soprano";otherTopic;VCAA;4557;NULL;"2025-12-01 14:30:23";"2025-12-01 14:30:23"
019adaf7-2f8a-7330-8a7d-dcd92cdeb14b;tenor;otherTopic;VCAA;4961;NULL;"2025-12-01 14:30:24";"2025-12-01 14:30:24"
019adaf7-2ff8-70ef-9241-52ced10f4526;"voz feminina";otherTopic;VCAA;5047;NULL;"2025-12-01 14:30:24";"2025-12-01 14:30:24"
019adaf7-3066-73c1-aff6-e03704ed4ae1;"voz infantil";otherTopic;VCAA;5249;NULL;"2025-12-01 14:30:24";"2025-12-01 14:30:24"
019adaf7-30d4-71a6-b76f-94a7f0d47832;"voz masculina";otherTopic;VCAA;5048;NULL;"2025-12-01 14:30:24";"2025-12-01 14:30:24"
019adaf7-329a-7013-be68-6ed20ef90eb5;"acompanhamento musical ao vivo";otherTopic;VCAA;7235;NULL;"2025-12-01 14:30:24";"2025-12-01 14:30:24"
019adaf7-3309-706c-af92-354bdd07f8d7;"acompanhamento musical com disco";otherTopic;VCAA;7236;NULL;"2025-12-01 14:30:24";"2025-12-01 14:30:24"
019adaf7-34da-7086-b988-312333b33ce4;falsete;otherTopic;VCAA;3741;NULL;"2025-12-01 14:30:25";"2025-12-01 14:30:25"
019adaf7-369e-7335-aa52-d096ef656af6;metronomos;otherTopic;VCAA;4439;NULL;"2025-12-01 14:30:25";"2025-12-01 14:30:25"
019adaf7-384e-7148-a91a-b696163c8df4;bustos;otherTopic;VCAA;3225;NULL;"2025-12-01 14:30:26";"2025-12-01 14:30:26"
019adaf7-38c4-729a-b5f8-a4d7dabc479d;carrancas;otherTopic;VCAA;7146;NULL;"2025-12-01 14:30:26";"2025-12-01 14:30:26"
019adaf7-3934-7148-b063-8a3011b533ce;máscaras;otherTopic;VCAA;4549;NULL;"2025-12-01 14:30:26";"2025-12-01 14:30:26"
019adaf7-39a2-7184-9226-708c8101a19b;"soft art";otherTopic;VCAA;5162;NULL;"2025-12-01 14:30:26";"2025-12-01 14:30:26"
019adaf7-3b7c-7070-b77c-0b26fed1ffcb;mutuários;otherTopic;VCAA;6706;NULL;"2025-12-01 14:30:27";"2025-12-01 14:30:27"
019adaf7-3d38-71e5-a90e-1973e6825ff2;bancadas;otherTopic;VCAA;2182;NULL;"2025-12-01 14:30:27";"2025-12-01 14:30:27"
019adaf7-3dac-73a9-8fa0-83e6805baa7d;"bancos (mobiliário)";otherTopic;VCAA;2184;NULL;"2025-12-01 14:30:27";"2025-12-01 14:30:27"
019adaf7-3e1a-734e-87cd-4b52f0897a4f;cadeiras;otherTopic;VCAA;2389;NULL;"2025-12-01 14:30:27";"2025-12-01 14:30:27"
019adaf7-3e88-737a-9887-2618761c1df0;espelhos;otherTopic;VCAA;2190;NULL;"2025-12-01 14:30:27";"2025-12-01 14:30:27"
019adaf7-3ef7-72be-ae35-f45b42787cc0;estantes;otherTopic;VCAA;2189;NULL;"2025-12-01 14:30:27";"2025-12-01 14:30:27"
019adaf7-3f67-7363-b299-b4e5bfbd14c0;guarda-roupas;otherTopic;VCAA;2858;NULL;"2025-12-01 14:30:28";"2025-12-01 14:30:28"
019adaf7-3fd5-73b6-8b34-bb90a5a2d587;"mesa de bilhar";otherTopic;VCAA;2188;NULL;"2025-12-01 14:30:28";"2025-12-01 14:30:28"
019adaf7-4041-703e-9191-3d1df16e5dac;"mesa para jogos";otherTopic;VCAA;758;NULL;"2025-12-01 14:30:28";"2025-12-01 14:30:28"
019adaf7-40b0-7351-8bfe-31fa27d70038;mesas;otherTopic;VCAA;2187;NULL;"2025-12-01 14:30:28";"2025-12-01 14:30:28"
019adaf7-4268-7152-9a42-0f747b35c4dc;"bancos escolares";otherTopic;VCAA;5773;NULL;"2025-12-01 14:30:28";"2025-12-01 14:30:28"
019adaf7-4430-72e3-a1be-f73017e4e37f;"azulejo de cerâmica";otherTopic;VCAA;5754;NULL;"2025-12-01 14:30:29";"2025-12-01 14:30:29"
019adaf7-44a0-7352-96c3-267ba95a4ab1;"azulejo português";otherTopic;VCAA;1740;NULL;"2025-12-01 14:30:29";"2025-12-01 14:30:29"
019adaf7-4510-70a9-bc6e-62d3ea366a51;"azulejos de cerâmica";otherTopic;VCAA;6854;NULL;"2025-12-01 14:30:29";"2025-12-01 14:30:29"
019adaf7-46db-72f5-8f70-a4132b325be1;"ladrilho antiderrapante";otherTopic;VCAA;2171;NULL;"2025-12-01 14:30:29";"2025-12-01 14:30:29"
019adaf7-474b-71cb-b3f7-444eae97bdcb;"ladrilho cerâmico";otherTopic;VCAA;2172;NULL;"2025-12-01 14:30:30";"2025-12-01 14:30:30"
019adaf7-47ba-72f2-bc63-30ee0007f0f5;"ladrilho hidráulico";otherTopic;VCAA;2173;NULL;"2025-12-01 14:30:30";"2025-12-01 14:30:30"
019adaf7-4990-71f1-8418-f16fa32b78c0;"mosaico português";otherTopic;VCAA;781;NULL;"2025-12-01 14:30:30";"2025-12-01 14:30:30"
019adaf7-4a03-7383-beef-aa8d808134e5;"mosaicos cerâmicos";otherTopic;VCAA;780;NULL;"2025-12-01 14:30:30";"2025-12-01 14:30:30"
019adaf7-4bc6-70e1-83c0-083db7f30ee9;demão;otherTopic;VCAA;1507;NULL;"2025-12-01 14:30:31";"2025-12-01 14:30:31"
019adaf7-4d8f-71e9-a376-7075ff70bd9a;"pisos antiderrapantes";otherTopic;VCAA;2161;NULL;"2025-12-01 14:30:31";"2025-12-01 14:30:31"
019adaf7-4dff-707a-b455-1dc8307a0a81;"pisos cerâmicos";otherTopic;VCAA;2162;NULL;"2025-12-01 14:30:31";"2025-12-01 14:30:31"
019adaf7-4e6b-7100-a529-353fa68a1fda;"pisos cimentícios";otherTopic;VCAA;2163;NULL;"2025-12-01 14:30:31";"2025-12-01 14:30:31"
019adaf7-4edb-70d9-ae47-df0bc2318070;"pisos de borracha";otherTopic;VCAA;2164;NULL;"2025-12-01 14:30:32";"2025-12-01 14:30:32"
019adaf7-4f48-72cb-838a-7992b35ca7ad;"pisos de madeira";otherTopic;VCAA;2165;NULL;"2025-12-01 14:30:32";"2025-12-01 14:30:32"
019adaf7-4fb4-71bf-a9a8-a1b9eca10e0c;"pisos de tijolos";otherTopic;VCAA;2166;NULL;"2025-12-01 14:30:32";"2025-12-01 14:30:32"
019adaf7-5023-712e-bbc7-5fa894717d61;"pisos epóxis";otherTopic;VCAA;2167;NULL;"2025-12-01 14:30:32";"2025-12-01 14:30:32"
019adaf7-5091-7156-ad82-5aae58a5982a;"pisos intertravados";otherTopic;VCAA;2168;NULL;"2025-12-01 14:30:32";"2025-12-01 14:30:32"
019adaf7-50ff-7381-a69c-4918024483db;"pisos processados";otherTopic;VCAA;2169;NULL;"2025-12-01 14:30:32";"2025-12-01 14:30:32"
019adaf7-516d-7147-89b6-aa29b724788f;"terra batida";otherTopic;VCAA;1135;NULL;"2025-12-01 14:30:32";"2025-12-01 14:30:32"
019adaf7-5338-7353-bbed-be7282af3ba7;"caminho de pedras";otherTopic;VCAA;290;NULL;"2025-12-01 14:30:33";"2025-12-01 14:30:33"
019adaf7-5541-72df-b822-078886bbe09a;"canteiro florido";otherTopic;VCAA;1944;NULL;"2025-12-01 14:30:33";"2025-12-01 14:30:33"
019adaf7-570d-732f-9f8e-aa9fa1c3d1b2;"fontes luminosas";otherTopic;VCAA;3427;NULL;"2025-12-01 14:30:34";"2025-12-01 14:30:34"
019adaf7-58e3-70c3-9265-f6d23b54e95d;lagoa;otherTopic;VCAA;699;NULL;"2025-12-01 14:30:34";"2025-12-01 14:30:34"
019adaf7-5956-7205-9dae-8610194e3948;"lagos artificiais";otherTopic;VCAA;6961;NULL;"2025-12-01 14:30:34";"2025-12-01 14:30:34"
019adaf7-5b08-73b9-98f2-3ee47d7a5bce;"palmeira imperial";otherTopic;VCAA;1940;NULL;"2025-12-01 14:30:35";"2025-12-01 14:30:35"
019adaf7-5cb0-7380-852d-6fb7010940ac;"arborização urbana";otherTopic;VCAA;142;NULL;"2025-12-01 14:30:35";"2025-12-01 14:30:35"
019adaf7-5e4f-71a9-b2b1-27c5f04992fc;"jardim botânico";otherTopic;VCAA;1903;NULL;"2025-12-01 14:30:35";"2025-12-01 14:30:35"
019adaf7-5ebf-7346-8e73-198e77763f3e;"jardim interno";otherTopic;VCAA;1904;NULL;"2025-12-01 14:30:36";"2025-12-01 14:30:36"
019adaf7-5f2c-721e-bec9-879d3753a180;"jardim suspenso";otherTopic;VCAA;1905;NULL;"2025-12-01 14:30:36";"2025-12-01 14:30:36"
019adaf7-5f99-710c-ac24-5a8f7fb80d25;jardinagem;otherTopic;VCAA;3419;NULL;"2025-12-01 14:30:36";"2025-12-01 14:30:36"
019adaf7-6006-73e4-81e5-34544958e8a2;"jardins de inverno";otherTopic;VCAA;3421;NULL;"2025-12-01 14:30:36";"2025-12-01 14:30:36"
019adaf7-6073-70d9-81e3-ea2d55b2e9d5;"terraços jardins";otherTopic;VCAA;6788;NULL;"2025-12-01 14:30:36";"2025-12-01 14:30:36"
019adaf7-60e1-70dc-8c23-6b00b253872e;viveiros;otherTopic;VCAA;1231;NULL;"2025-12-01 14:30:36";"2025-12-01 14:30:36"
019adaf7-62a3-71a2-903a-2050b54af901;"parques estaduais";otherTopic;VCAA;3422;NULL;"2025-12-01 14:30:37";"2025-12-01 14:30:37"
019adaf7-6316-71fd-a5e8-791f53238ec6;"parques lineares";otherTopic;VCAA;1907;NULL;"2025-12-01 14:30:37";"2025-12-01 14:30:37"
019adaf7-6382-720c-bcaa-5742f64934c1;"parques públicos";otherTopic;VCAA;6196;NULL;"2025-12-01 14:30:37";"2025-12-01 14:30:37"
019adaf7-63f0-7250-a54a-d52479a7a580;"parques urbanos";otherTopic;VCAA;1908;NULL;"2025-12-01 14:30:37";"2025-12-01 14:30:37"
019adaf7-6988-71cc-a78d-d5f3255325fb;"praça cívica";otherTopic;VCAA;1910;NULL;"2025-12-01 14:30:38";"2025-12-01 14:30:38"
019adaf7-69f8-70e4-b940-b77751fb09ff;"praça interna";otherTopic;VCAA;1911;NULL;"2025-12-01 14:30:38";"2025-12-01 14:30:38"
019adaf7-6a67-717a-b2a9-7476dac3b0d4;"praça matriz";otherTopic;VCAA;1912;NULL;"2025-12-01 14:30:39";"2025-12-01 14:30:39"
019adaf7-6ad2-72ae-9bf4-ab41ba962e1e;"praça pública";otherTopic;VCAA;1913;NULL;"2025-12-01 14:30:39";"2025-12-01 14:30:39"
019adaf7-6c75-70f0-b04e-b557e621ebd0;plantas;otherTopic;VCAA;5074;NULL;"2025-12-01 14:30:39";"2025-12-01 14:30:39"
019adaf7-6e21-71b2-a66e-9bae3660c492;capela-mor;otherTopic;VCAA;2097;NULL;"2025-12-01 14:30:40";"2025-12-01 14:30:40"
019adaf7-6e8e-7044-938b-12e0800320e2;"capelas laterais";otherTopic;VCAA;2096;NULL;"2025-12-01 14:30:40";"2025-12-01 14:30:40"
019adaf7-702a-7245-ae07-71492e607f78;galilé;otherTopic;VCAA;605;NULL;"2025-12-01 14:30:40";"2025-12-01 14:30:40"
019adaf7-7096-70c0-a29b-15582a6e3751;"igreja barroca";otherTopic;VCAA;2087;NULL;"2025-12-01 14:30:40";"2025-12-01 14:30:40"
019adaf7-7103-7357-af09-11355a1f452b;"igreja católica";otherTopic;VCAA;2088;NULL;"2025-12-01 14:30:40";"2025-12-01 14:30:40"
019adaf7-7173-71c5-9f48-03047e14bae9;"igreja matriz";otherTopic;VCAA;2089;NULL;"2025-12-01 14:30:40";"2025-12-01 14:30:40"
019adaf7-71e1-73c3-8411-f21f8017d6ae;"igreja moderna";otherTopic;VCAA;2090;NULL;"2025-12-01 14:30:40";"2025-12-01 14:30:40"
019adaf7-7250-734b-a22e-4b6abeeab8ec;"igreja ortodoxas";otherTopic;VCAA;2815;NULL;"2025-12-01 14:30:41";"2025-12-01 14:30:41"
019adaf7-72bd-709e-8b84-4f4af94db426;"igreja protestante";otherTopic;VCAA;2814;NULL;"2025-12-01 14:30:41";"2025-12-01 14:30:41"
019adaf7-732a-72f9-b4aa-0ecb55565be9;matriz;otherTopic;VCAA;749;NULL;"2025-12-01 14:30:41";"2025-12-01 14:30:41"
019adaf7-7397-7334-9f60-f20ca2b37860;nártex;otherTopic;VCAA;793;NULL;"2025-12-01 14:30:41";"2025-12-01 14:30:41"
019adaf7-7405-716a-969b-b15bfe1f6610;nave;otherTopic;VCAA;794;NULL;"2025-12-01 14:30:41";"2025-12-01 14:30:41"
019adaf7-7473-70db-938f-b37b8e65be81;púlpito;otherTopic;VCAA;1002;NULL;"2025-12-01 14:30:41";"2025-12-01 14:30:41"
019adaf7-762c-734a-9738-e6e122fb17fb;arquibancadas;otherTopic;VCAA;156;NULL;"2025-12-01 14:30:42";"2025-12-01 14:30:42"
019adaf7-769d-7263-9084-1996b753f09f;raia;otherTopic;VCAA;1015;NULL;"2025-12-01 14:30:42";"2025-12-01 14:30:42"
019adaf7-7842-72af-958a-c828870dd337;"pista de patinação no gelo";otherTopic;VCAA;3086;NULL;"2025-12-01 14:30:42";"2025-12-01 14:30:42"
019adaf7-7a0f-709f-b3f7-00d2fe420b27;"quadras de basquete";otherTopic;VCAA;2112;NULL;"2025-12-01 14:30:43";"2025-12-01 14:30:43"
019adaf7-7a7a-738d-9e5c-674f6c57152e;"quadras de boliche";otherTopic;VCAA;3093;NULL;"2025-12-01 14:30:43";"2025-12-01 14:30:43"
019adaf7-7ae8-71f2-a62e-4671e00111a5;"quadras de futebol";otherTopic;VCAA;2113;NULL;"2025-12-01 14:30:43";"2025-12-01 14:30:43"
019adaf7-7b57-7094-867a-5eebcd0425b6;"quadras de tênis";otherTopic;VCAA;2114;NULL;"2025-12-01 14:30:43";"2025-12-01 14:30:43"
019adaf7-7bc4-726b-a459-d261f4182319;"quadras de vôlei";otherTopic;VCAA;2115;NULL;"2025-12-01 14:30:43";"2025-12-01 14:30:43"
019adaf7-7d73-70b4-9456-f6bfb59e7ffe;masmorras;otherTopic;VCAA;6693;NULL;"2025-12-01 14:30:43";"2025-12-01 14:30:43"
019adaf7-7f21-713a-ad1e-8f6e6ea75ded;"engenho de cana-de-açúcar";otherTopic;VCAA;483;NULL;"2025-12-01 14:30:44";"2025-12-01 14:30:44"
019adaf7-80c5-7353-aa2d-2333baad9016;palacete;otherTopic;VCAA;2053;NULL;"2025-12-01 14:30:44";"2025-12-01 14:30:44"
019adaf7-826c-70d6-bffa-bcfc9593e893;"escolas de ensino fundamental (edifícios)";otherTopic;VCAA;5950;NULL;"2025-12-01 14:30:45";"2025-12-01 14:30:45"
019adaf7-82db-73b4-96d8-6849e95cd4a4;"escolas de ensino médio (edifícios)";otherTopic;VCAA;5952;NULL;"2025-12-01 14:30:45";"2025-12-01 14:30:45"
019adaf7-8349-7073-b8a0-59a0db27b5d7;refeitório;otherTopic;VCAA;1024;NULL;"2025-12-01 14:30:45";"2025-12-01 14:30:45"
019adaf7-83b7-722f-be5a-dc7c3dd1b405;"sala de aula";otherTopic;VCAA;1058;NULL;"2025-12-01 14:30:45";"2025-12-01 14:30:45"
019adaf7-855a-7316-9977-e4c44ac55a79;"bibliotecas de arte";otherTopic;VCAA;3202;NULL;"2025-12-01 14:30:45";"2025-12-01 14:30:45"
019adaf7-85ce-7170-aae4-4f930e6e13c5;"bibliotecas escolares";otherTopic;VCAA;2445;NULL;"2025-12-01 14:30:46";"2025-12-01 14:30:46"
019adaf7-863c-71de-a6d8-5f67cf44f356;"bibliotecas particulares";otherTopic;VCAA;3544;NULL;"2025-12-01 14:30:46";"2025-12-01 14:30:46"
019adaf7-86aa-72a3-9afa-08bfc4f99a8b;"bibliotecas públicas";otherTopic;VCAA;3205;NULL;"2025-12-01 14:30:46";"2025-12-01 14:30:46"
019adaf7-8716-71e4-b23b-408e946891ea;"bibliotecas universitárias";otherTopic;VCAA;2446;NULL;"2025-12-01 14:30:46";"2025-12-01 14:30:46"
019adaf7-88cb-7083-9ed2-6d7a0648d069;adegas;otherTopic;VCAA;2549;NULL;"2025-12-01 14:30:46";"2025-12-01 14:30:46"
019adaf7-893a-71d4-b62e-977a0e90e0ca;"áreas de serviços";otherTopic;VCAA;150;NULL;"2025-12-01 14:30:46";"2025-12-01 14:30:46"
019adaf7-89a8-7048-83c4-9154db905620;banheiros;otherTopic;VCAA;226;NULL;"2025-12-01 14:30:47";"2025-12-01 14:30:47"
019adaf7-8a15-7185-a6e5-36cf1aca7e4d;closets;otherTopic;VCAA;2551;NULL;"2025-12-01 14:30:47";"2025-12-01 14:30:47"
019adaf7-8a82-701d-8897-ddb7a06c4e96;corredores;otherTopic;VCAA;416;NULL;"2025-12-01 14:30:47";"2025-12-01 14:30:47"
019adaf7-8af0-70f7-b984-c7e4f31c5785;cozinhas;otherTopic;VCAA;421;NULL;"2025-12-01 14:30:47";"2025-12-01 14:30:47"
019adaf7-8b5e-7130-b960-c5753d33b106;despensas;otherTopic;VCAA;2552;NULL;"2025-12-01 14:30:47";"2025-12-01 14:30:47"
019adaf7-8bca-710c-8c63-9b70c005b33e;edículas;otherTopic;VCAA;2847;NULL;"2025-12-01 14:30:47";"2025-12-01 14:30:47"
019adaf7-8c38-72d8-909a-6bbfff5af83f;escritórios;otherTopic;VCAA;508;NULL;"2025-12-01 14:30:47";"2025-12-01 14:30:47"
019adaf7-8ca5-7212-bdb1-3285b26b8e41;estúdios;otherTopic;VCAA;551;NULL;"2025-12-01 14:30:47";"2025-12-01 14:30:47"
019adaf7-8d12-70c2-9e0b-ffc85b9357fa;garagens;otherTopic;VCAA;607;NULL;"2025-12-01 14:30:47";"2025-12-01 14:30:47"
019adaf7-8d7f-73bf-bbb5-19f6b8657a77;hall;otherTopic;VCAA;200;NULL;"2025-12-01 14:30:48";"2025-12-01 14:30:48"
019adaf7-8ded-701e-a826-0b307a83302b;lavabo;otherTopic;VCAA;2852;NULL;"2025-12-01 14:30:48";"2025-12-01 14:30:48"
019adaf7-8e5b-711c-9a52-56c29201a504;living;otherTopic;VCAA;720;NULL;"2025-12-01 14:30:48";"2025-12-01 14:30:48"
019adaf7-8ec8-73a7-a929-0585fe8ebc95;mezanino;otherTopic;VCAA;763;NULL;"2025-12-01 14:30:48";"2025-12-01 14:30:48"
019adaf7-8f36-727b-b996-6a75a3bbc700;pátio;otherTopic;VCAA;869;NULL;"2025-12-01 14:30:48";"2025-12-01 14:30:48"
019adaf7-8fa3-72db-bcbb-dd76a946ffb8;porão;otherTopic;VCAA;953;NULL;"2025-12-01 14:30:48";"2025-12-01 14:30:48"
019adaf7-9011-7000-92a3-a07fb1dea3f1;quartos;otherTopic;VCAA;1011;NULL;"2025-12-01 14:30:48";"2025-12-01 14:30:48"
019adaf7-907f-7336-998d-bcdc8f2397c7;quintal;otherTopic;VCAA;1013;NULL;"2025-12-01 14:30:48";"2025-12-01 14:30:48"
019adaf7-90ea-70cf-a584-ac6f6fb50d69;saguão;otherTopic;VCAA;1054;NULL;"2025-12-01 14:30:48";"2025-12-01 14:30:48"
019adaf7-9155-7193-a5a7-528c05c00477;"sala de almoço";otherTopic;VCAA;2061;NULL;"2025-12-01 14:30:49";"2025-12-01 14:30:49"
019adaf7-91c4-712b-831e-31d25dd8dd8d;"sala de jantar";otherTopic;VCAA;2063;NULL;"2025-12-01 14:30:49";"2025-12-01 14:30:49"
019adaf7-9231-7049-acd6-7e583bf257e4;salão;otherTopic;VCAA;2066;NULL;"2025-12-01 14:30:49";"2025-12-01 14:30:49"
019adaf7-929d-701f-a3d5-27625cf33976;"salas de estar";otherTopic;VCAA;1056;NULL;"2025-12-01 14:30:49";"2025-12-01 14:30:49"
019adaf7-930c-73a4-8b34-b01905bb27f7;sótão;otherTopic;VCAA;1095;NULL;"2025-12-01 14:30:49";"2025-12-01 14:30:49"
019adaf7-9379-7356-ab13-f59767701f88;suítes;otherTopic;VCAA;2866;NULL;"2025-12-01 14:30:49";"2025-12-01 14:30:49"
019adaf7-93e7-7254-865c-8951e3eddd65;terraço;otherTopic;VCAA;1136;NULL;"2025-12-01 14:30:49";"2025-12-01 14:30:49"
019adaf7-9455-71d0-addd-4735e4b1d2c2;vestíbulos;otherTopic;VCAA;1211;NULL;"2025-12-01 14:30:49";"2025-12-01 14:30:49"
019adaf7-95ff-7197-bae2-13fbb4022850;"casas de adobe";otherTopic;VCAA;3064;NULL;"2025-12-01 14:30:50";"2025-12-01 14:30:50"
019adaf7-966e-72d5-a174-954c4ab7a8b2;"casas de alvenaria";otherTopic;VCAA;3065;NULL;"2025-12-01 14:30:50";"2025-12-01 14:30:50"
019adaf7-96db-7011-92c0-4fd97ef29c79;"casas de bloco de concreto";otherTopic;VCAA;3066;NULL;"2025-12-01 14:30:50";"2025-12-01 14:30:50"
019adaf7-9749-70a3-808a-590b9e71b5bd;"casas de concreto";otherTopic;VCAA;3068;NULL;"2025-12-01 14:30:50";"2025-12-01 14:30:50"
019adaf7-97b5-72cf-a228-4abef6c57055;"casas de enxaimel";otherTopic;VCAA;3076;NULL;"2025-12-01 14:30:50";"2025-12-01 14:30:50"
019adaf7-9823-7127-bb05-5caf9ca05c4a;"casas de madeira";otherTopic;VCAA;3070;NULL;"2025-12-01 14:30:50";"2025-12-01 14:30:50"
019adaf7-9890-724d-8d15-c29dca67bcd4;"casas de pau a pique";otherTopic;VCAA;3073;NULL;"2025-12-01 14:30:50";"2025-12-01 14:30:50"
019adaf7-98fe-7176-9113-dc14f51f2e38;"casas de pedra";otherTopic;VCAA;3069;NULL;"2025-12-01 14:30:51";"2025-12-01 14:30:51"
019adaf7-996c-723f-a6d7-e2c4b930d2b2;"casas de sapé";otherTopic;VCAA;3075;NULL;"2025-12-01 14:30:51";"2025-12-01 14:30:51"
019adaf7-99d9-70b2-8bc3-5625e31fe963;"casas de solo de cimento";otherTopic;VCAA;3071;NULL;"2025-12-01 14:30:51";"2025-12-01 14:30:51"
019adaf7-9a47-7094-9730-bfca70ace394;"casas de taipa";otherTopic;VCAA;3074;NULL;"2025-12-01 14:30:51";"2025-12-01 14:30:51"
019adaf7-9ab5-7095-930b-ca471385545e;"casas de tijolos";otherTopic;VCAA;3067;NULL;"2025-12-01 14:30:51";"2025-12-01 14:30:51"
019adaf7-9b20-70fb-99c1-d1c02f2ad55d;"casas pré fabricadas";otherTopic;VCAA;3072;NULL;"2025-12-01 14:30:51";"2025-12-01 14:30:51"
019adaf7-9ce1-70fb-943e-08946a0d9f76;alojamentos;otherTopic;VCAA;1828;NULL;"2025-12-01 14:30:52";"2025-12-01 14:30:52"
019adaf7-9d4f-70ed-a47b-8dd54d81932b;apartamentos;otherTopic;VCAA;1827;NULL;"2025-12-01 14:30:52";"2025-12-01 14:30:52"
019adaf7-9dbd-707c-b96f-f7eb7b1570d4;casas;otherTopic;VCAA;2051;NULL;"2025-12-01 14:30:52";"2025-12-01 14:30:52"
019adaf7-9e2a-73f0-b925-ca7d87926b2a;"casas móveis";otherTopic;VCAA;2836;NULL;"2025-12-01 14:30:52";"2025-12-01 14:30:52"
019adaf7-9e98-723c-9371-ef149bbb414c;"casas subterrâneas";otherTopic;VCAA;2837;NULL;"2025-12-01 14:30:52";"2025-12-01 14:30:52"
019adaf7-9f05-714c-913c-b6f3a570d0ae;chalés;otherTopic;VCAA;340;NULL;"2025-12-01 14:30:52";"2025-12-01 14:30:52"
019adaf7-9f71-73fd-a0d2-ed8eaac48956;"edifícios de apartamentos";otherTopic;VCAA;6475;NULL;"2025-12-01 14:30:52";"2025-12-01 14:30:52"
019adaf7-9fde-7301-9855-e7861ad62b94;lofts;otherTopic;VCAA;2820;NULL;"2025-12-01 14:30:52";"2025-12-01 14:30:52"
019adaf7-a04b-70d3-84c9-78d340611159;mansões;otherTopic;VCAA;2834;NULL;"2025-12-01 14:30:52";"2025-12-01 14:30:52"
019adaf7-a0b9-7134-ac7f-f2d4b174179b;oca;otherTopic;VCAA;804;NULL;"2025-12-01 14:30:52";"2025-12-01 14:30:52"
019adaf7-a124-70a2-9ee1-0d0bfeddaa46;"residências coletivas";otherTopic;VCAA;6775;NULL;"2025-12-01 14:30:53";"2025-12-01 14:30:53"
019adaf7-a192-7025-b257-a88e1186e851;sobrado;otherTopic;VCAA;313;NULL;"2025-12-01 14:30:53";"2025-12-01 14:30:53"
019adaf7-a328-726b-b2e9-22058dc52694;consultórios;otherTopic;VCAA;2760;NULL;"2025-12-01 14:30:53";"2025-12-01 14:30:53"
019adaf7-a4c6-703a-95ea-1f2c3c8cfe38;"hospitais infantis";otherTopic;VCAA;6884;NULL;"2025-12-01 14:30:54";"2025-12-01 14:30:54"
019adaf7-a531-73a3-9df5-39b57522906f;"hospitais psiquiátricos";otherTopic;VCAA;2762;NULL;"2025-12-01 14:30:54";"2025-12-01 14:30:54"
019adaf7-a59f-7318-8bfc-6e68a81506c7;"hospitais veterinários";otherTopic;VCAA;2763;NULL;"2025-12-01 14:30:54";"2025-12-01 14:30:54"
019adaf7-a60c-7156-8b26-84eef2d6a7b9;maternidades;otherTopic;VCAA;2764;NULL;"2025-12-01 14:30:54";"2025-12-01 14:30:54"
019adaf7-a7a0-7333-bd0f-d9bd1be93aeb;fortalezas;otherTopic;VCAA;2288;NULL;"2025-12-01 14:30:54";"2025-12-01 14:30:54"
019adaf7-a80e-714f-bf14-7c99a4dd508e;fortes;otherTopic;VCAA;2287;NULL;"2025-12-01 14:30:54";"2025-12-01 14:30:54"
019adaf7-a9ab-72a7-b3d5-78ae66f7c158;"prisões abertas";otherTopic;VCAA;6757;NULL;"2025-12-01 14:30:55";"2025-12-01 14:30:55"
019adaf7-aa24-7356-b5f7-e141aca92aea;"prisões de segurança máxima";otherTopic;VCAA;6760;NULL;"2025-12-01 14:30:55";"2025-12-01 14:30:55"
019adaf7-aa93-710c-9c1b-da3693520563;"prisões de segurança média";otherTopic;VCAA;6763;NULL;"2025-12-01 14:30:55";"2025-12-01 14:30:55"
019adaf7-ab00-716d-8686-820b67999caa;"prisões de segurança mínima";otherTopic;VCAA;6766;NULL;"2025-12-01 14:30:55";"2025-12-01 14:30:55"
019adaf7-ac93-7171-be42-586642b73477;haras;otherTopic;VCAA;6676;NULL;"2025-12-01 14:30:56";"2025-12-01 14:30:56"
019adaf7-ae45-7333-8579-fd80bfa43edc;resorts;otherTopic;VCAA;1035;NULL;"2025-12-01 14:30:56";"2025-12-01 14:30:56"
019adaf7-afdd-7340-af18-62f079742fd5;"livrarias (negócios)";otherTopic;VCAA;6683;NULL;"2025-12-01 14:30:56";"2025-12-01 14:30:56"
019adaf7-b177-7132-96d5-01d6820ded75;"lojas de conveniência";otherTopic;VCAA;2745;NULL;"2025-12-01 14:30:57";"2025-12-01 14:30:57"
019adaf7-b314-70df-a400-b05ab70d756f;"estúdios de gravação fonográfica";otherTopic;VCAA;6028;NULL;"2025-12-01 14:30:57";"2025-12-01 14:30:57"
019adaf7-b37c-7364-99aa-d7aa58e63942;"estúdios de rádio";otherTopic;VCAA;6031;NULL;"2025-12-01 14:30:57";"2025-12-01 14:30:57"
019adaf7-b510-70b0-b5c8-4ab035de8dd2;arsenal;otherTopic;VCAA;185;NULL;"2025-12-01 14:30:58";"2025-12-01 14:30:58"
019adaf7-b57f-70b2-9b05-bd92f83ce41e;cidadelas;otherTopic;VCAA;350;NULL;"2025-12-01 14:30:58";"2025-12-01 14:30:58"
019adaf7-b712-7237-844f-b2b6c318c400;"paço do conselho";otherTopic;VCAA;2296;NULL;"2025-12-01 14:30:58";"2025-12-01 14:30:58"
019adaf7-b8bd-73d4-bac6-40b9780a6dcc;cais;otherTopic;VCAA;270;NULL;"2025-12-01 14:30:59";"2025-12-01 14:30:59"
019adaf7-b934-7185-9c46-d804d9762a9a;"portos fluviais";otherTopic;VCAA;976;NULL;"2025-12-01 14:30:59";"2025-12-01 14:30:59"
019adaf7-b9a0-7275-989c-11f73194ce73;"portos marítimos";otherTopic;VCAA;2784;NULL;"2025-12-01 14:30:59";"2025-12-01 14:30:59"
019adaf7-ba0d-73c3-bcce-fec6526e82ef;trapiche;otherTopic;VCAA;1175;NULL;"2025-12-01 14:30:59";"2025-12-01 14:30:59"
019adaf7-bb9f-7307-a19e-6416fd65a7ec;"sapatas corrida";otherTopic;VCAA;1067;NULL;"2025-12-01 14:30:59";"2025-12-01 14:30:59"
019adaf7-bd3d-70da-bd42-9c2ef70c4021;"iluminação artificial";otherTopic;VCAA;4304;NULL;"2025-12-01 14:31:00";"2025-12-01 14:31:00"
019adaf7-bdb3-72c9-8320-127b13d0f1d4;"iluminação indireta";otherTopic;VCAA;656;NULL;"2025-12-01 14:31:00";"2025-12-01 14:31:00"
019adaf7-be22-7159-8e07-0be302dc9270;"iluminação natural";otherTopic;VCAA;657;NULL;"2025-12-01 14:31:00";"2025-12-01 14:31:00"
019adaf7-be8e-7034-bf9b-63504907c753;"iluminação zenital";otherTopic;VCAA;658;NULL;"2025-12-01 14:31:00";"2025-12-01 14:31:00"
019adaf7-c01e-7034-ae2d-0780c72185d6;ático;otherTopic;VCAA;199;NULL;"2025-12-01 14:31:01";"2025-12-01 14:31:01"
019adaf7-c092-722b-bb55-99d6597e6e4a;"fachadas de vidro";otherTopic;VCAA;559;NULL;"2025-12-01 14:31:01";"2025-12-01 14:31:01"
019adaf7-c0ff-734d-ac1c-a67d0e9a8473;frontaria;otherTopic;VCAA;600;NULL;"2025-12-01 14:31:01";"2025-12-01 14:31:01"
019adaf7-c2b0-735f-8af8-cbfdd11ca4df;assoreamento;otherTopic;VCAA;197;NULL;"2025-12-01 14:31:01";"2025-12-01 14:31:01"
019adaf7-c322-71ff-86f0-70e3930b2bf4;declive;otherTopic;VCAA;434;NULL;"2025-12-01 14:31:01";"2025-12-01 14:31:01"
019adaf7-c38f-707c-a284-5b96312e890f;limite;otherTopic;VCAA;718;NULL;"2025-12-01 14:31:01";"2025-12-01 14:31:01"
019adaf7-c523-72c2-81ce-6603dd77a705;"alvenaria de adobe";otherTopic;VCAA;2475;NULL;"2025-12-01 14:31:02";"2025-12-01 14:31:02"
019adaf7-c593-72c2-9e46-f97820cbf33d;"alvenaria de concreto";otherTopic;VCAA;2476;NULL;"2025-12-01 14:31:02";"2025-12-01 14:31:02"
019adaf7-c5ff-71ba-aaec-9e6dd2f7ed94;"alvenaria de pedra";otherTopic;VCAA;2477;NULL;"2025-12-01 14:31:02";"2025-12-01 14:31:02"
019adaf7-c66d-7117-a687-545364726a67;"alvenaria de tijolos";otherTopic;VCAA;5664;NULL;"2025-12-01 14:31:02";"2025-12-01 14:31:02"
019adaf7-c6da-72b4-8191-c936fdb6c1b5;"alvenaria portante";otherTopic;VCAA;132;NULL;"2025-12-01 14:31:02";"2025-12-01 14:31:02"
019adaf7-c871-7169-86d8-58a11399ef1e;abóbadas;otherTopic;VCAA;1683;NULL;"2025-12-01 14:31:03";"2025-12-01 14:31:03"
019adaf7-c8df-7122-ab53-2a8747b932f0;"coberturas curvas";otherTopic;VCAA;1951;NULL;"2025-12-01 14:31:03";"2025-12-01 14:31:03"
019adaf7-c94c-706a-b085-194c0a6e27c7;"coberturas de metal";otherTopic;VCAA;1952;NULL;"2025-12-01 14:31:03";"2025-12-01 14:31:03"
019adaf7-c9bb-7142-a765-539f72e934c0;"coberturas de palha";otherTopic;VCAA;1953;NULL;"2025-12-01 14:31:03";"2025-12-01 14:31:03"
019adaf7-ca28-71af-9bb1-60a5946a33fc;"coberturas de vidro";otherTopic;VCAA;1954;NULL;"2025-12-01 14:31:03";"2025-12-01 14:31:03"
019adaf7-ca96-72e1-ab06-5bf19df16a34;"coberturas planas";otherTopic;VCAA;1955;NULL;"2025-12-01 14:31:03";"2025-12-01 14:31:03"
019adaf7-cb04-73e9-b523-8fd2fdae904b;"coberturas tensionadas";otherTopic;VCAA;1956;NULL;"2025-12-01 14:31:03";"2025-12-01 14:31:03"
019adaf7-cb71-73cf-b93d-ba20f287548f;"coberturas vegetais";otherTopic;VCAA;1957;NULL;"2025-12-01 14:31:03";"2025-12-01 14:31:03"
019adaf7-cbdd-73a9-87b6-413bf3eaabe2;forros;otherTopic;VCAA;579;NULL;"2025-12-01 14:31:04";"2025-12-01 14:31:04"
019adaf7-cc4b-72f0-9d31-975d912d9a27;"lajes estruturais e componentes";otherTopic;VCAA;6115;NULL;"2025-12-01 14:31:04";"2025-12-01 14:31:04"
019adaf7-ccb8-7398-a68a-77842922bbe3;shed;otherTopic;VCAA;1077;NULL;"2025-12-01 14:31:04";"2025-12-01 14:31:04"
019adaf7-cd27-71b4-8ffd-fcc44ee36721;telhados;otherTopic;VCAA;1959;NULL;"2025-12-01 14:31:04";"2025-12-01 14:31:04"
019adaf7-cd95-72b2-8d3b-5078259fa99e;teto;otherTopic;VCAA;1145;NULL;"2025-12-01 14:31:04";"2025-12-01 14:31:04"
019adaf7-ce02-7379-bdc2-60dfe0bb52bb;toldos;otherTopic;VCAA;1160;NULL;"2025-12-01 14:31:04";"2025-12-01 14:31:04"
019adaf7-ce6e-71a5-a01c-62f219705b0e;velária;otherTopic;VCAA;6796;NULL;"2025-12-01 14:31:04";"2025-12-01 14:31:04"
019adaf7-d012-7297-b551-9e0608ca4a33;"bacia (elemento construtivo)";otherTopic;VCAA;1970;NULL;"2025-12-01 14:31:05";"2025-12-01 14:31:05"
019adaf7-d084-723d-9346-7827934088c7;balanços;otherTopic;VCAA;1971;NULL;"2025-12-01 14:31:05";"2025-12-01 14:31:05"
019adaf7-d0f2-70db-94df-5f50c8cd6102;balaustradas;otherTopic;VCAA;1972;NULL;"2025-12-01 14:31:05";"2025-12-01 14:31:05"
019adaf7-d160-7381-bcb4-d5a638390487;balaústres;otherTopic;VCAA;1973;NULL;"2025-12-01 14:31:05";"2025-12-01 14:31:05"
019adaf7-d1cd-704c-94c5-185cd5158473;balcões;otherTopic;VCAA;212;NULL;"2025-12-01 14:31:05";"2025-12-01 14:31:05"
019adaf7-d23a-7373-acc7-31f865e8265c;"cachorro (elemento construtivo)";otherTopic;VCAA;1974;NULL;"2025-12-01 14:31:05";"2025-12-01 14:31:05"
019adaf7-d2a8-709c-b08e-2d90ee86eaa9;dossel;otherTopic;VCAA;1975;NULL;"2025-12-01 14:31:05";"2025-12-01 14:31:05"
019adaf7-d315-7006-bb12-b1549f8a8076;marquises;otherTopic;VCAA;746;NULL;"2025-12-01 14:31:05";"2025-12-01 14:31:05"
019adaf7-d382-7243-910e-2d406968be01;pingadeira;otherTopic;VCAA;911;NULL;"2025-12-01 14:31:05";"2025-12-01 14:31:05"
019adaf7-d3f0-7086-900e-ab0dd418be48;sacadas;otherTopic;VCAA;1052;NULL;"2025-12-01 14:31:06";"2025-12-01 14:31:06"
019adaf7-d45d-700a-8125-d744d74d9c0d;varandas;otherTopic;VCAA;1200;NULL;"2025-12-01 14:31:06";"2025-12-01 14:31:06"
019adaf7-d608-72e0-be9d-0b5779ac88a0;belvedere;otherTopic;VCAA;242;NULL;"2025-12-01 14:31:06";"2025-12-01 14:31:06"
019adaf7-d670-7182-86af-a0ec00f2d5ac;campanários;otherTopic;VCAA;1977;NULL;"2025-12-01 14:31:06";"2025-12-01 14:31:06"
019adaf7-d6dc-7323-bc70-84f1ee78359a;lanternim;otherTopic;VCAA;1979;NULL;"2025-12-01 14:31:06";"2025-12-01 14:31:06"
019adaf7-d889-70e7-ae76-716ce0f10dae;adornos;otherTopic;VCAA;109;NULL;"2025-12-01 14:31:07";"2025-12-01 14:31:07"
019adaf7-d8fe-706f-846b-4cbddd35e846;altos-relevos;otherTopic;VCAA;73;NULL;"2025-12-01 14:31:07";"2025-12-01 14:31:07"
019adaf7-d96b-7150-8b83-2d38d327a017;armoriado;otherTopic;VCAA;155;NULL;"2025-12-01 14:31:07";"2025-12-01 14:31:07"
019adaf7-d9d9-735c-95ce-09e29ee6b69d;brasão;otherTopic;VCAA;256;NULL;"2025-12-01 14:31:07";"2025-12-01 14:31:07"
019adaf7-da48-736e-afd8-1aa550d45f94;coroamento;otherTopic;VCAA;413;NULL;"2025-12-01 14:31:07";"2025-12-01 14:31:07"
019adaf7-dab5-715d-a051-de7682436d79;estátuas;otherTopic;VCAA;533;NULL;"2025-12-01 14:31:07";"2025-12-01 14:31:07"
019adaf7-db23-733e-b35f-47e4c27922d7;gárgula;otherTopic;VCAA;608;NULL;"2025-12-01 14:31:07";"2025-12-01 14:31:07"
019adaf7-db92-737f-b8ca-3f4c5d1a5cb7;lambrequim;otherTopic;VCAA;1982;NULL;"2025-12-01 14:31:08";"2025-12-01 14:31:08"
019adaf7-dc02-70d1-b0f4-eee7d443d7fd;"molduras (elemento construtivo)";otherTopic;VCAA;774;NULL;"2025-12-01 14:31:08";"2025-12-01 14:31:08"
019adaf7-dc6f-73b6-867d-9eca7dac4d83;ornamentos;otherTopic;VCAA;3573;NULL;"2025-12-01 14:31:08";"2025-12-01 14:31:08"
019adaf7-dcdc-72b4-ba97-20dbeef201a8;ornato;otherTopic;VCAA;816;NULL;"2025-12-01 14:31:08";"2025-12-01 14:31:08"
019adaf7-dd4a-71a3-a9e7-65d41987505f;pilastras;otherTopic;VCAA;906;NULL;"2025-12-01 14:31:08";"2025-12-01 14:31:08"
019adaf7-ddb7-7020-a400-6f8af61a580b;retábulo;otherTopic;VCAA;1038;NULL;"2025-12-01 14:31:08";"2025-12-01 14:31:08"
019adaf7-df55-70fa-a2c6-8ed8dbae9004;alpendres;otherTopic;VCAA;125;NULL;"2025-12-01 14:31:09";"2025-12-01 14:31:09"
019adaf7-dfcb-705c-8bb9-c569424a1185;nicho;otherTopic;VCAA;798;NULL;"2025-12-01 14:31:09";"2025-12-01 14:31:09"
019adaf7-e167-72f1-8741-a5c91566bd6b;"estruturas arqueadas";otherTopic;VCAA;2021;NULL;"2025-12-01 14:31:09";"2025-12-01 14:31:09"
019adaf7-e1db-70ee-9279-ba3f67380f8c;pórtico;otherTopic;VCAA;973;NULL;"2025-12-01 14:31:09";"2025-12-01 14:31:09"
019adaf7-e380-7295-b9dd-d05f403156af;arquitraves;otherTopic;VCAA;182;NULL;"2025-12-01 14:31:10";"2025-12-01 14:31:10"
019adaf7-e3f2-7018-85bf-35e56c13d3b9;baldrames;otherTopic;VCAA;214;NULL;"2025-12-01 14:31:10";"2025-12-01 14:31:10"
019adaf7-e45f-7173-a291-519d66e4cad3;baluartes;otherTopic;VCAA;217;NULL;"2025-12-01 14:31:10";"2025-12-01 14:31:10"
019adaf7-e4ce-7237-bd12-beca9f7da32d;base;otherTopic;VCAA;1992;NULL;"2025-12-01 14:31:10";"2025-12-01 14:31:10"
019adaf7-e53d-7162-9a1a-292c71be7a83;cabos;otherTopic;VCAA;1993;NULL;"2025-12-01 14:31:10";"2025-12-01 14:31:10"
019adaf7-e5ab-72dc-9b6b-11f4a8c8a740;cercados;otherTopic;VCAA;2156;NULL;"2025-12-01 14:31:10";"2025-12-01 14:31:10"
019adaf7-e617-7340-b887-db49314993fc;colunas;otherTopic;VCAA;1994;NULL;"2025-12-01 14:31:10";"2025-12-01 14:31:10"
019adaf7-e685-70f2-80f9-773dc2f2e64a;escora;otherTopic;VCAA;507;NULL;"2025-12-01 14:31:10";"2025-12-01 14:31:10"
019adaf7-e6f3-72c9-a1a8-57f436c5502a;muros;otherTopic;VCAA;1998;NULL;"2025-12-01 14:31:10";"2025-12-01 14:31:10"
019adaf7-e760-70ed-b56d-6ac875ee5e86;palafita;otherTopic;VCAA;836;NULL;"2025-12-01 14:31:11";"2025-12-01 14:31:11"
019adaf7-e7cf-7065-87f4-cfaa7c08e76f;pilares;otherTopic;VCAA;904;NULL;"2025-12-01 14:31:11";"2025-12-01 14:31:11"
019adaf7-e83d-7183-ad33-e155e955c0df;pilotis;otherTopic;VCAA;907;NULL;"2025-12-01 14:31:11";"2025-12-01 14:31:11"
019adaf7-e8aa-7206-a938-972b1b810314;tirantes;otherTopic;VCAA;1158;NULL;"2025-12-01 14:31:11";"2025-12-01 14:31:11"
019adaf7-e918-73fe-96e1-304372480ad9;vigas;otherTopic;VCAA;1220;NULL;"2025-12-01 14:31:11";"2025-12-01 14:31:11"
019adaf7-eadb-71d7-9b89-d30c16e4abcc;"anel de concreto";otherTopic;VCAA;1813;NULL;"2025-12-01 14:31:11";"2025-12-01 14:31:11"
019adaf7-eb4b-73b0-a050-865c89fd6569;"concreto armado";otherTopic;VCAA;390;NULL;"2025-12-01 14:31:12";"2025-12-01 14:31:12"
019adaf7-ebb9-7121-9373-5f1059bd8896;"concreto moldado";otherTopic;VCAA;5883;NULL;"2025-12-01 14:31:12";"2025-12-01 14:31:12"
019adaf7-ec27-70ed-8543-9f1dd17e1830;"estruturas de concreto armado";otherTopic;VCAA;2969;NULL;"2025-12-01 14:31:12";"2025-12-01 14:31:12"
019adaf7-ec95-7359-9efd-d6c916ca46de;"painéis pré-moldados";otherTopic;VCAA;2972;NULL;"2025-12-01 14:31:12";"2025-12-01 14:31:12"
019adaf7-ee35-724e-9c1c-13b8dd621424;madeiramento;otherTopic;VCAA;734;NULL;"2025-12-01 14:31:12";"2025-12-01 14:31:12"
019adaf7-eeaa-73a0-9a3c-95d88e2dfaab;pau-a-pique;otherTopic;VCAA;874;NULL;"2025-12-01 14:31:12";"2025-12-01 14:31:12"
019adaf7-f034-710c-97ba-9291a9e58818;cunhal;otherTopic;VCAA;427;NULL;"2025-12-01 14:31:13";"2025-12-01 14:31:13"
019adaf7-f0ad-70c2-ac63-567b6d327343;divisórias;otherTopic;VCAA;445;NULL;"2025-12-01 14:31:13";"2025-12-01 14:31:13"
019adaf7-f118-72b0-ad2f-b8e31401b33c;empena;otherTopic;VCAA;473;NULL;"2025-12-01 14:31:13";"2025-12-01 14:31:13"
019adaf7-f185-714f-b223-cf38c8965f2e;encaixe;otherTopic;VCAA;477;NULL;"2025-12-01 14:31:13";"2025-12-01 14:31:13"
019adaf7-f1f3-7328-b885-c9bbda48c219;enxaimel;otherTopic;VCAA;491;NULL;"2025-12-01 14:31:13";"2025-12-01 14:31:13"
019adaf7-f25d-73a9-af41-b2c4d9812858;grade;otherTopic;VCAA;616;NULL;"2025-12-01 14:31:13";"2025-12-01 14:31:13"
019adaf7-f2cc-7007-9031-2db6b8d235f6;muxarabis;otherTopic;VCAA;792;NULL;"2025-12-01 14:31:13";"2025-12-01 14:31:13"
019adaf7-f339-72c3-97f9-eae75f439cba;painéis;otherTopic;VCAA;824;NULL;"2025-12-01 14:31:14";"2025-12-01 14:31:14"
019adaf7-f3a7-72b9-8d1e-c0ab76a0fef8;paredes;otherTopic;VCAA;853;NULL;"2025-12-01 14:31:14";"2025-12-01 14:31:14"
019adaf7-f416-73eb-9c54-6a61574e08ff;portinhola;otherTopic;VCAA;974;NULL;"2025-12-01 14:31:14";"2025-12-01 14:31:14"
019adaf7-f5a4-73fb-b5bb-75e935836bd3;"estruturas metálicas pré-fabricadas";otherTopic;VCAA;2028;NULL;"2025-12-01 14:31:14";"2025-12-01 14:31:14"
019adaf7-f74b-71d8-944f-c5e31f7f5f67;"estruturas pré-moldadas";otherTopic;VCAA;2031;NULL;"2025-12-01 14:31:15";"2025-12-01 14:31:15"
019adaf7-f8ec-73c5-8857-a4cf2f69c3a6;"ordem aeólica";otherTopic;VCAA;6718;NULL;"2025-12-01 14:31:15";"2025-12-01 14:31:15"
019adaf7-f957-7027-bb9d-47804fa91a27;"Ordem colossal";otherTopic;VCAA;6720;NULL;"2025-12-01 14:31:15";"2025-12-01 14:31:15"
019adaf7-f9c5-72f7-b5a4-55becb4db7f7;"Ordem francesa";otherTopic;VCAA;6728;NULL;"2025-12-01 14:31:15";"2025-12-01 14:31:15"
019adaf7-fa32-7006-aa48-2601451e47fc;"Ordem salomônica";otherTopic;VCAA;6714;NULL;"2025-12-01 14:31:15";"2025-12-01 14:31:15"
019adaf7-faa1-72ef-b15b-4c0a2f2fa9fe;"ordens clássicas";otherTopic;VCAA;6730;NULL;"2025-12-01 14:31:16";"2025-12-01 14:31:16"
019adaf7-fc50-71ed-804e-a4048781ab8e;"áreas de circulação interna";otherTopic;VCAA;360;NULL;"2025-12-01 14:31:16";"2025-12-01 14:31:16"
019adaf7-fcc3-72fb-9217-29ab5782898f;deck;otherTopic;VCAA;2004;NULL;"2025-12-01 14:31:16";"2025-12-01 14:31:16"
019adaf7-fd30-72ca-8c49-6ebc0559527a;desnível;otherTopic;VCAA;443;NULL;"2025-12-01 14:31:16";"2025-12-01 14:31:16"
019adaf7-fd9b-7174-89ce-8127d313bc3a;rampas;otherTopic;VCAA;1016;NULL;"2025-12-01 14:31:16";"2025-12-01 14:31:16"
019adaf7-ff37-7152-ab6c-f3ed35958e1b;"pré fabricado cerâmico";otherTopic;VCAA;989;NULL;"2025-12-01 14:31:17";"2025-12-01 14:31:17"
019adaf8-00da-73d1-92b4-6ee37d86efdc;abertura;otherTopic;VCAA;51;NULL;"2025-12-01 14:31:17";"2025-12-01 14:31:17"
019adaf8-0145-72ae-b721-a6b3f5e9200b;caixilhos;otherTopic;VCAA;277;NULL;"2025-12-01 14:31:17";"2025-12-01 14:31:17"
019adaf8-01b3-709a-b55b-8f80459d7b25;esquadrias;otherTopic;VCAA;519;NULL;"2025-12-01 14:31:17";"2025-12-01 14:31:17"
019adaf8-0221-701a-b5ec-ef7fdd0407c4;guarnições;otherTopic;VCAA;634;NULL;"2025-12-01 14:31:17";"2025-12-01 14:31:17"
019adaf8-028e-73b8-ba9c-e7ae821d7de1;janelas;otherTopic;VCAA;2207;NULL;"2025-12-01 14:31:18";"2025-12-01 14:31:18"
019adaf8-02fb-729e-9562-3b861cb1a3b5;óculo;otherTopic;VCAA;805;NULL;"2025-12-01 14:31:18";"2025-12-01 14:31:18"
019adaf8-0369-720d-be8e-0ff6814f1747;ombreira;otherTopic;VCAA;808;NULL;"2025-12-01 14:31:18";"2025-12-01 14:31:18"
019adaf8-03d9-7195-a455-8e51a18825c7;portada;otherTopic;VCAA;964;NULL;"2025-12-01 14:31:18";"2025-12-01 14:31:18"
019adaf8-0445-73a0-bb55-bc4134c27312;portal;otherTopic;VCAA;2241;NULL;"2025-12-01 14:31:18";"2025-12-01 14:31:18"
019adaf8-04b1-7185-97ee-8949b2e74981;portas;otherTopic;VCAA;954;NULL;"2025-12-01 14:31:18";"2025-12-01 14:31:18"
019adaf8-051e-71a2-aba1-62d3180b8421;portões;otherTopic;VCAA;967;NULL;"2025-12-01 14:31:18";"2025-12-01 14:31:18"
019adaf8-058c-7155-9a60-964605fb3f72;rótula;otherTopic;VCAA;1049;NULL;"2025-12-01 14:31:18";"2025-12-01 14:31:18"
019adaf8-05f8-710d-b24c-1994771766ea;sineira;otherTopic;VCAA;3140;NULL;"2025-12-01 14:31:18";"2025-12-01 14:31:18"
019adaf8-0664-7290-a546-0222270e9cd5;"vão livre";otherTopic;VCAA;1199;NULL;"2025-12-01 14:31:19";"2025-12-01 14:31:19"
019adaf8-06d2-7215-8bd2-6d888634bf5a;verga;otherTopic;VCAA;1205;NULL;"2025-12-01 14:31:19";"2025-12-01 14:31:19"
019adaf8-086e-72e6-9416-2a3ceb225623;playgrounds;otherTopic;VCAA;946;NULL;"2025-12-01 14:31:19";"2025-12-01 14:31:19"
019adaf8-09fc-71d8-b2d0-d32f47a19106;trilho;otherTopic;VCAA;1185;NULL;"2025-12-01 14:31:19";"2025-12-01 14:31:19"
019adaf8-0bb8-733a-a424-c39e85daeab6;"via especial";otherTopic;VCAA;2345;NULL;"2025-12-01 14:31:20";"2025-12-01 14:31:20"
019adaf8-0c27-7376-b25c-cf616df4db12;"via secundária";otherTopic;VCAA;2343;NULL;"2025-12-01 14:31:20";"2025-12-01 14:31:20"
019adaf8-0db8-701e-91aa-507fa0261a3a;Adinkra;otherTopic;VCAA;2619;NULL;"2025-12-01 14:31:20";"2025-12-01 14:31:20"
019adaf8-0f60-7034-978f-d19c517e545f;praxinoscópios;otherTopic;VCAA;4798;NULL;"2025-12-01 14:31:21";"2025-12-01 14:31:21"
019adaf8-1194-72c4-bcee-4b8079fadddc;"filme 16mm";otherTopic;VCAA;7291;NULL;"2025-12-01 14:31:21";"2025-12-01 14:31:21"
019adaf8-1204-724a-86e1-c138d9080d44;"filme 35mm";otherTopic;VCAA;7292;NULL;"2025-12-01 14:31:21";"2025-12-01 14:31:21"
019adaf8-1272-73f2-b214-b2ce55ca273a;"filme super 8";otherTopic;VCAA;4112;NULL;"2025-12-01 14:31:22";"2025-12-01 14:31:22"
019adaf8-1421-7294-9fa2-6463725975b4;"animações (obras vivas)";otherTopic;VCAA;2777;NULL;"2025-12-01 14:31:22";"2025-12-01 14:31:22"
019adaf8-149a-718d-8d87-4efa9ab0c31d;"anime (gênero)";otherTopic;VCAA;7383;NULL;"2025-12-01 14:31:22";"2025-12-01 14:31:22"
019adaf8-1505-7251-a657-c8cf79defc5d;"film de arte";otherTopic;VCAA;4092;NULL;"2025-12-01 14:31:22";"2025-12-01 14:31:22"
019adaf8-1572-73c8-9dcb-68f241fdcdad;"film noir";otherTopic;VCAA;3878;NULL;"2025-12-01 14:31:22";"2025-12-01 14:31:22"
019adaf8-15e0-7213-ac0a-7dc95bedf574;"filme b";otherTopic;VCAA;3879;NULL;"2025-12-01 14:31:22";"2025-12-01 14:31:22"
019adaf8-164d-71cb-a026-505cd12f19b6;"filme biográfico";otherTopic;VCAA;4094;NULL;"2025-12-01 14:31:23";"2025-12-01 14:31:23"
019adaf8-16bb-7157-bd60-e36cdcdd3296;"filme catástrofe";otherTopic;VCAA;3880;NULL;"2025-12-01 14:31:23";"2025-12-01 14:31:23"
019adaf8-1728-72b8-9d3e-9e19a5a5de70;"filme científico";otherTopic;VCAA;4095;NULL;"2025-12-01 14:31:23";"2025-12-01 14:31:23"
019adaf8-1794-7057-bd2b-0e9f1da60f2d;"filme cult";otherTopic;VCAA;3881;NULL;"2025-12-01 14:31:23";"2025-12-01 14:31:23"
019adaf8-1802-7177-adec-9b0698232ad3;"filme de arte marcial";otherTopic;VCAA;4099;NULL;"2025-12-01 14:31:23";"2025-12-01 14:31:23"
019adaf8-1870-73b7-a6d6-a12bb8c21b63;"filme de aventura";otherTopic;VCAA;3882;NULL;"2025-12-01 14:31:23";"2025-12-01 14:31:23"
019adaf8-18de-73b7-bc5f-dfc4299eb681;"filme de curta metragem";otherTopic;VCAA;4100;NULL;"2025-12-01 14:31:23";"2025-12-01 14:31:23"
019adaf8-194b-70cc-a7cb-612e89f55de9;"filme de detetive";otherTopic;VCAA;3883;NULL;"2025-12-01 14:31:23";"2025-12-01 14:31:23"
019adaf8-19b9-72d1-987e-f18ce988962d;"filme de esporte";otherTopic;VCAA;4101;NULL;"2025-12-01 14:31:23";"2025-12-01 14:31:23"
019adaf8-1a25-70d2-9a3d-6168aee4565b;"filme de gangster";otherTopic;VCAA;3884;NULL;"2025-12-01 14:31:24";"2025-12-01 14:31:24"
019adaf8-1a93-72df-af3a-e8a269dbbc78;"filme de guerra";otherTopic;VCAA;4102;NULL;"2025-12-01 14:31:24";"2025-12-01 14:31:24"
019adaf8-1b01-71ed-9c30-cf5bb5932f45;"filme de propaganda";otherTopic;VCAA;7279;NULL;"2025-12-01 14:31:24";"2025-12-01 14:31:24"
019adaf8-1b6c-731c-89db-e003575b44e6;"filme educativo";otherTopic;VCAA;7280;NULL;"2025-12-01 14:31:24";"2025-12-01 14:31:24"
019adaf8-1bda-7386-910a-3891c97ed2c4;"filme erótico";otherTopic;VCAA;7282;NULL;"2025-12-01 14:31:24";"2025-12-01 14:31:24"
019adaf8-1c48-7083-9e5c-949c171c8359;"filme policial";otherTopic;VCAA;7286;NULL;"2025-12-01 14:31:24";"2025-12-01 14:31:24"
019adaf8-1cb4-710f-a9ad-ec42fef64262;"filme pornográfico";otherTopic;VCAA;7287;NULL;"2025-12-01 14:31:24";"2025-12-01 14:31:24"
019adaf8-1d21-72c7-ae77-5dbcbe16a5ea;"filme religioso";otherTopic;VCAA;4111;NULL;"2025-12-01 14:31:24";"2025-12-01 14:31:24"
019adaf8-1d8e-72bb-8c79-1078e45b541a;"filme romântico";otherTopic;VCAA;7289;NULL;"2025-12-01 14:31:24";"2025-12-01 14:31:24"
019adaf8-1dfa-70e9-a33d-68a097cc936a;"terror (gênero)";otherTopic;VCAA;4964;NULL;"2025-12-01 14:31:25";"2025-12-01 14:31:25"
019adaf8-1e68-7381-8894-d22b82cb1554;"trick films";otherTopic;VCAA;4975;NULL;"2025-12-01 14:31:25";"2025-12-01 14:31:25"
019adaf8-1ed5-713c-a96f-1e1d46e83f53;western;otherTopic;VCAA;5049;NULL;"2025-12-01 14:31:25";"2025-12-01 14:31:25"
019adaf8-2079-703b-9d62-4d5b0120dbe5;"escola de new york";otherTopic;VCAA;4001;NULL;"2025-12-01 14:31:25";"2025-12-01 14:31:25"
019adaf8-20e7-7158-a2ad-f5e2e93b9c36;intimismo;otherTopic;VCAA;4297;NULL;"2025-12-01 14:31:25";"2025-12-01 14:31:25"
019adaf8-2155-7227-8f93-aa4077ce9775;"nouvelle vague";otherTopic;VCAA;4710;NULL;"2025-12-01 14:31:25";"2025-12-01 14:31:25"
019adaf8-21c4-70b1-b55b-6ebb671f1055;"realismo poético";otherTopic;VCAA;4848;NULL;"2025-12-01 14:31:26";"2025-12-01 14:31:26"
019adaf8-2371-713b-bf8b-bdd2a4b6e4f1;cinematógrafos;otherTopic;VCAA;3324;NULL;"2025-12-01 14:31:26";"2025-12-01 14:31:26"
019adaf8-23da-70d8-a98a-b31ab43ecde0;cronofotografias;otherTopic;VCAA;3833;NULL;"2025-12-01 14:31:26";"2025-12-01 14:31:26"
019adaf8-2447-7309-9c6d-b5867d7e63eb;fenaquisticópios;otherTopic;VCAA;3788;NULL;"2025-12-01 14:31:26";"2025-12-01 14:31:26"
019adaf8-24b5-7223-a9f1-f7e2678e76c3;quinetoscópio;otherTopic;VCAA;4838;NULL;"2025-12-01 14:31:26";"2025-12-01 14:31:26"
019adaf8-2523-7023-826e-1f9de3ce5fc0;taumatrópio;otherTopic;VCAA;4921;NULL;"2025-12-01 14:31:26";"2025-12-01 14:31:26"
019adaf8-2591-7010-af02-996e9da2c016;zootrópios;otherTopic;VCAA;5058;NULL;"2025-12-01 14:31:26";"2025-12-01 14:31:26"
019adaf8-2720-7359-9833-0b4ebdefe96d;"lanternas mágicas";otherTopic;VCAA;4349;NULL;"2025-12-01 14:31:27";"2025-12-01 14:31:27"
019adaf8-2797-71a6-9c37-54f2d0005939;"sombra chinesa";otherTopic;VCAA;5171;NULL;"2025-12-01 14:31:27";"2025-12-01 14:31:27"
019adaf8-2937-73e0-beb2-1418db0a1400;"escola de brighton";otherTopic;VCAA;3560;NULL;"2025-12-01 14:31:27";"2025-12-01 14:31:27"
019adaf8-2adf-7032-b26a-b3d45c9d1b7f;"estúdios cinematográficos";otherTopic;VCAA;4063;NULL;"2025-12-01 14:31:28";"2025-12-01 14:31:28"
019adaf8-2b51-736f-8cc0-3526cdacf5dd;"exibição de filmes";otherTopic;VCAA;3719;NULL;"2025-12-01 14:31:28";"2025-12-01 14:31:28"
019adaf8-2bbe-7331-bc1d-203797965c11;"exportação de filmes";otherTopic;VCAA;4068;NULL;"2025-12-01 14:31:28";"2025-12-01 14:31:28"
019adaf8-2c2b-70f5-a3ba-7797c9777d39;hollywood;otherTopic;VCAA;4232;NULL;"2025-12-01 14:31:28";"2025-12-01 14:31:28"
019adaf8-2dc3-706d-bdad-d6460d40d4b5;"animação com figuras de argila";otherTopic;VCAA;2685;NULL;"2025-12-01 14:31:29";"2025-12-01 14:31:29"
019adaf8-2e2f-71fc-b304-0c793dd76fce;"animação de bonecos";otherTopic;VCAA;2655;NULL;"2025-12-01 14:31:29";"2025-12-01 14:31:29"
019adaf8-2e9d-73e2-9af8-cb1160f83656;"animação por computador";otherTopic;VCAA;2775;NULL;"2025-12-01 14:31:29";"2025-12-01 14:31:29"
019adaf8-2f0c-738a-b047-80641b145b94;"animação sem câmera";otherTopic;VCAA;2657;NULL;"2025-12-01 14:31:29";"2025-12-01 14:31:29"
019adaf8-2f78-70f8-81ab-9c7b65eedb3f;"anime (técnica)";otherTopic;VCAA;2659;NULL;"2025-12-01 14:31:29";"2025-12-01 14:31:29"
019adaf8-2fe7-70f7-a115-fb57aebd51d2;table-top;otherTopic;VCAA;5182;NULL;"2025-12-01 14:31:29";"2025-12-01 14:31:29"
019adaf8-317a-728a-9705-cf7acc1ed36c;"locação natural";otherTopic;VCAA;4408;NULL;"2025-12-01 14:31:30";"2025-12-01 14:31:30"
019adaf8-3316-72b9-836d-15ee2f6ab7bc;casting;otherTopic;VCAA;3260;NULL;"2025-12-01 14:31:30";"2025-12-01 14:31:30"
019adaf8-3383-728e-a393-b40f6523b3d7;coprodução;otherTopic;VCAA;3364;NULL;"2025-12-01 14:31:30";"2025-12-01 14:31:30"
019adaf8-3511-7102-9ddb-82748d281f54;"adaptação para cinema";otherTopic;VCAA;2597;NULL;"2025-12-01 14:31:30";"2025-12-01 14:31:30"
019adaf8-358a-727b-912e-a9ce6b83bbe5;argumento;otherTopic;VCAA;2713;NULL;"2025-12-01 14:31:31";"2025-12-01 14:31:31"
019adaf8-35f8-7242-8f4e-373872801292;"autoria (cinema)";otherTopic;VCAA;3178;NULL;"2025-12-01 14:31:31";"2025-12-01 14:31:31"
019adaf8-37b1-704e-a91b-9c9ee4429911;dublagem;otherTopic;VCAA;3492;NULL;"2025-12-01 14:31:31";"2025-12-01 14:31:31"
019adaf8-381e-73b7-b6f6-7f9c2c1c090d;"efeitos sonoros";otherTopic;VCAA;6688;NULL;"2025-12-01 14:31:31";"2025-12-01 14:31:31"
019adaf8-388b-71b7-8260-cfab67a9bd1f;"som direto (cinema)";otherTopic;VCAA;4904;NULL;"2025-12-01 14:31:31";"2025-12-01 14:31:31"
019adaf8-38f8-71d9-b57a-2dafb6ded40f;"trilhas sonoras";otherTopic;VCAA;4976;NULL;"2025-12-01 14:31:31";"2025-12-01 14:31:31"
019adaf8-3a97-7070-818e-cabe339267f2;"linguagem cinematográfica";otherTopic;VCAA;4385;NULL;"2025-12-01 14:31:32";"2025-12-01 14:31:32"
019adaf8-3b0d-71a8-8f0e-c53f3d1b828a;"linguagens não narrativas";otherTopic;VCAA;4387;NULL;"2025-12-01 14:31:32";"2025-12-01 14:31:32"
019adaf8-3b7a-7382-a59f-d85c877db339;"narrativa cinematográfica";otherTopic;VCAA;4501;NULL;"2025-12-01 14:31:32";"2025-12-01 14:31:32"
019adaf8-3d0a-721c-9b7d-5b3740fa1409;estrelato;otherTopic;VCAA;3708;NULL;"2025-12-01 14:31:33";"2025-12-01 14:31:33"
019adaf8-3ea3-7323-8b81-0050521e1152;"academias de balé";otherTopic;VCAA;2563;NULL;"2025-12-01 14:31:33";"2025-12-01 14:31:33"
019adaf8-3f14-71bb-89e8-583d7261df59;"balé clássico";otherTopic;VCAA;3534;NULL;"2025-12-01 14:31:33";"2025-12-01 14:31:33"
019adaf8-3f81-723e-8821-2352b593a797;"balé moderno";otherTopic;VCAA;3186;NULL;"2025-12-01 14:31:33";"2025-12-01 14:31:33"
019adaf8-3fed-720c-a518-94ec9dc30d75;"companhias de balé";otherTopic;VCAA;3782;NULL;"2025-12-01 14:31:33";"2025-12-01 14:31:33"
019adaf8-405a-731d-b32c-12f87654807e;"enredos de balé";otherTopic;VCAA;3989;NULL;"2025-12-01 14:31:33";"2025-12-01 14:31:33"
019adaf8-40c8-7009-bdee-98e4814a09ca;"história do balé";otherTopic;VCAA;4244;NULL;"2025-12-01 14:31:33";"2025-12-01 14:31:33"
019adaf8-4135-70a0-a729-513e77857baa;"técnicas de balé";otherTopic;VCAA;5312;NULL;"2025-12-01 14:31:34";"2025-12-01 14:31:34"
019adaf8-42de-73df-a56f-ec1079ee2920;frevo;otherTopic;VCAA;4150;NULL;"2025-12-01 14:31:34";"2025-12-01 14:31:34"
019adaf8-4474-720b-bd87-c8c223f3972e;fantoches;otherTopic;VCAA;4078;NULL;"2025-12-01 14:31:34";"2025-12-01 14:31:34"
019adaf8-44e4-704d-9fab-eacc035a5981;marionetes;otherTopic;VCAA;4548;NULL;"2025-12-01 14:31:35";"2025-12-01 14:31:35"
019adaf8-4675-73dc-8206-1aab8fcb520b;"palco de arena";otherTopic;VCAA;4739;NULL;"2025-12-01 14:31:35";"2025-12-01 14:31:35"
019adaf8-46e9-703a-b9a8-a8598e97221c;"palco elizabetano";otherTopic;VCAA;4655;NULL;"2025-12-01 14:31:35";"2025-12-01 14:31:35"
019adaf8-4757-7194-b5ab-5720f41fd21b;"palco giratório";otherTopic;VCAA;4740;NULL;"2025-12-01 14:31:35";"2025-12-01 14:31:35"
019adaf8-47c4-73d5-a461-ebad5205f3b4;"palco italiano";otherTopic;VCAA;4656;NULL;"2025-12-01 14:31:35";"2025-12-01 14:31:35"
019adaf8-4832-73c6-96d3-ab2fb3d80de7;"palco rotativo";otherTopic;VCAA;4741;NULL;"2025-12-01 14:31:35";"2025-12-01 14:31:35"
019adaf8-49dc-7054-b2c6-e73af7f1575e;arremedilho;otherTopic;VCAA;2719;NULL;"2025-12-01 14:31:36";"2025-12-01 14:31:36"
019adaf8-4b95-7218-a185-f73bde49cd7c;"teatro chinês";otherTopic;VCAA;5268;NULL;"2025-12-01 14:31:36";"2025-12-01 14:31:36"
019adaf8-4c0e-734b-b211-91e18c190b0a;"teatro indiano";otherTopic;VCAA;7345;NULL;"2025-12-01 14:31:36";"2025-12-01 14:31:36"
019adaf8-4c7d-72e8-97a2-2a3edf0f0dad;"teatro japonês";otherTopic;VCAA;4938;NULL;"2025-12-01 14:31:36";"2025-12-01 14:31:36"
019adaf8-4e45-723d-9ec6-e3e12e438bc8;"jogos dramáticos";otherTopic;VCAA;4303;NULL;"2025-12-01 14:31:37";"2025-12-01 14:31:37"
019adaf8-4fd4-7052-a5e8-bd04a9159dc3;"cerâmica ática";otherTopic;VCAA;7199;NULL;"2025-12-01 14:31:37";"2025-12-01 14:31:37"
019adaf8-504a-7029-b121-0a192ee6b41a;"cerâmica grega arcaica";otherTopic;VCAA;7120;NULL;"2025-12-01 14:31:37";"2025-12-01 14:31:37"
019adaf8-50b7-7233-93ba-5b681c955025;"cerâmica micênica";otherTopic;VCAA;7125;NULL;"2025-12-01 14:31:38";"2025-12-01 14:31:38"
019adaf8-5253-7172-828d-0d7bdea9062d;"cerâmica karajá";otherTopic;VCAA;7123;NULL;"2025-12-01 14:31:38";"2025-12-01 14:31:38"
019adaf8-52ca-72d0-831b-f140a6dfda78;"cerâmica marajoara";otherTopic;VCAA;7124;NULL;"2025-12-01 14:31:38";"2025-12-01 14:31:38"
019adaf8-5338-7125-84f9-e12d01d0bb2c;"cerâmica santarém";otherTopic;VCAA;3732;NULL;"2025-12-01 14:31:38";"2025-12-01 14:31:38"
019adaf8-54ec-708d-ad4b-a8e9db3c0dbb;ânforas;otherTopic;VCAA;2679;NULL;"2025-12-01 14:31:39";"2025-12-01 14:31:39"
019adaf8-555c-7119-9753-ea0c63dd94e8;faiança;otherTopic;VCAA;4076;NULL;"2025-12-01 14:31:39";"2025-12-01 14:31:39"
019adaf8-55ca-709d-9b22-d29504a427d2;lécitos;otherTopic;VCAA;4350;NULL;"2025-12-01 14:31:39";"2025-12-01 14:31:39"
019adaf8-5638-7235-b961-3ce7275722e4;"vasos gregos";otherTopic;VCAA;5220;NULL;"2025-12-01 14:31:39";"2025-12-01 14:31:39"
019adaf8-56a5-726b-83e1-20f60f309e24;"vasos hadra";otherTopic;VCAA;7140;NULL;"2025-12-01 14:31:39";"2025-12-01 14:31:39"
019adaf8-5712-7126-8d2f-7db384fe6c0d;"vasos helenísticos";otherTopic;VCAA;7141;NULL;"2025-12-01 14:31:39";"2025-12-01 14:31:39"
019adaf8-5780-702d-88ca-4357261052b5;"vasos romanos";otherTopic;VCAA;7142;NULL;"2025-12-01 14:31:39";"2025-12-01 14:31:39"
019adaf8-592f-71b0-b6a3-f3e2a060b330;"cadernos de esboços";otherTopic;VCAA;3228;NULL;"2025-12-01 14:31:40";"2025-12-01 14:31:40"
019adaf8-59a5-7309-97d5-cd162036dc03;"desenho a bico de pena";otherTopic;VCAA;7245;NULL;"2025-12-01 14:31:40";"2025-12-01 14:31:40"
019adaf8-5a13-73d0-8ae1-57aa02aa6897;"desenho a carvão";otherTopic;VCAA;7246;NULL;"2025-12-01 14:31:40";"2025-12-01 14:31:40"
019adaf8-5a80-724e-9e9e-e9139ff852e2;"desenho a craião";otherTopic;VCAA;7247;NULL;"2025-12-01 14:31:40";"2025-12-01 14:31:40"
019adaf8-5aed-70da-830d-78c408e5b66b;"desenho a grafite";otherTopic;VCAA;7248;NULL;"2025-12-01 14:31:40";"2025-12-01 14:31:40"
019adaf8-5b5a-71e8-9949-44bae85b95cf;"desenho a lápis";otherTopic;VCAA;7249;NULL;"2025-12-01 14:31:40";"2025-12-01 14:31:40"
019adaf8-5bc7-7254-86d8-2542c008a6cd;"desenho a lápis de cera";otherTopic;VCAA;7250;NULL;"2025-12-01 14:31:40";"2025-12-01 14:31:40"
019adaf8-5c35-71e5-bd90-2074ff6ab228;"desenho a nanquim";otherTopic;VCAA;7251;NULL;"2025-12-01 14:31:40";"2025-12-01 14:31:40"
019adaf8-5ca3-7370-a1e6-f0bdffd9e865;"desenho à sanguínea";otherTopic;VCAA;7252;NULL;"2025-12-01 14:31:41";"2025-12-01 14:31:41"
019adaf8-5d11-7211-bed9-d6ce6be10708;"desenho à sépia";otherTopic;VCAA;7253;NULL;"2025-12-01 14:31:41";"2025-12-01 14:31:41"
019adaf8-5d7f-7391-80c4-fc01e9ed862e;"desenho a traço";otherTopic;VCAA;7254;NULL;"2025-12-01 14:31:41";"2025-12-01 14:31:41"
019adaf8-5f27-70e9-929f-e5de287fdcea;"figura humana na arte";otherTopic;VCAA;3791;NULL;"2025-12-01 14:31:41";"2025-12-01 14:31:41"
019adaf8-60cd-718d-ae7b-6f487ab3859d;vestuário;otherTopic;VCAA;5000;NULL;"2025-12-01 14:31:42";"2025-12-01 14:31:42"
019adaf8-6281-7042-a81d-784593d6fe57;arabescos;otherTopic;VCAA;2793;NULL;"2025-12-01 14:31:42";"2025-12-01 14:31:42"
019adaf8-62f0-71f2-b2a4-405722f29414;pattern;otherTopic;VCAA;4750;NULL;"2025-12-01 14:31:42";"2025-12-01 14:31:42"
019adaf8-6484-7327-8603-74e3a48e05f5;"desenhos de gestos";otherTopic;VCAA;5897;NULL;"2025-12-01 14:31:43";"2025-12-01 14:31:43"
019adaf8-64f5-72c2-97f2-4ff5c878f973;tatuagens;otherTopic;VCAA;4918;NULL;"2025-12-01 14:31:43";"2025-12-01 14:31:43"
019adaf8-6692-7097-bffc-3e91d5972d4a;"ilustrações botânicas";otherTopic;VCAA;4310;NULL;"2025-12-01 14:31:43";"2025-12-01 14:31:43"
019adaf8-683c-714f-b484-a91b50912481;"escultura em aço";otherTopic;VCAA;509;NULL;"2025-12-01 14:31:44";"2025-12-01 14:31:44"
019adaf8-68ae-70fb-92ee-04365ee3437f;"escultura em acrílico";otherTopic;VCAA;3646;NULL;"2025-12-01 14:31:44";"2025-12-01 14:31:44"
019adaf8-691a-7168-9d85-2847e1cc9d8c;"escultura em alabastro";otherTopic;VCAA;4009;NULL;"2025-12-01 14:31:44";"2025-12-01 14:31:44"
019adaf8-6988-7152-a67c-277fa699d916;"escultura em alumínio";otherTopic;VCAA;3647;NULL;"2025-12-01 14:31:44";"2025-12-01 14:31:44"
019adaf8-69f5-703b-b7dd-d40793d84e32;"escultura em alvenaria";otherTopic;VCAA;4011;NULL;"2025-12-01 14:31:44";"2025-12-01 14:31:44"
019adaf8-6a62-73c9-b8b3-1cafd850f337;"escultura em arame";otherTopic;VCAA;3648;NULL;"2025-12-01 14:31:44";"2025-12-01 14:31:44"
019adaf8-6ad0-7190-91af-56acd9aae5e2;"escultura em areia";otherTopic;VCAA;4012;NULL;"2025-12-01 14:31:44";"2025-12-01 14:31:44"
019adaf8-6b3f-73a3-8751-d2ad29ba9ad1;"escultura em argila";otherTopic;VCAA;3649;NULL;"2025-12-01 14:31:44";"2025-12-01 14:31:44"
019adaf8-6bab-73c6-a079-51368f2ba7ca;"escultura em azeviche";otherTopic;VCAA;4013;NULL;"2025-12-01 14:31:44";"2025-12-01 14:31:44"
019adaf8-6c1a-7310-adb3-8dfe53e3e3d6;"escultura em barro";otherTopic;VCAA;3650;NULL;"2025-12-01 14:31:45";"2025-12-01 14:31:45"
019adaf8-6c86-707e-ae1c-9f42a5adfb46;"escultura em bronze";otherTopic;VCAA;511;NULL;"2025-12-01 14:31:45";"2025-12-01 14:31:45"
019adaf8-6cf2-717a-af45-1e07256c43fb;"escultura em calcario";otherTopic;VCAA;3651;NULL;"2025-12-01 14:31:45";"2025-12-01 14:31:45"
019adaf8-6d60-71ec-8c82-dbe60fd46cca;"escultura em celuloide";otherTopic;VCAA;4014;NULL;"2025-12-01 14:31:45";"2025-12-01 14:31:45"
019adaf8-6dcd-73e0-8619-65c00bab83bb;"escultura em cera";otherTopic;VCAA;3652;NULL;"2025-12-01 14:31:45";"2025-12-01 14:31:45"
019adaf8-6e3a-7024-b0f8-b5e135684cb0;"escultura em cerâmica";otherTopic;VCAA;4015;NULL;"2025-12-01 14:31:45";"2025-12-01 14:31:45"
019adaf8-6ea7-71b3-b1b6-8111b27f75ad;"escultura em chumbo";otherTopic;VCAA;3653;NULL;"2025-12-01 14:31:45";"2025-12-01 14:31:45"
019adaf8-6f13-72c6-908d-c25f2a60fe40;"escultura em cimento";otherTopic;VCAA;7208;NULL;"2025-12-01 14:31:45";"2025-12-01 14:31:45"
019adaf8-6f7f-7076-8d34-186b6124ca56;"escultura em cobre";otherTopic;VCAA;3654;NULL;"2025-12-01 14:31:45";"2025-12-01 14:31:45"
019adaf8-6fee-728d-b051-dcc943a26e27;"escultura em concreto";otherTopic;VCAA;4017;NULL;"2025-12-01 14:31:46";"2025-12-01 14:31:46"
019adaf8-705d-73e1-baf8-5dbb5828f216;"escultura em corda";otherTopic;VCAA;3655;NULL;"2025-12-01 14:31:46";"2025-12-01 14:31:46"
019adaf8-70c8-71d9-8dd2-5074d7067bb1;"escultura em cristal de rocha";otherTopic;VCAA;4018;NULL;"2025-12-01 14:31:46";"2025-12-01 14:31:46"
019adaf8-7134-7045-893c-dc55e930f772;"escultura em estanho";otherTopic;VCAA;3656;NULL;"2025-12-01 14:31:46";"2025-12-01 14:31:46"
019adaf8-71a2-73fc-9679-1ce6bf2e0b9b;"escultura em estuque";otherTopic;VCAA;4019;NULL;"2025-12-01 14:31:46";"2025-12-01 14:31:46"
019adaf8-720f-73c8-8db1-d2beeec21f79;"escultura em ferro";otherTopic;VCAA;3657;NULL;"2025-12-01 14:31:46";"2025-12-01 14:31:46"
019adaf8-727c-739f-be8d-4876221e84ce;"escultura em ferro batido";otherTopic;VCAA;4020;NULL;"2025-12-01 14:31:46";"2025-12-01 14:31:46"
019adaf8-72ea-71a5-a762-e4353e3f22ef;"escultura em fibra de vidro";otherTopic;VCAA;3658;NULL;"2025-12-01 14:31:46";"2025-12-01 14:31:46"
019adaf8-7357-722d-b18e-bc6cdeb7afc1;"escultura em gesso";otherTopic;VCAA;4021;NULL;"2025-12-01 14:31:46";"2025-12-01 14:31:46"
019adaf8-73c4-7234-9897-2a2c2bc2d045;"escultura em granito";otherTopic;VCAA;512;NULL;"2025-12-01 14:31:47";"2025-12-01 14:31:47"
019adaf8-7433-7166-a574-19950208478a;"escultura em jade";otherTopic;VCAA;4022;NULL;"2025-12-01 14:31:47";"2025-12-01 14:31:47"
019adaf8-74a0-7053-9a47-c588d99264d6;"escultura em latão";otherTopic;VCAA;3659;NULL;"2025-12-01 14:31:47";"2025-12-01 14:31:47"
019adaf8-750c-73f8-a81c-8f575275b324;"escultura em madeira";otherTopic;VCAA;4023;NULL;"2025-12-01 14:31:47";"2025-12-01 14:31:47"
019adaf8-757a-7118-89ed-564461ca8201;"escultura em marfim";otherTopic;VCAA;3660;NULL;"2025-12-01 14:31:47";"2025-12-01 14:31:47"
019adaf8-75e9-7029-a9aa-2f11b956762c;"escultura em mármore";otherTopic;VCAA;4025;NULL;"2025-12-01 14:31:47";"2025-12-01 14:31:47"
019adaf8-7656-7044-8262-a0ce686bb907;"escultura em metal";otherTopic;VCAA;3661;NULL;"2025-12-01 14:31:47";"2025-12-01 14:31:47"
019adaf8-76c3-72fd-821f-a5173222759b;"escultura em neon";otherTopic;VCAA;4026;NULL;"2025-12-01 14:31:47";"2025-12-01 14:31:47"
019adaf8-7731-737e-a7cb-ef901ff44682;"escultura em onix";otherTopic;VCAA;3662;NULL;"2025-12-01 14:31:47";"2025-12-01 14:31:47"
019adaf8-779e-7129-923b-f2c3980dd9d7;"escultura em osso";otherTopic;VCAA;4027;NULL;"2025-12-01 14:31:47";"2025-12-01 14:31:47"
019adaf8-780c-70ab-8d83-0f09baae2592;"escultura em ouro";otherTopic;VCAA;3663;NULL;"2025-12-01 14:31:48";"2025-12-01 14:31:48"
019adaf8-7879-7073-9487-40b52849479a;"escultura em papel";otherTopic;VCAA;4028;NULL;"2025-12-01 14:31:48";"2025-12-01 14:31:48"
019adaf8-78e7-7084-b71e-363650db29ad;"escultura em papier mache";otherTopic;VCAA;3664;NULL;"2025-12-01 14:31:48";"2025-12-01 14:31:48"
019adaf8-7954-70c1-94a1-3545e79a32cc;"escultura em pedra";otherTopic;VCAA;4029;NULL;"2025-12-01 14:31:48";"2025-12-01 14:31:48"
019adaf8-79c2-73ce-9344-1ed5a4dd6c83;"escultura em pedra sabão";otherTopic;VCAA;3666;NULL;"2025-12-01 14:31:48";"2025-12-01 14:31:48"
019adaf8-7a30-73b6-af44-3fe18b0d2fc6;"escultura em plástico";otherTopic;VCAA;4030;NULL;"2025-12-01 14:31:48";"2025-12-01 14:31:48"
019adaf8-7a9d-7149-8126-ce1fc30954b5;"escultura em porcelana";otherTopic;VCAA;3667;NULL;"2025-12-01 14:31:48";"2025-12-01 14:31:48"
019adaf8-7b0a-70ff-a7e3-84db009df96d;"escultura em prata";otherTopic;VCAA;4031;NULL;"2025-12-01 14:31:48";"2025-12-01 14:31:48"
019adaf8-7b78-7355-9332-fe4e9d1de46a;"escultura em resina";otherTopic;VCAA;3668;NULL;"2025-12-01 14:31:48";"2025-12-01 14:31:48"
019adaf8-7be6-736e-8840-8eb9f372256f;"escultura em tecido";otherTopic;VCAA;4032;NULL;"2025-12-01 14:31:49";"2025-12-01 14:31:49"
019adaf8-7c53-72d0-8df7-1e70337fc76e;"escultura em terracota";otherTopic;VCAA;3669;NULL;"2025-12-01 14:31:49";"2025-12-01 14:31:49"
019adaf8-7cc0-73af-bbe8-e0cfbc4d4ff5;"escultura em vidro";otherTopic;VCAA;4033;NULL;"2025-12-01 14:31:49";"2025-12-01 14:31:49"
019adaf8-7e9f-7060-8fac-c634b6f47dd6;"escultura grega";otherTopic;VCAA;3670;NULL;"2025-12-01 14:31:49";"2025-12-01 14:31:49"
019adaf8-7f15-71ae-9b2c-7b0d240e175d;"escultura românica";otherTopic;VCAA;3671;NULL;"2025-12-01 14:31:49";"2025-12-01 14:31:49"
019adaf8-7f82-72ae-8aee-3af0c4343dee;"esculturas africana";otherTopic;VCAA;4036;NULL;"2025-12-01 14:31:50";"2025-12-01 14:31:50"
019adaf8-7ff0-7391-958e-a1b7c96f69d0;"nova escultura inglesa";otherTopic;VCAA;4517;NULL;"2025-12-01 14:31:50";"2025-12-01 14:31:50"
019adaf8-817d-7173-bd44-e018999943bd;"maneira negra";otherTopic;VCAA;4412;NULL;"2025-12-01 14:31:50";"2025-12-01 14:31:50"
019adaf8-81f4-7200-9e93-330ada303d56;"ponta seca";otherTopic;VCAA;5081;NULL;"2025-12-01 14:31:50";"2025-12-01 14:31:50"
019adaf8-8261-7189-94da-2fbf80872e7e;roulettes;otherTopic;VCAA;4872;NULL;"2025-12-01 14:31:50";"2025-12-01 14:31:50"
019adaf8-83ef-700d-b48a-7ee7e558bcc5;"gravura à maneira do lápis";otherTopic;VCAA;4174;NULL;"2025-12-01 14:31:51";"2025-12-01 14:31:51"
019adaf8-8466-7289-8a54-ee3ca0e9c301;"gravura em madeira de fio";otherTopic;VCAA;4206;NULL;"2025-12-01 14:31:51";"2025-12-01 14:31:51"
019adaf8-84d6-7250-a1cd-f69569fc68ee;"gravura em madeira de topo";otherTopic;VCAA;4176;NULL;"2025-12-01 14:31:51";"2025-12-01 14:31:51"
019adaf8-8543-7166-9236-1cc9a257031e;"gravuras coloridas";otherTopic;VCAA;4205;NULL;"2025-12-01 14:31:51";"2025-12-01 14:31:51"
019adaf8-85b1-70ce-bab3-398fed53c674;"gravuras em metal";otherTopic;VCAA;43;NULL;"2025-12-01 14:31:51";"2025-12-01 14:31:51"
019adaf8-861f-71fa-b822-05f3ae23292e;"gravuras em relevo";otherTopic;VCAA;4177;NULL;"2025-12-01 14:31:51";"2025-12-01 14:31:51"
019adaf8-87ae-7222-80a2-cca268cba69f;ukiyo-e;otherTopic;VCAA;4986;NULL;"2025-12-01 14:31:52";"2025-12-01 14:31:52"
019adaf8-8940-7314-9628-6fe4a173d66c;"pintura indígena";otherTopic;VCAA;5071;NULL;"2025-12-01 14:31:52";"2025-12-01 14:31:52"
019adaf8-89ac-71c5-acb7-b1005eefd5d7;"pintura rupestre";otherTopic;VCAA;5072;NULL;"2025-12-01 14:31:52";"2025-12-01 14:31:52"
019adaf8-8a1b-718d-920a-da1a31ce439e;"pinturas africanas";otherTopic;VCAA;4778;NULL;"2025-12-01 14:31:52";"2025-12-01 14:31:52"
019adaf8-8bb5-73ec-9014-138751d79a02;"aquarela (tinta)";otherTopic;VCAA;7379;NULL;"2025-12-01 14:31:53";"2025-12-01 14:31:53"
019adaf8-8c2d-711f-9235-9867db53f586;"guache (tinta)";otherTopic;VCAA;4170;NULL;"2025-12-01 14:31:53";"2025-12-01 14:31:53"
019adaf8-8de1-716d-b4e3-59624d7a1251;"aquarela (técnica)";otherTopic;VCAA;2707;NULL;"2025-12-01 14:31:53";"2025-12-01 14:31:53"
019adaf8-8e58-72b6-ae60-cdfc25fd85ae;encáustica;otherTopic;VCAA;3986;NULL;"2025-12-01 14:31:53";"2025-12-01 14:31:53"
019adaf8-8ec7-730e-b282-45aa71b0fa0f;"pintura a dedo";otherTopic;VCAA;4683;NULL;"2025-12-01 14:31:53";"2025-12-01 14:31:53"
019adaf8-8f34-71f4-b569-b5d51fb09b4d;"pintura a guache";otherTopic;VCAA;7375;NULL;"2025-12-01 14:31:54";"2025-12-01 14:31:54"
019adaf8-8fa2-704b-8018-59226dbca9ec;"pintura a óleo";otherTopic;VCAA;4686;NULL;"2025-12-01 14:31:54";"2025-12-01 14:31:54"
019adaf8-9011-7083-8713-0f0b575531aa;"pintura a rolo";otherTopic;VCAA;4762;NULL;"2025-12-01 14:31:54";"2025-12-01 14:31:54"
019adaf8-907e-7004-b52a-70a9a8110648;"pintura a seco";otherTopic;VCAA;4688;NULL;"2025-12-01 14:31:54";"2025-12-01 14:31:54"
019adaf8-90eb-717f-ad92-680e96e3c773;"pintura a sepia";otherTopic;VCAA;4763;NULL;"2025-12-01 14:31:54";"2025-12-01 14:31:54"
019adaf8-9158-7100-ae65-041ba0eaa25a;"pintura a têmpera";otherTopic;VCAA;4689;NULL;"2025-12-01 14:31:54";"2025-12-01 14:31:54"
019adaf8-91c5-7264-8771-296728f8d392;"pintura acrílica (técnica)";otherTopic;VCAA;4764;NULL;"2025-12-01 14:31:54";"2025-12-01 14:31:54"
019adaf8-9232-7272-8dee-23a2538a6d70;"pintura de técnica mista";otherTopic;VCAA;4765;NULL;"2025-12-01 14:31:54";"2025-12-01 14:31:54"
019adaf8-929e-706c-a37e-f911c45226df;"pintura em areia (técnica)";otherTopic;VCAA;4692;NULL;"2025-12-01 14:31:54";"2025-12-01 14:31:54"
019adaf8-930b-701d-8259-d87174bae08a;"pintura em azulejo";otherTopic;VCAA;4766;NULL;"2025-12-01 14:31:55";"2025-12-01 14:31:55"
019adaf8-937a-7223-afc2-02311a95d632;"pintura em bambu";otherTopic;VCAA;4693;NULL;"2025-12-01 14:31:55";"2025-12-01 14:31:55"
019adaf8-93e8-7091-8895-66f9bf3a99f6;"pintura em cerâmica (técnica)";otherTopic;VCAA;4767;NULL;"2025-12-01 14:31:55";"2025-12-01 14:31:55"
019adaf8-9455-7052-bd3c-df2464ab457d;"pintura em couro";otherTopic;VCAA;4768;NULL;"2025-12-01 14:31:55";"2025-12-01 14:31:55"
019adaf8-94c3-70ac-a8fe-8cf054754352;"pintura em esteira";otherTopic;VCAA;4695;NULL;"2025-12-01 14:31:55";"2025-12-01 14:31:55"
019adaf8-952f-70bd-98a1-7ba4efac73a9;"pintura em fotografia";otherTopic;VCAA;4769;NULL;"2025-12-01 14:31:55";"2025-12-01 14:31:55"
019adaf8-959e-71d9-93af-7715c59f9b27;"pintura em madeira";otherTopic;VCAA;4696;NULL;"2025-12-01 14:31:55";"2025-12-01 14:31:55"
019adaf8-960c-7258-8d8d-a872a46c7391;"pintura em metal";otherTopic;VCAA;4770;NULL;"2025-12-01 14:31:55";"2025-12-01 14:31:55"
019adaf8-967a-70f3-9837-67ce24cd933b;"pintura em ouro";otherTopic;VCAA;4697;NULL;"2025-12-01 14:31:55";"2025-12-01 14:31:55"
019adaf8-96ea-7037-9983-4379d0f439f5;"pintura em papel";otherTopic;VCAA;4771;NULL;"2025-12-01 14:31:56";"2025-12-01 14:31:56"
019adaf8-9757-733c-9603-3769dda14cc6;"pintura em pedra";otherTopic;VCAA;4698;NULL;"2025-12-01 14:31:56";"2025-12-01 14:31:56"
019adaf8-97c4-739d-bf04-cefecd3d7d46;"pintura em porcelana";otherTopic;VCAA;4772;NULL;"2025-12-01 14:31:56";"2025-12-01 14:31:56"
019adaf8-9831-7119-88c7-04a4201c382a;"pintura em tecido";otherTopic;VCAA;4773;NULL;"2025-12-01 14:31:56";"2025-12-01 14:31:56"
019adaf8-98a0-70b3-8643-ac8625738bb0;"pintura em tela";otherTopic;VCAA;5069;NULL;"2025-12-01 14:31:56";"2025-12-01 14:31:56"
019adaf8-990b-71ab-b2c7-04807c14274d;"pintura em vidro";otherTopic;VCAA;4774;NULL;"2025-12-01 14:31:56";"2025-12-01 14:31:56"
019adaf8-997b-7397-a876-6f41785ad95a;"pintura esmaltada";otherTopic;VCAA;5070;NULL;"2025-12-01 14:31:56";"2025-12-01 14:31:56"
019adaf8-99e8-72a3-a61d-ead18984e0dd;"pinturas acrílicas";otherTopic;VCAA;6209;NULL;"2025-12-01 14:31:56";"2025-12-01 14:31:56"
019adaf8-9a55-7225-b763-9ef032588b94;"pinturas em areia";otherTopic;VCAA;6212;NULL;"2025-12-01 14:31:56";"2025-12-01 14:31:56"
019adaf8-9ac3-7283-bcee-16a90f36f98c;"pinturas em cerâmica";otherTopic;VCAA;6599;NULL;"2025-12-01 14:31:56";"2025-12-01 14:31:56"
019adaf8-9b2f-72d0-9e2a-6c1c35e74b2c;"pinturas encáusticas";otherTopic;VCAA;6215;NULL;"2025-12-01 14:31:57";"2025-12-01 14:31:57"
019adaf8-9b9d-7332-8c2d-e1119444323b;"técnica do pontilhado";otherTopic;VCAA;4951;NULL;"2025-12-01 14:31:57";"2025-12-01 14:31:57"
019adaf8-9c0a-73f6-afb6-0710e4098bd8;"trompe l'oeil";otherTopic;VCAA;5208;NULL;"2025-12-01 14:31:57";"2025-12-01 14:31:57"
019adaf8-9dd4-705a-b80f-c8087fdf90d5;afrescos;otherTopic;VCAA;2603;NULL;"2025-12-01 14:31:57";"2025-12-01 14:31:57"
019adaf8-9e3e-7366-afc9-cff33446c780;aquarelas;otherTopic;VCAA;2708;NULL;"2025-12-01 14:31:57";"2025-12-01 14:31:57"
019adaf8-9ead-7196-9847-a58954bd14c6;guaches;otherTopic;VCAA;4761;NULL;"2025-12-01 14:31:57";"2025-12-01 14:31:57"
019adaf8-9f1a-72dc-94c5-d82145800f6a;iluminuras;otherTopic;VCAA;4262;NULL;"2025-12-01 14:31:58";"2025-12-01 14:31:58"
019adaf8-9f89-71a1-94f4-fda2d5d9f6ac;marinhas;otherTopic;VCAA;4423;NULL;"2025-12-01 14:31:58";"2025-12-01 14:31:58"
019adaf8-9ff5-70bf-8d11-69b6a5c2f5db;miniaturas;otherTopic;VCAA;4565;NULL;"2025-12-01 14:31:58";"2025-12-01 14:31:58"
019adaf8-a063-72a1-bfc6-4e67a264206b;"murais (decoração)";otherTopic;VCAA;4475;NULL;"2025-12-01 14:31:58";"2025-12-01 14:31:58"
019adaf8-a0d0-7387-8267-f61088d51690;paisagens;otherTopic;VCAA;6733;NULL;"2025-12-01 14:31:58";"2025-12-01 14:31:58"
019adaf8-a13f-73ab-8cec-3bd940692982;panoramas;otherTopic;VCAA;4742;NULL;"2025-12-01 14:31:58";"2025-12-01 14:31:58"
019adaf8-a1ae-70c3-bc24-5a541adc3ebb;"pintura de gênero";otherTopic;VCAA;4691;NULL;"2025-12-01 14:31:58";"2025-12-01 14:31:58"
019adaf8-a21d-73e9-afbf-c4d8a8442a29;"pintura em corpo humano";otherTopic;VCAA;4694;NULL;"2025-12-01 14:31:58";"2025-12-01 14:31:58"
019adaf8-a289-72a3-939b-0c15dd6cfe28;"pintura funerária";otherTopic;VCAA;4776;NULL;"2025-12-01 14:31:58";"2025-12-01 14:31:58"
019adaf8-a2f7-72e1-9520-aa970f8fb142;"pinturas murais (obras visuais)";otherTopic;VCAA;6999;NULL;"2025-12-01 14:31:59";"2025-12-01 14:31:59"
019adaf8-a364-7211-93de-9bc113f8f115;retratos;otherTopic;VCAA;5129;NULL;"2025-12-01 14:31:59";"2025-12-01 14:31:59"
019adaf8-a4fa-70ec-92cf-a4eb30532536;"prelúdio coral";otherTopic;VCAA;5088;NULL;"2025-12-01 14:31:59";"2025-12-01 14:31:59"
019adaf8-a708-7005-8834-388d906b5821;lied;otherTopic;VCAA;4384;NULL;"2025-12-01 14:32:00";"2025-12-01 14:32:00"
019adaf8-a89f-7243-92e7-6a9e16bc084f;moteto;otherTopic;VCAA;4584;NULL;"2025-12-01 14:32:00";"2025-12-01 14:32:00"
019adaf8-aa46-70b4-94cc-4a4f5744a7fc;repente;otherTopic;VCAA;5124;NULL;"2025-12-01 14:32:00";"2025-12-01 14:32:00"
019adaf8-abeb-7058-a9b7-a41c9783ad32;"canto gregoriano";otherTopic;VCAA;3613;NULL;"2025-12-01 14:32:01";"2025-12-01 14:32:01"
019adaf8-ac55-712a-9724-2ad58cad0d89;"cantos de trabalho";otherTopic;VCAA;3247;NULL;"2025-12-01 14:32:01";"2025-12-01 14:32:01"
019adaf8-acc3-7071-bed7-42a6ef81c2e2;"cantos fúnebres";otherTopic;VCAA;3246;NULL;"2025-12-01 14:32:01";"2025-12-01 14:32:01"
019adaf8-ae61-7103-a42e-f9e1759e750a;memorização;otherTopic;VCAA;4561;NULL;"2025-12-01 14:32:02";"2025-12-01 14:32:02"
019adaf8-b033-713d-a464-d21ae74e4da2;"cornes ingleses";otherTopic;VCAA;3366;NULL;"2025-12-01 14:32:02";"2025-12-01 14:32:02"
019adaf8-b246-708b-9c9f-b68eaa38d9a7;"coro feminino";otherTopic;VCAA;3818;NULL;"2025-12-01 14:32:03";"2025-12-01 14:32:03"
019adaf8-b2b3-72ab-a4e0-ba4374b65255;"coro infantil";otherTopic;VCAA;3368;NULL;"2025-12-01 14:32:03";"2025-12-01 14:32:03"
019adaf8-b321-723a-a3f4-c6ebf8281f47;"coro masculino";otherTopic;VCAA;3819;NULL;"2025-12-01 14:32:03";"2025-12-01 14:32:03"
019adaf8-b38f-714c-8961-a9021086a0ae;"coro misto";otherTopic;VCAA;3369;NULL;"2025-12-01 14:32:03";"2025-12-01 14:32:03"
019adaf8-b532-702a-86d7-b3b026c100de;"máscaras africanas";otherTopic;VCAA;4427;NULL;"2025-12-01 14:32:03";"2025-12-01 14:32:03"
019adaf8-b5a4-72dd-9a69-6e982a03cfd5;"máscaras funerárias";otherTopic;VCAA;6578;NULL;"2025-12-01 14:32:03";"2025-12-01 14:32:03"
019adaf8-b611-73a8-b1a6-bcb88cdfa88f;"máscaras mortuárias";otherTopic;VCAA;4426;NULL;"2025-12-01 14:32:03";"2025-12-01 14:32:03"
019adaf8-b80a-73ed-b810-f85964e7fa84;"bancos de concreto";otherTopic;VCAA;2185;NULL;"2025-12-01 14:32:04";"2025-12-01 14:32:04"
019adaf8-b875-7333-981a-211449596c81;"bancos de jardim";otherTopic;VCAA;5770;NULL;"2025-12-01 14:32:04";"2025-12-01 14:32:04"
019adaf8-ba3f-723c-b6ed-38cdd8ca6e49;tabuado;otherTopic;VCAA;1100;NULL;"2025-12-01 14:32:05";"2025-12-01 14:32:05"
019adaf8-bc75-71e6-98ab-71401a30b153;topiaria;otherTopic;VCAA;3420;NULL;"2025-12-01 14:32:05";"2025-12-01 14:32:05"
019adaf8-becf-715e-bcc0-3b4d49735691;adro;otherTopic;VCAA;2148;NULL;"2025-12-01 14:32:06";"2025-12-01 14:32:06"
019adaf8-bf46-7155-8b2f-c45910f3ceec;altares;otherTopic;VCAA;2141;NULL;"2025-12-01 14:32:06";"2025-12-01 14:32:06"
019adaf8-bfb5-7101-8e5c-df1ba1c1cd27;oratórios;otherTopic;VCAA;2813;NULL;"2025-12-01 14:32:06";"2025-12-01 14:32:06"
019adaf8-c024-706c-aedb-8bfae66144ca;paróquia;otherTopic;VCAA;858;NULL;"2025-12-01 14:32:06";"2025-12-01 14:32:06"
019adaf8-c092-70f5-a87f-132ff052950b;sacristia;otherTopic;VCAA;1053;NULL;"2025-12-01 14:32:06";"2025-12-01 14:32:06"
019adaf8-c25e-71c7-b6c4-66d908635ea4;"pátio coberto";otherTopic;VCAA;870;NULL;"2025-12-01 14:32:07";"2025-12-01 14:32:07"
019adaf8-c44f-71d3-983a-e226b4b07b8e;"salão de baile";otherTopic;VCAA;2067;NULL;"2025-12-01 14:32:07";"2025-12-01 14:32:07"
019adaf8-c4c5-70ea-938d-cc84aab82518;"salão de festas";otherTopic;VCAA;2860;NULL;"2025-12-01 14:32:07";"2025-12-01 14:32:07"
019adaf8-c535-7282-a047-f9228df15b75;"salão de jogos";otherTopic;VCAA;2068;NULL;"2025-12-01 14:32:07";"2025-12-01 14:32:07"
019adaf8-c6ef-7224-8a42-fc3725209583;"alojamentos estudantis";otherTopic;VCAA;5656;NULL;"2025-12-01 14:32:08";"2025-12-01 14:32:08"
019adaf8-c905-7119-9a11-cdbb4981c640;casarão;otherTopic;VCAA;2048;NULL;"2025-12-01 14:32:08";"2025-12-01 14:32:08"
019adaf8-c975-7291-9c51-cac556ead82c;casario;otherTopic;VCAA;2049;NULL;"2025-12-01 14:32:08";"2025-12-01 14:32:08"
019adaf8-c9e2-7123-b3a5-6b7beab58592;"casas antissísmicas";otherTopic;VCAA;2823;NULL;"2025-12-01 14:32:09";"2025-12-01 14:32:09"
019adaf8-ca51-72eb-b012-4390402a0da7;"casas de campo";otherTopic;VCAA;2046;NULL;"2025-12-01 14:32:09";"2025-12-01 14:32:09"
019adaf8-cac0-7369-a11e-a82617ae02ee;"casas de emergência";otherTopic;VCAA;7017;NULL;"2025-12-01 14:32:09";"2025-12-01 14:32:09"
019adaf8-cb2d-732e-babc-1e12915f10be;"casas de fazenda";otherTopic;VCAA;5826;NULL;"2025-12-01 14:32:09";"2025-12-01 14:32:09"
019adaf8-cb9c-7161-880e-5c0e3947d556;"casas de férias";otherTopic;VCAA;2825;NULL;"2025-12-01 14:32:09";"2025-12-01 14:32:09"
019adaf8-cc0a-7309-ba50-2146250835bb;"casas de praia";otherTopic;VCAA;2826;NULL;"2025-12-01 14:32:09";"2025-12-01 14:32:09"
019adaf8-cc76-72ea-af7e-0012c5b635d5;"casas históricas";otherTopic;VCAA;5829;NULL;"2025-12-01 14:32:09";"2025-12-01 14:32:09"
019adaf8-cce4-7010-bf09-52ab2f804ba3;"casas para pessoas idosas";otherTopic;VCAA;6390;NULL;"2025-12-01 14:32:09";"2025-12-01 14:32:09"
019adaf8-cd51-7314-94b7-af36000b7742;"casas populares";otherTopic;VCAA;2829;NULL;"2025-12-01 14:32:09";"2025-12-01 14:32:09"
019adaf8-cdbe-7154-abd6-8879afd6d9c9;"casas térreas";otherTopic;VCAA;2047;NULL;"2025-12-01 14:32:10";"2025-12-01 14:32:10"
019adaf8-ce2b-70af-91a3-01c00c63b120;casas-reboque;otherTopic;VCAA;2821;NULL;"2025-12-01 14:32:10";"2025-12-01 14:32:10"
019adaf8-ce99-7017-ad3b-3fc169d729cf;morada;otherTopic;VCAA;777;NULL;"2025-12-01 14:32:10";"2025-12-01 14:32:10"
019adaf8-d04a-7378-afcf-cf53fd8ca442;"platibanda sacada";otherTopic;VCAA;945;NULL;"2025-12-01 14:32:10";"2025-12-01 14:32:10"
019adaf8-d1f8-71b1-8b1d-7d6ade54d3fe;"abóbadas caracol";otherTopic;VCAA;2874;NULL;"2025-12-01 14:32:11";"2025-12-01 14:32:11"
019adaf8-d26e-708b-b09b-9c89245746f6;"abóbadas de aresta";otherTopic;VCAA;2871;NULL;"2025-12-01 14:32:11";"2025-12-01 14:32:11"
019adaf8-d2da-7057-8d75-00f383fdfe30;"abóbadas de berço";otherTopic;VCAA;1704;NULL;"2025-12-01 14:32:11";"2025-12-01 14:32:11"
019adaf8-d348-71c8-bc2d-659a6861c2fb;"abóbadas de canudo";otherTopic;VCAA;2872;NULL;"2025-12-01 14:32:11";"2025-12-01 14:32:11"
019adaf8-d3b5-705e-98b6-521570af5611;"abóbadas de declive";otherTopic;VCAA;2875;NULL;"2025-12-01 14:32:11";"2025-12-01 14:32:11"
019adaf8-d424-7234-84fa-355bd00f1396;"abóbadas de luneta";otherTopic;VCAA;2873;NULL;"2025-12-01 14:32:11";"2025-12-01 14:32:11"
019adaf8-d491-70b3-9e7d-17a8752573cb;"abóbadas de penetração";otherTopic;VCAA;2876;NULL;"2025-12-01 14:32:11";"2025-12-01 14:32:11"
019adaf8-d4fe-7284-b96c-58dd22cb3997;"abóbadas em arco de claustro";otherTopic;VCAA;2877;NULL;"2025-12-01 14:32:11";"2025-12-01 14:32:11"
019adaf8-d56c-70f1-9bf1-1f1dd025e523;"abóbadas esféricas";otherTopic;VCAA;1254;NULL;"2025-12-01 14:32:12";"2025-12-01 14:32:12"
019adaf8-d5d9-7115-96b6-f76d4188f70f;"abóbadas extradósseas";otherTopic;VCAA;2878;NULL;"2025-12-01 14:32:12";"2025-12-01 14:32:12"
019adaf8-d646-7121-87db-053d134e901c;"casca de concreto";otherTopic;VCAA;321;NULL;"2025-12-01 14:32:12";"2025-12-01 14:32:12"
019adaf8-d6b4-709a-9b37-8ec4e3cf9763;cúpulas;otherTopic;VCAA;428;NULL;"2025-12-01 14:32:12";"2025-12-01 14:32:12"
019adaf8-d721-7391-82d2-cbc3b52d2a1f;domos;otherTopic;VCAA;447;NULL;"2025-12-01 14:32:12";"2025-12-01 14:32:12"
019adaf8-d78d-7294-be90-d92f5834755c;flecha;otherTopic;VCAA;574;NULL;"2025-12-01 14:32:12";"2025-12-01 14:32:12"
019adaf8-d947-71ca-8a03-c533f0f2ed5f;"caixão perdido";otherTopic;VCAA;276;NULL;"2025-12-01 14:32:12";"2025-12-01 14:32:12"
019adaf8-d9b2-7123-9920-b73d6595d31d;"forros artesoado";otherTopic;VCAA;580;NULL;"2025-12-01 14:32:13";"2025-12-01 14:32:13"
019adaf8-da1d-7012-9f80-a3486cc60e64;"forros de madeira";otherTopic;VCAA;581;NULL;"2025-12-01 14:32:13";"2025-12-01 14:32:13"
019adaf8-da8b-71e8-87a3-ada1604b9172;"forros nervurados";otherTopic;VCAA;582;NULL;"2025-12-01 14:32:13";"2025-12-01 14:32:13"
019adaf8-daf6-7311-bb09-01385262524f;grelhas;otherTopic;VCAA;629;NULL;"2025-12-01 14:32:13";"2025-12-01 14:32:13"
019adaf8-dc94-7360-b358-aab9041a2261;lajes;otherTopic;VCAA;700;NULL;"2025-12-01 14:32:13";"2025-12-01 14:32:13"
019adaf8-de3e-7330-b51b-736de690f978;"águas furtadas";otherTopic;VCAA;66;NULL;"2025-12-01 14:32:14";"2025-12-01 14:32:14"
019adaf8-deb4-7172-a691-ad53242f01a2;beiral;otherTopic;VCAA;241;NULL;"2025-12-01 14:32:14";"2025-12-01 14:32:14"
019adaf8-df23-7345-a335-f3de582e260f;clarabóias;otherTopic;VCAA;363;NULL;"2025-12-01 14:32:14";"2025-12-01 14:32:14"
019adaf8-df90-724c-945c-80f3aa922e2a;pampulha;otherTopic;VCAA;842;NULL;"2025-12-01 14:32:14";"2025-12-01 14:32:14"
019adaf8-dffe-7057-b940-4493b3af43e2;ripas;otherTopic;VCAA;1044;NULL;"2025-12-01 14:32:14";"2025-12-01 14:32:14"
019adaf8-e06b-7034-87cc-56e4b1aef6d9;"telhado de duas águas";otherTopic;VCAA;1964;NULL;"2025-12-01 14:32:14";"2025-12-01 14:32:14"
019adaf8-e0d9-7114-931c-d4b2767d6926;"telhado de quatro águas";otherTopic;VCAA;1967;NULL;"2025-12-01 14:32:14";"2025-12-01 14:32:14"
019adaf8-e148-7240-8104-9550d976963c;"telhado de uma água";otherTopic;VCAA;1968;NULL;"2025-12-01 14:32:15";"2025-12-01 14:32:15"
019adaf8-e1b4-7279-99b8-62a7a0ec6c77;"telhado de vidro";otherTopic;VCAA;1963;NULL;"2025-12-01 14:32:15";"2025-12-01 14:32:15"
019adaf8-e221-7137-a170-cfc5dd4d5c17;"telhado invertido";otherTopic;VCAA;1965;NULL;"2025-12-01 14:32:15";"2025-12-01 14:32:15"
019adaf8-e28e-7006-9d0c-19a2422e55b1;"telhados lamelares";otherTopic;VCAA;6278;NULL;"2025-12-01 14:32:15";"2025-12-01 14:32:15"
019adaf8-e2fb-731a-964e-82096c102f9d;"tesoura (elemento construtivo)";otherTopic;VCAA;1143;NULL;"2025-12-01 14:32:15";"2025-12-01 14:32:15"
019adaf8-e367-720a-9d8a-97d06732f218;treliças;otherTopic;VCAA;1178;NULL;"2025-12-01 14:32:15";"2025-12-01 14:32:15"
019adaf8-e524-70da-8c84-72dc4afd8095;"teto inclinado";otherTopic;VCAA;1146;NULL;"2025-12-01 14:32:16";"2025-12-01 14:32:16"
019adaf8-e58e-72a6-b7bb-401ed69847e1;"tetos suspensos";otherTopic;VCAA;6631;NULL;"2025-12-01 14:32:16";"2025-12-01 14:32:16"
019adaf8-e73c-7022-9370-209f91687e60;"balcão corrido";otherTopic;VCAA;213;NULL;"2025-12-01 14:32:16";"2025-12-01 14:32:16"
019adaf8-e7a4-71ba-9ee2-96bb4bb8cb53;parapeito;otherTopic;VCAA;852;NULL;"2025-12-01 14:32:16";"2025-12-01 14:32:16"
019adaf8-e811-721e-a7f0-7a3c3e12be29;peitoril;otherTopic;VCAA;887;NULL;"2025-12-01 14:32:16";"2025-12-01 14:32:16"
019adaf8-e9b1-7296-8aa7-6f8375355b9d;frontão;otherTopic;VCAA;591;NULL;"2025-12-01 14:32:17";"2025-12-01 14:32:17"
019adaf8-ea23-72c2-b01c-0a134b488477;grimpa;otherTopic;VCAA;630;NULL;"2025-12-01 14:32:17";"2025-12-01 14:32:17"
019adaf8-ea91-72e4-a5ca-628c2f6d788a;pináculos;otherTopic;VCAA;909;NULL;"2025-12-01 14:32:17";"2025-12-01 14:32:17"
019adaf8-ec4d-724b-8dd9-2fb65039ca20;cimalhas;otherTopic;VCAA;351;NULL;"2025-12-01 14:32:17";"2025-12-01 14:32:17"
019adaf8-ecc3-72e8-bbd6-ffab2121cace;entablamentos;otherTopic;VCAA;484;NULL;"2025-12-01 14:32:17";"2025-12-01 14:32:17"
019adaf8-ee53-726c-a908-656be4c312cf;talha;otherTopic;VCAA;1104;NULL;"2025-12-01 14:32:18";"2025-12-01 14:32:18"
019adaf8-efe4-7264-a3d2-bd9c4f47dc08;arcos;otherTopic;VCAA;1700;NULL;"2025-12-01 14:32:18";"2025-12-01 14:32:18"
019adaf8-f1a1-735c-a1cf-2d272d2b31ee;alambrados;otherTopic;VCAA;69;NULL;"2025-12-01 14:32:19";"2025-12-01 14:32:19"
019adaf8-f366-73bf-b4a2-8a3627ffd8d9;"colunas adossada";otherTopic;VCAA;1995;NULL;"2025-12-01 14:32:19";"2025-12-01 14:32:19"
019adaf8-f3d1-71c2-94c1-7cb98f01bde4;"colunas jônica";otherTopic;VCAA;1996;NULL;"2025-12-01 14:32:19";"2025-12-01 14:32:19"
019adaf8-f43e-70e7-973f-ec761f199384;colunatas;otherTopic;VCAA;1997;NULL;"2025-12-01 14:32:19";"2025-12-01 14:32:19"
019adaf8-f4ab-72d6-9f27-2502ba667daf;embasamento;otherTopic;VCAA;471;NULL;"2025-12-01 14:32:20";"2025-12-01 14:32:20"
019adaf8-f519-71fd-a9c7-95eff059d3df;pedestal;otherTopic;VCAA;876;NULL;"2025-12-01 14:32:20";"2025-12-01 14:32:20"
019adaf8-f586-706f-b43a-325758702ead;peristilos;otherTopic;VCAA;6743;NULL;"2025-12-01 14:32:20";"2025-12-01 14:32:20"
019adaf8-f71a-7131-a3fb-f5fd411976b7;contraforte;otherTopic;VCAA;404;NULL;"2025-12-01 14:32:20";"2025-12-01 14:32:20"
019adaf8-f78a-711d-8416-eda3f1594a29;contraventamento;otherTopic;VCAA;406;NULL;"2025-12-01 14:32:20";"2025-12-01 14:32:20"
019adaf8-f7f7-70c0-a857-5b2698e48755;merlão;otherTopic;VCAA;759;NULL;"2025-12-01 14:32:20";"2025-12-01 14:32:20"
019adaf8-f863-7029-ae81-615886d43a65;muralhas;otherTopic;VCAA;2152;NULL;"2025-12-01 14:32:20";"2025-12-01 14:32:20"
019adaf8-f8ce-7296-be05-1729d11fe447;muretas;otherTopic;VCAA;2151;NULL;"2025-12-01 14:32:21";"2025-12-01 14:32:21"
019adaf8-f93a-737d-9d1b-5ddeb8c4e24d;"muros de contenção";otherTopic;VCAA;2000;NULL;"2025-12-01 14:32:21";"2025-12-01 14:32:21"
019adaf8-fad2-71b6-89a2-e7c16971c628;"pilares adossados";otherTopic;VCAA;901;NULL;"2025-12-01 14:32:21";"2025-12-01 14:32:21"
019adaf8-fb3e-734e-84c8-84ee2bdbe49e;"pilares inclinados";otherTopic;VCAA;902;NULL;"2025-12-01 14:32:21";"2025-12-01 14:32:21"
019adaf8-fbad-71ac-98bf-10e6d6ac05a3;"pilares redondos";otherTopic;VCAA;903;NULL;"2025-12-01 14:32:21";"2025-12-01 14:32:21"
019adaf8-fd68-7378-a2fc-da896e91591b;"vigas de madeira";otherTopic;VCAA;1221;NULL;"2025-12-01 14:32:22";"2025-12-01 14:32:22"
019adaf8-fdd4-71a8-9ed2-42fcbf41f330;"vigas gerber";otherTopic;VCAA;1222;NULL;"2025-12-01 14:32:22";"2025-12-01 14:32:22"
019adaf8-fe41-7316-baaf-0fcd327d2ac4;"vigas transversais";otherTopic;VCAA;1223;NULL;"2025-12-01 14:32:22";"2025-12-01 14:32:22"
019adaf8-feaf-72ea-ba15-e674ad08d00e;"vigas vazada";otherTopic;VCAA;1224;NULL;"2025-12-01 14:32:22";"2025-12-01 14:32:22"
019adaf9-005d-727c-bb85-09b1bc104e4f;"armaduras (elementos construtivos)";otherTopic;VCAA;99;NULL;"2025-12-01 14:32:23";"2025-12-01 14:32:23"
019adaf9-00d1-7269-9bcc-6473dc3ae004;"painéis pré-fabricados";otherTopic;VCAA;2970;NULL;"2025-12-01 14:32:23";"2025-12-01 14:32:23"
019adaf9-0281-7168-ae63-368bd2163a1a;"placa pré-moldada";otherTopic;VCAA;931;NULL;"2025-12-01 14:32:23";"2025-12-01 14:32:23"
019adaf9-0424-7086-8d00-0e5d20dd1ed5;"empena cega";otherTopic;VCAA;474;NULL;"2025-12-01 14:32:23";"2025-12-01 14:32:23"
019adaf9-0490-7068-8843-a6eec9bc74af;"empena horizontal";otherTopic;VCAA;475;NULL;"2025-12-01 14:32:24";"2025-12-01 14:32:24"
019adaf9-04fe-70d3-8b63-86681d99d10e;"empena vertical";otherTopic;VCAA;476;NULL;"2025-12-01 14:32:24";"2025-12-01 14:32:24"
019adaf9-06a6-73ef-b9e9-e4d9c1cc1e88;"grade sanfonada";otherTopic;VCAA;617;NULL;"2025-12-01 14:32:24";"2025-12-01 14:32:24"
019adaf9-071e-7168-9de2-9ece49f9b495;gradil;otherTopic;VCAA;618;NULL;"2025-12-01 14:32:24";"2025-12-01 14:32:24"
019adaf9-08be-7331-a03b-cba0f7d16558;"painel cerâmico";otherTopic;VCAA;825;NULL;"2025-12-01 14:32:25";"2025-12-01 14:32:25"
019adaf9-0a64-7358-a84d-c57b2f1919db;"elemento vazado";otherTopic;VCAA;466;NULL;"2025-12-01 14:32:25";"2025-12-01 14:32:25"
019adaf9-0ad8-700f-ac53-3856c925a97c;"pano (estrutura de vedação)";otherTopic;VCAA;843;NULL;"2025-12-01 14:32:25";"2025-12-01 14:32:25"
019adaf9-0b44-7232-8086-b903b88988df;"parede circular";otherTopic;VCAA;854;NULL;"2025-12-01 14:32:25";"2025-12-01 14:32:25"
019adaf9-0bb2-7376-8c44-f54c15649460;"parede curva";otherTopic;VCAA;855;NULL;"2025-12-01 14:32:25";"2025-12-01 14:32:25"
019adaf9-0c1e-7237-844f-349a3c712d17;"parede de tijolinhos";otherTopic;VCAA;856;NULL;"2025-12-01 14:32:26";"2025-12-01 14:32:26"
019adaf9-0c8c-70d7-bd8f-d8a31ac84fea;"parede inclinada";otherTopic;VCAA;857;NULL;"2025-12-01 14:32:26";"2025-12-01 14:32:26"
019adaf9-0cf9-7215-8706-02b3f2019ab9;taipa;otherTopic;VCAA;1101;NULL;"2025-12-01 14:32:26";"2025-12-01 14:32:26"
019adaf9-0e89-70fb-a1e7-f1d319b5c5ed;"Ordem compósita";otherTopic;VCAA;6722;NULL;"2025-12-01 14:32:26";"2025-12-01 14:32:26"
019adaf9-0f00-72bf-83dc-6c96361fbd53;"Ordem coríntia";otherTopic;VCAA;6724;NULL;"2025-12-01 14:32:26";"2025-12-01 14:32:26"
019adaf9-0f6c-72ad-ade0-91882735ce51;"Ordem dórica";otherTopic;VCAA;6726;NULL;"2025-12-01 14:32:26";"2025-12-01 14:32:26"
019adaf9-0fdb-7069-b127-d243248881d9;"Ordem jônica";otherTopic;VCAA;6716;NULL;"2025-12-01 14:32:26";"2025-12-01 14:32:26"
019adaf9-1047-72e1-8c7f-8320ca56da98;"Ordem toscana";otherTopic;VCAA;6712;NULL;"2025-12-01 14:32:27";"2025-12-01 14:32:27"
019adaf9-11f9-708b-9001-f31ceda74170;escadas;otherTopic;VCAA;494;NULL;"2025-12-01 14:32:27";"2025-12-01 14:32:27"
019adaf9-13a1-7005-9a31-a9991292163a;"rampa suspensa";otherTopic;VCAA;1868;NULL;"2025-12-01 14:32:27";"2025-12-01 14:32:27"
019adaf9-153d-7275-b278-d0d2ba0ad1dd;"abertura zenital";otherTopic;VCAA;1262;NULL;"2025-12-01 14:32:28";"2025-12-01 14:32:28"
019adaf9-16d8-732d-8021-848156366e8d;contraverga;otherTopic;VCAA;407;NULL;"2025-12-01 14:32:28";"2025-12-01 14:32:28"
019adaf9-1893-7325-8585-888285f09b1e;brises;otherTopic;VCAA;1012;NULL;"2025-12-01 14:32:29";"2025-12-01 14:32:29"
019adaf9-18fb-73b3-af61-dde14a8a1ccb;"janelas à francesa";otherTopic;VCAA;2208;NULL;"2025-12-01 14:32:29";"2025-12-01 14:32:29"
019adaf9-1968-706a-bd3c-705c3d608d0b;"janelas altas";otherTopic;VCAA;2210;NULL;"2025-12-01 14:32:29";"2025-12-01 14:32:29"
019adaf9-19d4-705c-81ee-d3639224bee3;"janelas basculantes";otherTopic;VCAA;1284;NULL;"2025-12-01 14:32:29";"2025-12-01 14:32:29"
019adaf9-1a41-714b-a0f0-f41c35093354;"janelas com duas folhas";otherTopic;VCAA;2211;NULL;"2025-12-01 14:32:29";"2025-12-01 14:32:29"
019adaf9-1aad-7296-b422-be564cca22b0;"janelas com pinásio";otherTopic;VCAA;2212;NULL;"2025-12-01 14:32:29";"2025-12-01 14:32:29"
019adaf9-1b1a-7172-bae7-094b33adbf4a;"janelas de canto";otherTopic;VCAA;2214;NULL;"2025-12-01 14:32:29";"2025-12-01 14:32:29"
019adaf9-1b87-7184-8b9c-586b1d1d032a;"janelas de contrapeso";otherTopic;VCAA;2215;NULL;"2025-12-01 14:32:29";"2025-12-01 14:32:29"
019adaf9-1bf2-73d0-a0af-f2a0c937504f;"janelas de correr";otherTopic;VCAA;2216;NULL;"2025-12-01 14:32:30";"2025-12-01 14:32:30"
019adaf9-1c5e-727c-abb4-83432641c286;"janelas de guilhotina";otherTopic;VCAA;2218;NULL;"2025-12-01 14:32:30";"2025-12-01 14:32:30"
019adaf9-1cc9-73ab-8ce7-28a5691950be;"janelas de púlpito";otherTopic;VCAA;2219;NULL;"2025-12-01 14:32:30";"2025-12-01 14:32:30"
019adaf9-1d37-72c9-9f4c-b147cde4ce91;"janelas de rótula";otherTopic;VCAA;2213;NULL;"2025-12-01 14:32:30";"2025-12-01 14:32:30"
019adaf9-1da4-7365-a64e-5734f1ecfbaf;"janelas de uma folha";otherTopic;VCAA;2221;NULL;"2025-12-01 14:32:30";"2025-12-01 14:32:30"
019adaf9-1e12-715e-a583-2b55603d7cd6;"janelas em fita";otherTopic;VCAA;2222;NULL;"2025-12-01 14:32:30";"2025-12-01 14:32:30"
019adaf9-1e7f-704c-a5e1-fdeb95f5c237;"janelas pivotantes";otherTopic;VCAA;2225;NULL;"2025-12-01 14:32:30";"2025-12-01 14:32:30"
019adaf9-1eeb-71af-bd3f-8aa3582334b6;"janelas sineiras";otherTopic;VCAA;1085;NULL;"2025-12-01 14:32:30";"2025-12-01 14:32:30"
019adaf9-1f59-7013-a052-6b117f9ba4f4;"janelas verticais";otherTopic;VCAA;685;NULL;"2025-12-01 14:32:30";"2025-12-01 14:32:30"
019adaf9-1fc6-727e-8338-29d5fcffefb3;persianas;otherTopic;VCAA;896;NULL;"2025-12-01 14:32:31";"2025-12-01 14:32:31"
019adaf9-2032-7327-a35c-9144e845bb1a;venezianas;otherTopic;VCAA;2247;NULL;"2025-12-01 14:32:31";"2025-12-01 14:32:31"
019adaf9-2224-727c-94f6-608b47e8ab7a;"almofadas da porta";otherTopic;VCAA;72;NULL;"2025-12-01 14:32:31";"2025-12-01 14:32:31"
019adaf9-2294-7262-b757-43c1ac98dacc;batentes;otherTopic;VCAA;238;NULL;"2025-12-01 14:32:31";"2025-12-01 14:32:31"
019adaf9-2300-70a1-9609-2af57ec497b9;"porta janela";otherTopic;VCAA;962;NULL;"2025-12-01 14:32:31";"2025-12-01 14:32:31"
019adaf9-236d-71ff-ac30-b69ca271bf28;"porta sacada";otherTopic;VCAA;963;NULL;"2025-12-01 14:32:31";"2025-12-01 14:32:31"
019adaf9-23d9-7018-81a1-f1b23a281f60;"portas almofadadas";otherTopic;VCAA;955;NULL;"2025-12-01 14:32:32";"2025-12-01 14:32:32"
019adaf9-2446-730e-a5e4-fa04df54b197;"portas balcão";otherTopic;VCAA;2236;NULL;"2025-12-01 14:32:32";"2025-12-01 14:32:32"
019adaf9-24b3-7221-8803-fb77ce0af3d4;"portas de correr";otherTopic;VCAA;957;NULL;"2025-12-01 14:32:32";"2025-12-01 14:32:32"
019adaf9-2520-700d-b04d-7569dc5f4e3c;"portas de duas folhas";otherTopic;VCAA;958;NULL;"2025-12-01 14:32:32";"2025-12-01 14:32:32"
019adaf9-258c-738a-88b2-90322c4e6487;"portas de madeira";otherTopic;VCAA;959;NULL;"2025-12-01 14:32:32";"2025-12-01 14:32:32"
019adaf9-25f9-7288-86fc-6667a6166c79;"portas giratórias";otherTopic;VCAA;960;NULL;"2025-12-01 14:32:32";"2025-12-01 14:32:32"
019adaf9-2665-73ae-a3cc-35f37fdcac75;"portas pivotantes";otherTopic;VCAA;961;NULL;"2025-12-01 14:32:32";"2025-12-01 14:32:32"
019adaf9-26d2-71bc-a0b6-9ea165f9f3c3;postigo;otherTopic;VCAA;979;NULL;"2025-12-01 14:32:32";"2025-12-01 14:32:32"
019adaf9-273e-7220-ab5f-416e8c5af506;soleira;otherTopic;VCAA;205;NULL;"2025-12-01 14:32:32";"2025-12-01 14:32:32"
019adaf9-27ac-72c5-bbd3-84c3a5af7af3;umbral;otherTopic;VCAA;1190;NULL;"2025-12-01 14:32:33";"2025-12-01 14:32:33"
019adaf9-2956-72bc-b72e-18e48aefad63;"portões de correr";otherTopic;VCAA;968;NULL;"2025-12-01 14:32:33";"2025-12-01 14:32:33"
019adaf9-29cd-70b0-af91-90414f5571d5;"portões duas folhas";otherTopic;VCAA;969;NULL;"2025-12-01 14:32:33";"2025-12-01 14:32:33"
019adaf9-2b71-73ba-8079-0cb4acb5d673;"verga ornamental";otherTopic;VCAA;1206;NULL;"2025-12-01 14:32:34";"2025-12-01 14:32:34"
019adaf9-2d0f-716f-aa10-2f40a80d733f;"corpo de baile";otherTopic;VCAA;3820;NULL;"2025-12-01 14:32:34";"2025-12-01 14:32:34"
019adaf9-2e9f-71e9-b161-17f4e3908e4d;bunraku;otherTopic;VCAA;3223;NULL;"2025-12-01 14:32:34";"2025-12-01 14:32:34"
019adaf9-2f0f-7115-8e40-21989d632904;kabuki;otherTopic;VCAA;4369;NULL;"2025-12-01 14:32:34";"2025-12-01 14:32:34"
019adaf9-2f7d-710d-81a3-52f38667bd87;kagura;otherTopic;VCAA;4347;NULL;"2025-12-01 14:32:35";"2025-12-01 14:32:35"
019adaf9-2fe8-7122-b6ff-d18148e503e0;kyogen;otherTopic;VCAA;4348;NULL;"2025-12-01 14:32:35";"2025-12-01 14:32:35"
019adaf9-3056-7207-bff9-cd7c5612b925;saragaku;otherTopic;VCAA;5138;NULL;"2025-12-01 14:32:35";"2025-12-01 14:32:35"
019adaf9-30c4-7254-8551-e81f5f7a21d3;"teatro nô";otherTopic;VCAA;4514;NULL;"2025-12-01 14:32:35";"2025-12-01 14:32:35"
019adaf9-3264-738d-9ed1-596b4bbb2f24;"cerâmica ática de figuras negras";otherTopic;VCAA;7144;NULL;"2025-12-01 14:32:35";"2025-12-01 14:32:35"
019adaf9-32d8-7387-97d9-1b9e8871b8b2;"cerâmica ática de figuras vermelhas";otherTopic;VCAA;7145;NULL;"2025-12-01 14:32:35";"2025-12-01 14:32:35"
019adaf9-3470-732c-9f32-8bf25ff5954e;"ânforas gregas";otherTopic;VCAA;2652;NULL;"2025-12-01 14:32:36";"2025-12-01 14:32:36"
019adaf9-3600-70e8-a1ae-a06b1e6b1714;"lécitos de figuras negras";otherTopic;VCAA;4375;NULL;"2025-12-01 14:32:36";"2025-12-01 14:32:36"
019adaf9-3799-73ca-9660-cd9a3112ae06;"vasos gregos de estilo coríntio";otherTopic;VCAA;4991;NULL;"2025-12-01 14:32:37";"2025-12-01 14:32:37"
019adaf9-3811-7055-abab-97926477a763;"vasos gregos de estilo geométrico";otherTopic;VCAA;5221;NULL;"2025-12-01 14:32:37";"2025-12-01 14:32:37"
019adaf9-3880-7395-98b3-a859e5a90fd6;"vasos gregos de estilo jônico";otherTopic;VCAA;4992;NULL;"2025-12-01 14:32:37";"2025-12-01 14:32:37"
019adaf9-38f0-7382-95d2-cd9763b0ec96;"vasos gregos de estilo orientalizante";otherTopic;VCAA;7136;NULL;"2025-12-01 14:32:37";"2025-12-01 14:32:37"
019adaf9-395e-71c6-8890-89116f17e421;"vasos gregos de figuras negras";otherTopic;VCAA;4993;NULL;"2025-12-01 14:32:37";"2025-12-01 14:32:37"
019adaf9-39cb-7102-8e13-618b88787552;"vasos gregos de figuras vermelhas";otherTopic;VCAA;7138;NULL;"2025-12-01 14:32:37";"2025-12-01 14:32:37"
019adaf9-3a38-7272-b624-fbf3843dbc90;"vasos gregos policromos";otherTopic;VCAA;7139;NULL;"2025-12-01 14:32:37";"2025-12-01 14:32:37"
019adaf9-3c07-7186-83cb-c1b558c65063;"acessórios para vestuário";otherTopic;VCAA;2577;NULL;"2025-12-01 14:32:38";"2025-12-01 14:32:38"
019adaf9-3db3-70dc-b69d-2a89fb63d006;"nova ingenuidade";otherTopic;VCAA;4712;NULL;"2025-12-01 14:32:38";"2025-12-01 14:32:38"
019adaf9-3f44-7089-99ea-819f53d07b17;"escultura criselefantina";otherTopic;VCAA;4008;NULL;"2025-12-01 14:32:39";"2025-12-01 14:32:39"
019adaf9-40f3-72cb-aa63-8df667b7d58b;"Esculturas Achanti";otherTopic;VCAA;3673;NULL;"2025-12-01 14:32:39";"2025-12-01 14:32:39"
019adaf9-42a7-7251-8666-3b98e0053b15;autorretratos;otherTopic;VCAA;3529;NULL;"2025-12-01 14:32:39";"2025-12-01 14:32:39"
019adaf9-4444-7172-ad51-3d10ad8de2d3;"altares laterais";otherTopic;VCAA;2142;NULL;"2025-12-01 14:32:40";"2025-12-01 14:32:40"
019adaf9-44b5-7301-a65e-73324a00a01c;altares-mor;otherTopic;VCAA;2143;NULL;"2025-12-01 14:32:40";"2025-12-01 14:32:40"
019adaf9-4651-715a-8d6d-a09db7ccc683;"abóbadas abatidas";otherTopic;VCAA;55;NULL;"2025-12-01 14:32:40";"2025-12-01 14:32:40"
019adaf9-46c7-73a4-a6dc-d78f10357182;"abóbadas alteadas";otherTopic;VCAA;2867;NULL;"2025-12-01 14:32:41";"2025-12-01 14:32:41"
019adaf9-4735-70fc-9a8b-db7abe2e581c;"abóbadas de asa cesto";otherTopic;VCAA;2868;NULL;"2025-12-01 14:32:41";"2025-12-01 14:32:41"
019adaf9-47a1-7310-8179-b196b4a295b9;"abóbadas de ogiva";otherTopic;VCAA;2864;NULL;"2025-12-01 14:32:41";"2025-12-01 14:32:41"
019adaf9-480d-7398-8ba1-a4b6ece7c8c0;"abóbadas de plena volta";otherTopic;VCAA;2869;NULL;"2025-12-01 14:32:41";"2025-12-01 14:32:41"
019adaf9-49a9-70ae-bbcc-281bec242d9e;"cúpula geodésica";otherTopic;VCAA;429;NULL;"2025-12-01 14:32:41";"2025-12-01 14:32:41"
019adaf9-4a1d-724f-b9e4-783a684bd0a5;"cúpula plissada";otherTopic;VCAA;1962;NULL;"2025-12-01 14:32:41";"2025-12-01 14:32:41"
019adaf9-4bba-7057-9358-094712b7a522;"lajes aparente";otherTopic;VCAA;701;NULL;"2025-12-01 14:32:42";"2025-12-01 14:32:42"
019adaf9-4c30-735a-891e-fb4b7f6bf014;"lajes de concreto";otherTopic;VCAA;6109;NULL;"2025-12-01 14:32:42";"2025-12-01 14:32:42"
019adaf9-4c9e-73fb-a56f-c152ad483c40;"lajes de reforço";otherTopic;VCAA;6112;NULL;"2025-12-01 14:32:42";"2025-12-01 14:32:42"
019adaf9-4d0d-724c-aed4-ad7e18dd5a7e;"lajes inundadas";otherTopic;VCAA;702;NULL;"2025-12-01 14:32:42";"2025-12-01 14:32:42"
019adaf9-4d7a-7105-8421-2b7fefe788dc;"lajes jardim";otherTopic;VCAA;703;NULL;"2025-12-01 14:32:42";"2025-12-01 14:32:42"
019adaf9-4de6-727b-b393-ad0b541d1987;"lajes nervuradas";otherTopic;VCAA;704;NULL;"2025-12-01 14:32:42";"2025-12-01 14:32:42"
019adaf9-4e53-7214-a04f-4a7b40b7feb0;"lajes planas";otherTopic;VCAA;705;NULL;"2025-12-01 14:32:42";"2025-12-01 14:32:42"
019adaf9-4ec0-71dd-9bcd-a86274b56b9a;"lajes protendidas";otherTopic;VCAA;706;NULL;"2025-12-01 14:32:43";"2025-12-01 14:32:43"
019adaf9-507c-73f9-9df2-32147f096d5b;"treliças espacial";otherTopic;VCAA;1179;NULL;"2025-12-01 14:32:43";"2025-12-01 14:32:43"
019adaf9-50f3-72ab-9311-a3ff415e85c3;"treliças metálica";otherTopic;VCAA;1180;NULL;"2025-12-01 14:32:43";"2025-12-01 14:32:43"
019adaf9-528c-71cf-a664-6ad386947718;"frontão abatido";otherTopic;VCAA;6623;NULL;"2025-12-01 14:32:44";"2025-12-01 14:32:44"
019adaf9-52f9-729a-b019-c3a967d141f6;"frontão aberto";otherTopic;VCAA;592;NULL;"2025-12-01 14:32:44";"2025-12-01 14:32:44"
019adaf9-5366-70dc-b632-e6cf7f00ad28;"frontão de cartela";otherTopic;VCAA;6625;NULL;"2025-12-01 14:32:44";"2025-12-01 14:32:44"
019adaf9-53d1-7262-a6db-d1c04a9690b5;"frontão duplo";otherTopic;VCAA;6626;NULL;"2025-12-01 14:32:44";"2025-12-01 14:32:44"
019adaf9-543f-72cf-b2bf-a828e5d25284;"frontão fracionado";otherTopic;VCAA;597;NULL;"2025-12-01 14:32:44";"2025-12-01 14:32:44"
019adaf9-54ad-7235-a62c-a67ed7a1a93e;"frontão ondulado";otherTopic;VCAA;595;NULL;"2025-12-01 14:32:44";"2025-12-01 14:32:44"
019adaf9-551b-7006-ab79-658cf05869a9;"frontão redondo";otherTopic;VCAA;599;NULL;"2025-12-01 14:32:44";"2025-12-01 14:32:44"
019adaf9-5588-737d-a759-28fdee0ca09f;"frontão retilínio";otherTopic;VCAA;6628;NULL;"2025-12-01 14:32:44";"2025-12-01 14:32:44"
019adaf9-5716-7106-884c-1cde676b2e2b;cornijas;otherTopic;VCAA;411;NULL;"2025-12-01 14:32:45";"2025-12-01 14:32:45"
019adaf9-5789-7319-98c7-098754d4ab3f;"entablamentos interrompidos";otherTopic;VCAA;1985;NULL;"2025-12-01 14:32:45";"2025-12-01 14:32:45"
019adaf9-57f6-71f6-a0eb-a6bef94dd611;"entablamentos janela";otherTopic;VCAA;1986;NULL;"2025-12-01 14:32:45";"2025-12-01 14:32:45"
019adaf9-5863-7281-9530-b478e3280757;frisos;otherTopic;VCAA;590;NULL;"2025-12-01 14:32:45";"2025-12-01 14:32:45"
019adaf9-5a0d-70c3-a736-7d418dd78ad8;arcadas;otherTopic;VCAA;2535;NULL;"2025-12-01 14:32:45";"2025-12-01 14:32:45"
019adaf9-5a82-72d9-8661-94a281ab08c0;"arcos abatidos";otherTopic;VCAA;1714;NULL;"2025-12-01 14:32:46";"2025-12-01 14:32:46"
019adaf9-5aef-7072-b002-c13b073462b0;"arcos alteados";otherTopic;VCAA;7520;NULL;"2025-12-01 14:32:46";"2025-12-01 14:32:46"
019adaf9-5b5e-72ef-90e8-c4eabfd85310;"arcos angrelados";otherTopic;VCAA;1715;NULL;"2025-12-01 14:32:46";"2025-12-01 14:32:46"
019adaf9-5bcb-700e-b33c-cccb74f5ce1d;"arcos aviajados";otherTopic;VCAA;7595;NULL;"2025-12-01 14:32:46";"2025-12-01 14:32:46"
019adaf9-5c38-7326-8717-2fdb0e29b667;"arcos bizantinos";otherTopic;VCAA;1716;NULL;"2025-12-01 14:32:46";"2025-12-01 14:32:46"
019adaf9-5ca4-73d4-b740-338f248115e8;"arcos cegos";otherTopic;VCAA;5674;NULL;"2025-12-01 14:32:46";"2025-12-01 14:32:46"
019adaf9-5d12-7374-b9f9-621851be03c7;"arcos cheios";otherTopic;VCAA;7522;NULL;"2025-12-01 14:32:46";"2025-12-01 14:32:46"
019adaf9-5d80-7361-abad-79a9e7d5020a;"arcos conopiais";otherTopic;VCAA;5677;NULL;"2025-12-01 14:32:46";"2025-12-01 14:32:46"
019adaf9-5ded-72b9-8db7-5b49ec814676;"arcos cruzeiros";otherTopic;VCAA;7523;NULL;"2025-12-01 14:32:46";"2025-12-01 14:32:46"
019adaf9-5e59-7373-be15-1c2edb40691d;"arcos de ângulo reto";otherTopic;VCAA;1717;NULL;"2025-12-01 14:32:47";"2025-12-01 14:32:47"
019adaf9-5ec5-72f1-b4d0-9fa9b941fe13;"arcos de descarga";otherTopic;VCAA;7524;NULL;"2025-12-01 14:32:47";"2025-12-01 14:32:47"
019adaf9-5f33-70d2-a38a-bf7f3ec3aad9;"arcos de ferradura";otherTopic;VCAA;1720;NULL;"2025-12-01 14:32:47";"2025-12-01 14:32:47"
019adaf9-5fa1-7192-a1f7-719135b74306;"arcos de lanceta";otherTopic;VCAA;7527;NULL;"2025-12-01 14:32:47";"2025-12-01 14:32:47"
019adaf9-6010-73f1-b14a-4f7d3d1780e5;"arcos de quatro centros";otherTopic;VCAA;7525;NULL;"2025-12-01 14:32:47";"2025-12-01 14:32:47"
019adaf9-607e-71ef-b5f7-9b76e42c6465;"arcos de três centros";otherTopic;VCAA;83;NULL;"2025-12-01 14:32:47";"2025-12-01 14:32:47"
019adaf9-60ea-7371-be02-358c78eba9e6;"arcos em asa de cesto";otherTopic;VCAA;5680;NULL;"2025-12-01 14:32:47";"2025-12-01 14:32:47"
019adaf9-6158-73e4-90eb-a993e47410c9;"arcos formalotes";otherTopic;VCAA;7526;NULL;"2025-12-01 14:32:47";"2025-12-01 14:32:47"
019adaf9-61c5-71d0-afb4-50ae5efab529;"arcos ogivais";otherTopic;VCAA;2536;NULL;"2025-12-01 14:32:47";"2025-12-01 14:32:47"
019adaf9-6232-738b-8e00-9d78d8dbcab8;"arcos partidos";otherTopic;VCAA;7597;NULL;"2025-12-01 14:32:48";"2025-12-01 14:32:48"
019adaf9-629e-7120-8db9-aaf9ca3cb34e;"arcos plenos";otherTopic;VCAA;1732;NULL;"2025-12-01 14:32:48";"2025-12-01 14:32:48"
019adaf9-630d-72e0-b4ea-20d977a63bbd;"arcos pontiagudos";otherTopic;VCAA;7598;NULL;"2025-12-01 14:32:48";"2025-12-01 14:32:48"
019adaf9-6379-7050-baba-545b34f16197;"arcos sino";otherTopic;VCAA;5683;NULL;"2025-12-01 14:32:48";"2025-12-01 14:32:48"
019adaf9-63e7-711b-8cd3-df146dc40036;"arcos trilobados";otherTopic;VCAA;7601;NULL;"2025-12-01 14:32:48";"2025-12-01 14:32:48"
019adaf9-6453-70aa-b4c9-0cf4666651f5;"arcos tudor";otherTopic;VCAA;148;NULL;"2025-12-01 14:32:48";"2025-12-01 14:32:48"
019adaf9-64c1-736a-ab53-d2009dc9d664;catenárias;otherTopic;VCAA;2537;NULL;"2025-12-01 14:32:48";"2025-12-01 14:32:48"
019adaf9-652f-724b-9b80-806500665015;cunhas;otherTopic;VCAA;426;NULL;"2025-12-01 14:32:48";"2025-12-01 14:32:48"
019adaf9-67b6-720a-991b-de3458b8ebc9;"armaduras metálicas";otherTopic;VCAA;2033;NULL;"2025-12-01 14:32:49";"2025-12-01 14:32:49"
019adaf9-694f-723a-aaae-684728fe6de5;cobogó;otherTopic;VCAA;374;NULL;"2025-12-01 14:32:49";"2025-12-01 14:32:49"
019adaf9-6ae7-70fc-b907-c11f376d6bb5;"taipa de mão";otherTopic;VCAA;1102;NULL;"2025-12-01 14:32:50";"2025-12-01 14:32:50"
019adaf9-6b53-7119-861c-9b7f777f253e;"taipa de pilão";otherTopic;VCAA;1103;NULL;"2025-12-01 14:32:50";"2025-12-01 14:32:50"
019adaf9-6d34-73d2-9fa6-744f4929e670;degraus;otherTopic;VCAA;435;NULL;"2025-12-01 14:32:50";"2025-12-01 14:32:50"
019adaf9-6da6-72f2-8cda-133d63c890a8;escadarias;otherTopic;VCAA;2016;NULL;"2025-12-01 14:32:50";"2025-12-01 14:32:50"
019adaf9-6e14-7316-baa7-db62ca43ac40;"escadas caracol";otherTopic;VCAA;495;NULL;"2025-12-01 14:32:51";"2025-12-01 14:32:51"
019adaf9-6e81-7070-975d-904a63bfa376;"escadas de emergência";otherTopic;VCAA;2007;NULL;"2025-12-01 14:32:51";"2025-12-01 14:32:51"
019adaf9-6eec-71e8-b1d8-4e2280fed4cd;"escadas de mão";otherTopic;VCAA;2009;NULL;"2025-12-01 14:32:51";"2025-12-01 14:32:51"
019adaf9-6f5b-7060-98b9-2843f6a56f9a;"escadas de socorro";otherTopic;VCAA;2011;NULL;"2025-12-01 14:32:51";"2025-12-01 14:32:51"
019adaf9-6fc8-721b-9f04-c79946ed451d;"escadas helicoidais";otherTopic;VCAA;2012;NULL;"2025-12-01 14:32:51";"2025-12-01 14:32:51"
019adaf9-7035-7013-9426-c46a01757ea3;"escadas rolantes";otherTopic;VCAA;2013;NULL;"2025-12-01 14:32:51";"2025-12-01 14:32:51"
019adaf9-70a2-7164-a44b-dfd582ebe75e;"escadas torcidas";otherTopic;VCAA;2015;NULL;"2025-12-01 14:32:51";"2025-12-01 14:32:51"
019adaf9-710f-72a7-8d8a-19a932b52eb9;patamar;otherTopic;VCAA;868;NULL;"2025-12-01 14:32:51";"2025-12-01 14:32:51"
019adaf9-72c9-70b4-92f6-7473c3e4ac9d;"brise metálico";otherTopic;VCAA;4819;NULL;"2025-12-01 14:32:52";"2025-12-01 14:32:52"
019adaf9-747d-7187-8d1e-c05ba16c6302;"veneziana basculante";otherTopic;VCAA;2248;NULL;"2025-12-01 14:32:52";"2025-12-01 14:32:52"
019adaf9-7638-7165-9a66-e7f70e248864;"vasos de kertscher";otherTopic;VCAA;4990;NULL;"2025-12-01 14:32:53";"2025-12-01 14:32:53"
019adaf9-77e0-7337-9afd-88ee8f3e680a;"jardins no telhado";otherTopic;VCAA;6960;NULL;"2025-12-01 14:32:53";"2025-12-01 14:32:53"
019adaf9-797a-72d1-b1b3-35b209b49bd1;"arcadas cegas";otherTopic;VCAA;5667;NULL;"2025-12-01 14:32:54";"2025-12-01 14:32:54"
019adaf9-79ec-71a6-a1b2-42dfb19b7edd;"arcadas entrelaçadas";otherTopic;VCAA;5670;NULL;"2025-12-01 14:32:54";"2025-12-01 14:32:54"
019adaf9-7b80-72fb-94d4-ec321a58e1f6;"espelho do degrau";otherTopic;VCAA;4810;NULL;"2025-12-01 14:32:54";"2025-12-01 14:32:54"
019adaf9-7d35-731d-95ae-7c253324d943;pião;otherTopic;VCAA;899;NULL;"2025-12-01 14:32:54";"2025-12-01 14:32:54"
